gene,mode,T,processing_mean,decay_mean,peak_fraction,dt,mass_relative_error_I,mass_relative_error_E,tail_fraction_I,tail_fraction_E,I_peak,I_flat_peak_width,I_rise_40,I_fall_40,I_upcrossings_40,I_downcrossings_40,I_rise_50,I_fall_50,I_upcrossings_50,I_downcrossings_50,I_rise_60,I_fall_60,I_upcrossings_60,I_downcrossings_60,E_peak,E_flat_peak_width,E_rise_40,E_fall_40,E_upcrossings_40,E_downcrossings_40,E_rise_50,E_fall_50,E_upcrossings_50,E_downcrossings_50,E_rise_60,E_fall_60,E_upcrossings_60,E_downcrossings_60,peak_offset,rise_40_offset,rise_40_class,rise_50_offset,rise_50_class,rise_60_offset,rise_60_class,fall_40_offset,fall_40_class,fall_50_offset,fall_50_class,fall_60_offset,fall_60_class,valid
geometry_independent,collapsed,0.0,0.01,0.01,0.25,0.001,6.14421235382856e-06,4.300948647766728e-05,7.100142710596267e-13,4.6017234597659216e-12,0.2703256183252847,0.0,0.11868590084057465,0.6834678208730234,1,1,0.13481076745713738,0.6354335566762931,1,1,0.15092939058925353,0.5874170678405528,1,1,0.27836999821866276,0.0,0.12346383394457795,0.6887021103163924,1,1,0.13966820046930428,0.640684343606199,1,1,0.1558625006189955,0.5926951948864818,1,1,0.008044379893378084,0.004777933104003304,small,0.004857433012166901,small,0.004933110029741977,small,0.005234289443369011,small,0.005250786929905882,small,0.005278127045929004,small,True
geometry_independent,collapsed,0.0,0.01,0.01,0.5,0.001,6.144212354869394e-06,4.300948648339187e-05,1.5961936903946454e-12,1.0341809859795387e-11,0.5099945341698355,0.0,0.22775541239602376,0.792233652232869,1,1,0.2598378720219469,0.7601511962436592,1,1,0.29191378967974235,0.728075284435015,1,1,0.5149749946811818,0.0,0.23259228168036142,0.7973577000495192,1,1,0.2647011596893071,0.7652488294498103,1,1,0.2967986525680545,0.733151357189615,1,1,0.004980460511346263,0.004836869284337658,small,0.004863287667360161,small,0.004884862888312136,small,0.005124047816650212,small,0.0050976332061510865,small,0.005076072754599981,small,True
geometry_independent,collapsed,0.0,0.01,0.01,0.75,0.001,6.14421235972662e-06,4.300948651444342e-05,6.381857088319897e-12,4.134554839441295e-11,0.7540900101834314,0.0,0.33675926580650667,0.9011503439931835,1,1,0.38484366434435396,0.8850087729415137,1,1,0.43292149183637313,0.8688694423657635,1,1,0.7565728576586328,0.0,0.341601260762569,0.9062318632898588,1,1,0.38969226397250123,0.8900029343475416,1,1,0.43777101881702807,0.8737782432849737,1,1,0.002482847475201444,0.0048419949560623565,small,0.004848599628147265,small,0.004849526980654939,small,0.00508151929667533,small,0.0049941614060279305,small,0.004908800919210199,small,True
geometry_independent,collapsed,0.0,0.01,0.03,0.25,0.001,1.734723475976807e-16,6.912238897753553e-06,1.2358173638567652e-16,2.610452553225973e-13,0.2703276947831253,0.0,0.11868613979947153,0.6834690505038071,1,1,0.13481105678315392,0.635434858188158,1,1,0.15092972741587649,0.587418465591007,1,1,0.3120613139252049,0.0,0.13798677576258067,0.708896494885532,1,1,0.15489210946065096,0.6611106712614444,1,1,0.17176228756231496,0.613477912487037,1,1,0.041733619142079625,0.019300635963109145,intron_lead,0.020081052677497047,intron_lead,0.020832560146438472,intron_lead,0.02542744438172484,intron_lead,0.02567581307328637,intron_lead,0.026059446896030014,intron_lead,True
geometry_independent,collapsed,0.0,0.01,0.03,0.5,0.001,1.734723475976807e-16,6.912238897753553e-06,1.8521928347052271e-16,5.833509684540996e-13,0.5099952035767822,0.0,0.22775591931764125,0.7922344845816921,1,1,0.25983840866250935,0.7601519984260596,1,1,0.2919143504100482,0.7280760618099816,1,1,0.532145716706262,0.0,0.24829697602862233,0.8159955132840564,1,1,0.2806757988060977,0.7836159086030713,1,1,0.3129933836421191,0.7512979665309458,1,1,0.0221505131294798,0.02054105671098108,intron_lead,0.020837390143588375,intron_lead,0.021079033232070887,intron_lead,0.023761028702364295,intron_lead,0.02346391017701166,intron_lead,0.023221904720964193,intron_lead,True
geometry_independent,collapsed,0.0,0.01,0.03,0.75,0.001,1.734723475976807e-16,6.912238899835221e-06,1.234398507895551e-16,2.327098029976833e-12,0.7540902134851496,0.0,0.3367598541832615,0.9011509546750652,1,1,0.38484427140095495,0.8850092961443126,1,1,0.4329221133654966,0.8688698855284381,1,1,0.7638217571903038,0.0,0.35762258241963146,0.9238366315695534,1,1,0.4058165972472425,0.9067571192183108,1,1,0.4539474349195709,0.8897244526528179,1,1,0.009731543705154166,0.020862728236369976,intron_lead,0.020972325846287554,intron_lead,0.021025321554074328,intron_lead,0.022685676894488194,intron_lead,0.02174782307399825,intron_lead,0.02085456712437972,intron_lead,True
geometry_independent,collapsed,0.0,0.01,0.1,0.25,0.001,0.0,6.144521635311559e-06,0.0,7.594755076723974e-14,0.27032769478313934,0.0,0.11868613979947153,0.6834690505038072,1,1,0.13481105678315392,0.6354348581881581,1,1,0.15092972741587646,0.5874184655910071,1,1,0.4106683824133457,0.0,0.17429435227961593,0.7953688130138131,1,1,0.19487412576916355,0.7476720742758961,1,1,0.21574549819043204,0.7008513426617298,1,1,0.14034068763020635,0.0556082124801444,intron_lead,0.06006306898600963,intron_lead,0.06481577077455558,intron_lead,0.11189976251000588,intron_lead,0.11223721608773796,intron_lead,0.11343287707072269,intron_lead,True
geometry_independent,collapsed,0.0,0.01,0.1,0.5,0.001,1.734723475976807e-16,6.14452163543772e-06,0.0,1.6512920350161352e-13,0.5099952035767765,0.0,0.22775591931764128,0.7922344845816921,1,1,0.25983840866250935,0.7601519984260597,1,1,0.2919143504100482,0.7280760618099816,1,1,0.5904230562300993,0.0,0.29316058682469615,0.8902156538764144,1,1,0.32769582346376974,0.8547093680093713,1,1,0.36189178744624423,0.8199266079910449,1,1,0.08042785265332275,0.06540466750705487,intron_lead,0.0678574148012604,intron_lead,0.06997743703619602,intron_lead,0.09798116929472234,intron_lead,0.09455736958331151,intron_lead,0.09185054618106325,intron_lead,True
geometry_independent,collapsed,0.0,0.01,0.1,0.75,0.001,0.0,6.144521635816206e-06,7.900150450531526e-17,6.468671237562203e-13,0.7540902134851477,0.0,0.33675985418326143,0.9011509546750653,1,1,0.384844271400955,0.8850092961443127,1,1,0.43292211336549663,0.8688698855284381,1,1,0.7893324485010602,0.0,0.40677666846422805,0.9860675029772566,1,1,0.456047803275644,0.9620638477995415,1,1,0.504798309006231,0.9396563827622306,1,1,0.035242235015912504,0.07001681428096662,intron_lead,0.07120353187468897,intron_lead,0.07187619564073439,intron_lead,0.08491654830219131,intron_lead,0.07705455165522879,intron_lead,0.07078649723379249,intron_lead,True
geometry_independent,collapsed,0.0,0.01,0.3,0.25,0.001,3.469446951953614e-16,6.151046850003206e-06,3.30741866466077e-17,3.421543794595592e-14,0.27032769478313334,0.0,0.11868613979947151,0.6834690505038072,1,1,0.13481105678315392,0.6354348581881581,1,1,0.15092972741587646,0.587418465591007,1,1,0.548726676756062,0.0,0.2213809391655813,1.015006834001888,1,1,0.24987533890555438,0.9473705029658805,1,1,0.2808862100330823,0.8876351130118767,1,1,0.27839898197292867,0.10269479936610978,intron_lead,0.11506428212240047,intron_lead,0.12995648261720583,intron_lead,0.33153778349808083,intron_lead,0.3119356447777224,intron_lead,0.30021664742086973,intron_lead,True
geometry_independent,collapsed,0.0,0.01,0.3,0.5,0.001,1.734723475976807e-16,6.151046850003206e-06,0.0,7.287690912746328e-14,0.5099952035767765,0.0,0.22775591931764128,0.7922344845816922,1,1,0.25983840866250935,0.7601519984260597,1,1,0.2919143504100482,0.7280760618099817,1,1,0.6869678689408732,0.0,0.35143832440167044,1.091656530704473,1,1,0.39063537626380035,1.0247132706150537,1,1,0.42926406753722335,0.969779867356856,1,1,0.17697266536409673,0.12368240508402917,intron_lead,0.130796967601291,intron_lead,0.13734971712717514,intron_lead,0.2994220461227808,intron_lead,0.26456127218899395,intron_lead,0.2417038055468742,intron_lead,True
geometry_independent,collapsed,0.0,0.01,0.3,0.75,0.001,1.734723475976807e-16,6.151046850182274e-06,0.0,2.788650245462524e-13,0.7540902134851467,0.0,0.3367598541832615,0.9011509546750652,1,1,0.38484427140095495,0.8850092961443127,1,1,0.4329221133654965,0.8688698855284381,1,1,0.8378388410788012,0.0,0.47330678187671543,1.1783325420725739,1,1,0.525125558241408,1.1113895030024752,1,1,0.5753454851317655,1.0566929740475437,1,1,0.08374862759365453,0.13654692769345395,intron_lead,0.1402812868404531,intron_lead,0.142423371766269,intron_lead,0.27718158739750864,intron_lead,0.2263802068581625,intron_lead,0.18782308851910556,intron_lead,True
geometry_independent,collapsed,0.0,0.01,1.0,0.25,0.001,6.938893903907228e-16,6.144826835922068e-06,5.037542215546943e-17,1.997392507685628e-14,0.2703276947831232,0.0,0.11868613979947151,0.6834690505038072,1,1,0.13481105678315394,0.6354348581881581,1,1,0.15092972741587646,0.587418465591007,1,1,0.704289083752632,0.0,0.27147063217000056,1.727039597228068,1,1,0.31160995419649873,1.5038960734802453,1,1,0.3546304288027482,1.32157459233516,1,1,0.4339613889695088,0.15278449237052905,intron_lead,0.17679889741334479,intron_lead,0.20370070138687174,intron_lead,1.0435705467242609,intron_lead,0.8684612152920872,intron_lead,0.7341561267441531,intron_lead,True
geometry_independent,collapsed,0.0,0.01,1.0,0.5,0.001,6.938893903907228e-16,6.144826835922068e-06,2.6928856415625282e-17,4.31585095022945e-14,0.5099952035767764,0.0,0.22775591931764125,0.7922344845816922,1,1,0.2598384086625093,0.7601519984260597,1,1,0.29191435041004815,0.7280760618099817,1,1,0.7982994983849792,0.0,0.4038156724302345,1.7868548005630829,1,1,0.4483644996032531,1.5637112898686691,1,1,0.4924063702800785,1.3813897492956038,1,1,0.28830429480820274,0.17605975311259323,intron_lead,0.1885260909407438,intron_lead,0.20049201987003035,intron_lead,0.9946203159813907,intron_lead,0.8035592914426094,intron_lead,0.653313687485622,intron_lead,True
geometry_independent,collapsed,0.0,0.01,1.0,0.75,0.001,5.204170427930421e-16,6.144826835922068e-06,3.31829716377254e-17,1.6632826859676496e-13,0.7540902134851456,0.0,0.33675985418326143,0.9011509546750653,1,1,0.38484427140095495,0.8850092961443127,1,1,0.4329221133654966,0.8688698855284381,1,1,0.8968857457365973,0.0,0.5270605275912719,1.8499524290116174,1,1,0.5810319984416585,1.6268089323329018,1,1,0.6323363087551843,1.4444874231624825,1,1,0.1427955322514517,0.19030067340801043,intron_lead,0.19618772704070359,intron_lead,0.19941419538968774,intron_lead,0.948801474336552,intron_lead,0.7417996361885891,intron_lead,0.5756175376340443,intron_lead,True
geometry_independent,collapsed,0.0,0.01,3.0,0.25,0.001,8.673617379884035e-16,6.144280623158626e-06,4.8616924786496356e-17,1.5913188889003224e-14,0.27032769478312835,0.0,0.11868613979947153,0.6834690505038072,1,1,0.13481105678315394,0.6354348581881581,1,1,0.15092972741587649,0.587418465591007,1,1,0.8153418687569696,0.0010000000000000009,0.30156816440962503,3.62735527485118,1,1,0.3484500288919235,2.957924594355041,1,1,0.39835250620576934,2.4109599187652524,1,1,0.5450141739738412,0.18288202461015352,intron_lead,0.21363897210876956,intron_lead,0.24742277878989286,intron_lead,2.9438862243473727,intron_lead,2.322489736166883,intron_lead,1.8235414531742453,intron_lead,True
geometry_independent,collapsed,0.0,0.01,3.0,0.5,0.001,8.673617379884035e-16,6.144280623011088e-06,1.1323523917962973e-17,3.491431320974727e-14,0.5099952035767764,0.0,0.22775591931764125,0.7922344845816922,1,1,0.2598384086625093,0.7601519984260597,1,1,0.2919143504100482,0.7280760618099817,1,1,0.8755745460559228,0.0010000000000000009,0.4304009783647375,3.6669473065537272,1,1,0.4781624849108214,2.9975166859112132,1,1,0.5256198816706861,2.450552015125146,1,1,0.36557934247914636,0.20264505904709626,intron_lead,0.21832407624831213,intron_lead,0.23370553126063787,intron_lead,2.874712821972035,intron_lead,2.2373646874851536,intron_lead,1.7224759533151643,intron_lead,True
geometry_independent,collapsed,0.0,0.01,3.0,0.75,0.001,8.673617379884035e-16,6.144280623011088e-06,2.911397125222847e-17,1.3643408028014983e-13,0.7540902134851422,0.0,0.3367598541832615,0.9011509546750652,1,1,0.38484427140095506,0.8850092961443127,1,1,0.4329221133654966,0.8688698855284381,1,1,0.9371351339139394,0.0,0.5508070446454341,3.7074638892186047,1,1,0.6058017475638652,3.0380331991759157,1,1,0.6576643399018178,2.4910685340836163,1,1,0.18304492042879728,0.21404719046217258,intron_lead,0.22095747616291012,intron_lead,0.22474222653632125,intron_lead,2.8063129345435396,intron_lead,2.153023903031603,intron_lead,1.622198648555178,intron_lead,True
geometry_independent,collapsed,0.0,0.03,0.01,0.25,0.001,6.144212353365967e-06,6.912238897753553e-06,2.319892884958344e-13,2.610452553225973e-13,0.3090543257427412,0.0,0.1356072380269893,0.7062917422226359,1,1,0.15246321653222691,0.6585047898010274,1,1,0.16928492130679024,0.610866544067149,1,1,0.3120613139252049,0.0,0.13798677576258067,0.708896494885532,1,1,0.15489210946065096,0.6611106712614444,1,1,0.17176228756231496,0.613477912487037,1,1,0.003006988182463699,0.0023795377355913805,small,0.002428892928424048,small,0.002477366255524721,small,0.0026047526628960593,small,0.002605881460416959,small,0.0026113684198879605,small,True
geometry_independent,collapsed,0.0,0.03,0.01,0.5,0.001,6.144212353597264e-06,6.912238897753553e-06,5.183962261998941e-13,5.833509684540996e-13,0.5296541065546501,0.0,0.24589085294226376,0.8134186260207859,1,1,0.2782537395960569,0.7810547432189945,1,1,0.3105585609510542,0.7487497293297379,1,1,0.532145716706262,0.0,0.24829697602862233,0.8159955132840564,1,1,0.2806757988060977,0.7836159086030713,1,1,0.3129933836421191,0.7512979665309458,1,1,0.0024916101516119227,0.002406123086358569,small,0.0024220592100407945,small,0.002434822691064875,small,0.002576887263270544,small,0.0025611653840768023,small,0.0025482372012078924,small,True
geometry_independent,collapsed,0.0,0.03,0.01,0.75,0.001,6.144212355331987e-06,6.912238899835221e-06,2.0677967396402582e-12,2.327098029976833e-12,0.7622310441212434,0.0,0.35523244873863663,0.9212746764358443,1,1,0.40342695204590706,0.904246726239811,1,1,0.45156277293121516,0.8872628269051612,1,1,0.7638217571903038,0.0,0.35762258241963146,0.9238366315695534,1,1,0.4058165972472425,0.9067571192183108,1,1,0.4539474349195709,0.8897244526528179,1,1,0.0015907130690603344,0.0023901336809948326,small,0.002389645201335444,small,0.0023846619883557407,small,0.0025619551337091595,small,0.0025103929784998646,small,0.002461625747656626,small,True
geometry_independent,collapsed,0.0,0.03,0.03,0.25,0.001,6.144212353365967e-06,4.30094864748339e-05,2.319892884958344e-13,1.5194219576383509e-12,0.3090543257427412,0.0,0.1356072380269893,0.7062917422226359,1,1,0.15246321653222691,0.6585047898010274,1,1,0.16928492130679024,0.610866544067149,1,1,0.33203112783243544,0.0,0.1481122096283367,0.7232326590394584,1,1,0.1655948245901104,0.6755534504522273,1,1,0.18303878452766026,0.6281106238203765,1,1,0.022976802089694215,0.01250497160134742,intron_lead,0.013131608057883493,intron_lead,0.013753863220870022,intron_lead,0.016940916816822527,intron_lead,0.01704866065119981,intron_lead,0.017244079753227504,intron_lead,True
geometry_independent,collapsed,0.0,0.03,0.03,0.5,0.001,6.144212353597264e-06,4.300948647679992e-05,5.183962261998941e-13,3.386656228766307e-12,0.5296541065546501,0.0,0.24589085294226376,0.8134186260207859,1,1,0.2782537395960569,0.7810547432189945,1,1,0.3105585609510542,0.7487497293297379,1,1,0.5443440541875294,0.0,0.25928388083415,0.8294081970197467,1,1,0.2918863762063762,0.7968025674935485,1,1,0.3243865616333495,0.7643016535597088,1,1,0.014689947632879341,0.013393027891886233,intron_lead,0.013632636610319271,intron_lead,0.013828000682295283,intron_lead,0.01598957099896081,intron_lead,0.015747824274554012,intron_lead,0.01555192422997087,intron_lead,True
geometry_independent,collapsed,0.0,0.03,0.03,0.75,0.001,6.144212355331987e-06,4.3009486486861315e-05,2.0677967396402582e-12,1.3491359498003953e-11,0.7622310441212434,0.0,0.35523244873863663,0.9212746764358443,1,1,0.40342695204590706,0.904246726239811,1,1,0.45156277293121516,0.8872628269051612,1,1,0.7695844515273411,0.0,0.36879056848366504,0.9364692380414814,1,1,0.41704886218584325,0.9186926264909253,1,1,0.4651972753567181,0.9010206296463267,1,1,0.0073534074060976895,0.013558119745028407,intron_lead,0.013621910139936189,intron_lead,0.013634502425502959,intron_lead,0.015194561605637147,intron_lead,0.014445900251114363,intron_lead,0.013757802741165448,intron_lead,True
geometry_independent,collapsed,0.0,0.03,0.1,0.25,0.001,2.312964634635743e-16,6.684699361355542e-06,8.016908457739417e-17,8.277880173664403e-14,0.3090543257427341,0.0,0.13560723802698932,0.7062946932603815,1,1,0.15246321653222694,0.6585076988727424,1,1,0.16928492130679026,0.6108693706385749,1,1,0.4176733969547143,0.0,0.17925992278364203,0.8020980591160545,1,1,0.2001636441708222,0.7543559163167921,1,1,0.22139023076997194,0.7075172330553764,1,1,0.10861907121198017,0.04365268475665271,intron_lead,0.04770042763859525,intron_lead,0.052105309463181676,intron_lead,0.09580336585567295,intron_lead,0.0958482174440497,intron_lead,0.09664786241680146,intron_lead,True
geometry_independent,collapsed,0.0,0.03,0.1,0.5,0.001,1.1564823173178715e-16,6.684699361782551e-06,0.0,1.8008008107038114e-13,0.5296548606576121,0.0,0.24589100575711037,0.813420379117911,1,1,0.278253926244494,0.7810563107047639,1,1,0.31055878919895746,0.7487511465514521,1,1,0.5962597080033757,0.0,0.2983133067874282,0.8968459171732354,1,1,0.33296661438684605,0.8611762481507896,1,1,0.3672620182581429,0.8262684021533712,1,1,0.06660484734576355,0.05242230103031781,intron_lead,0.05471268814235203,intron_lead,0.056703229059185456,intron_lead,0.08342553805532438,intron_lead,0.08011993744602575,intron_lead,0.07751725560191902,intron_lead,True
geometry_independent,collapsed,0.0,0.03,0.1,0.75,0.001,1.1564823173178715e-16,6.68469936220956e-06,5.2944964975336963e-17,7.062134470214046e-13,0.7622314468133875,0.0,0.35523304579581344,0.9212753238348805,1,1,0.4034276739867156,0.9042472754637216,1,1,0.451563606118476,0.8872633022860054,1,1,0.7929940443489365,0.0,0.41185117805779087,0.992936036445055,1,1,0.4611257587524138,0.9683504252605437,1,1,0.5098473942337688,0.9455300741344298,1,1,0.030762597535548997,0.05661813226197743,intron_lead,0.05769808476569821,intron_lead,0.05828378811529278,intron_lead,0.07166071261017448,intron_lead,0.06410314979682208,intron_lead,0.05826677184842444,intron_lead,True
geometry_independent,collapsed,0.0,0.03,0.3,0.25,0.001,0.0,6.206275104442776e-06,6.47061700754266e-17,3.4599683417603765e-14,0.30905432574273445,0.0,0.13560723802698932,0.7062946932603814,1,1,0.15246321653222694,0.6585076988727424,1,1,0.16928492130679026,0.6108693706385749,1,1,0.5512520957874586,0.0,0.2235161197411471,1.01787661286773,1,1,0.2521837229141806,0.9501146140507191,1,1,0.2833237790461109,0.8903077133887026,1,1,0.24219777004472415,0.08790888171415778,intron_lead,0.09972050638195368,intron_lead,0.11403885773932063,intron_lead,0.3115819196073485,intron_lead,0.29160691517797666,intron_lead,0.2794383427501277,intron_lead,True
geometry_independent,collapsed,0.0,0.03,0.3,0.5,0.001,0.0,6.206275104610992e-06,0.0,7.365827827968208e-14,0.5296548606575938,0.0,0.24589100575711034,0.813420379117911,1,1,0.278253926244494,0.7810563107047639,1,1,0.31055878919895746,0.7487511465514521,1,1,0.6893438007258803,0.0,0.35350965231379233,1.0946394719092023,1,1,0.39275295562715906,1.0276447033796152,1,1,0.43142198948804017,0.972548192970208,1,1,0.1596889400682865,0.10761864655668199,intron_lead,0.11449902938266504,intron_lead,0.1208632002890827,intron_lead,0.2812190927912913,intron_lead,0.24658839267485133,intron_lead,0.22379704641875586,intron_lead,True
geometry_independent,collapsed,0.0,0.03,0.3,0.75,0.001,1.1564823173178715e-16,6.206275104779207e-06,0.0,2.8189373722667377e-13,0.762231446813396,0.0,0.35523304579581333,0.9212753238348805,1,1,0.4034276739867155,0.9042472754637216,1,1,0.4515636061184759,0.8872633022860054,1,1,0.8397594798319549,0.0,0.47525162664777465,1.1814787847160713,1,1,0.5270618527961343,1.1145258248545569,1,1,0.5772609023158893,1.0597816046086936,1,1,0.07752803301855882,0.12001858085196132,intron_lead,0.1236341788094188,intron_lead,0.12569729619741343,intron_lead,0.26020346088119073,intron_lead,0.21027854939083523,intron_lead,0.17251830232268828,intron_lead,True
geometry_independent,collapsed,0.0,0.03,1.0,0.25,0.001,5.782411586589358e-16,6.149747125347087e-06,4.556104274593171e-17,2.007160552020178e-14,0.3090543257427388,0.0,0.13560723802698932,0.7062946932603814,1,1,0.15246321653222694,0.6585076988727424,1,1,0.1692849213067903,0.6108693706385748,1,1,0.7051125521304988,0.0,0.2722175663379072,1.7279943763513308,1,1,0.31237943686209974,1.5048508856926044,1,1,0.3554090167547194,1.322529389275032,1,1,0.39605822638776006,0.1366103283109179,intron_lead,0.1599162203298728,intron_lead,0.18612409544792913,intron_lead,1.0216996830909495,intron_lead,0.846343186819862,intron_lead,0.7116600186364572,intron_lead,True
geometry_independent,collapsed,0.0,0.03,1.0,0.5,0.001,5.782411586589358e-16,6.149747125347087e-06,4.920170933203496e-17,4.327591574222762e-14,0.5296548606576045,0.0,0.24589100575711034,0.813420379117911,1,1,0.278253926244494,0.7810563107047639,1,1,0.31055878919895746,0.7487511465514521,1,1,0.7991189784997526,0.0,0.4045021294063532,1.7878788088929978,1,1,0.4490670848761651,1.5647353016446715,1,1,0.49312349758053164,1.3824137685808209,1,1,0.2694641178421481,0.15861112364924287,intron_lead,0.17081315863167107,intron_lead,0.18256470838157418,intron_lead,0.9744584297750868,intron_lead,0.7836789909399076,intron_lead,0.6336626220293687,intron_lead,True
geometry_independent,collapsed,0.0,0.03,1.0,0.75,0.001,5.782411586589358e-16,6.149747125562665e-06,7.672136712596004e-17,1.6648401095260643e-13,0.7622314468133908,0.0,0.3552330457958133,0.9212753238348805,1,1,0.4034276739867155,0.9042472754637216,1,1,0.45156360611847585,0.8872633022860054,1,1,0.8976595111003092,0.0,0.5276969653326894,1.851165549758343,1,1,0.5816677595972867,1.6280219401137201,1,1,0.6329686638946381,1.4457004774220161,1,1,0.13542806428691834,0.17246391953687612,intron_lead,0.1782400856105712,intron_lead,0.18140505777616228,intron_lead,0.9298902259234625,intron_lead,0.7237746646499985,intron_lead,0.5584371751360108,intron_lead,True
geometry_independent,collapsed,0.0,0.03,3.0,0.25,0.001,1.0408340855860843e-15,6.144826835995351e-06,6.282207041757727e-17,1.5755062304377594e-14,0.30905432574273445,0.0,0.13560723802698932,0.7062946932603815,1,1,0.15246321653222694,0.6585076988727425,1,1,0.16928492130679024,0.6108693706385749,1,1,0.8156403609962847,0.0010000000000000009,0.3018273460049698,3.6277207354419745,1,1,0.34871374454973836,2.9582900822725446,1,1,0.39861912227138485,2.411325414155069,1,1,0.5065860352535503,0.16622010797798048,intron_lead,0.19625052801751142,intron_lead,0.22933420096459461,intron_lead,2.9214260421815927,intron_lead,2.299782383399802,intron_lead,1.800456043516494,intron_lead,True
geometry_independent,collapsed,0.0,0.03,3.0,0.5,0.001,8.0953762212251e-16,6.1448268357022226e-06,3.9917139121600714e-17,3.4761366905148856e-14,0.5296548606576045,0.0,0.24589100575711037,0.813420379117911,1,1,0.278253926244494,0.7810563107047639,1,1,0.31055878919895746,0.7487511465514521,1,1,0.8758843750414653,0.0,0.4306404474871194,3.667364104653241,1,1,0.478408060298827,2.9979334224815237,1,1,0.5258712115886044,2.45096874678777,1,1,0.34622951438386085,0.184749441730009,intron_lead,0.20015413405433297,intron_lead,0.21531242238964693,intron_lead,2.8539437255353297,intron_lead,2.2168771117767596,intron_lead,1.7022176002363176,intron_lead,True
geometry_independent,collapsed,0.0,0.03,3.0,0.75,0.001,6.938893903907228e-16,6.144826835848787e-06,3.1974429697885e-17,1.364405048537799e-13,0.762231446813396,0.0,0.35523304579581333,0.9212753238348805,1,1,0.40342767398671553,0.9042472754637216,1,1,0.4515636061184759,0.8872633022860054,1,1,0.9374580509968782,0.0010000000000000009,0.551030760226256,3.7080465943133625,1,1,0.606026225492049,3.0386159723936808,1,1,0.6578888059171267,2.49165130043837,1,1,0.17522660418348213,0.19579771443044264,intron_lead,0.20259855150533346,intron_lead,0.20632519979865083,intron_lead,2.786771270478482,intron_lead,2.1343686969299593,intron_lead,1.6043879981523643,intron_lead,True
geometry_independent,collapsed,0.0,0.1,0.01,0.25,0.001,6.083076418972322e-06,6.144521635311559e-06,7.510730683716075e-14,7.594755076723974e-14,0.40971580296059756,0.0,0.17342360453440725,0.7944240896410983,1,1,0.19398365927911726,0.7467301121176364,1,1,0.2148339577228237,0.6999108544237108,1,1,0.4106683824133457,0.0,0.17429435227961593,0.7953688130138131,1,1,0.19487412576916355,0.7476720742758961,1,1,0.21574549819043204,0.7008513426617298,1,1,0.0009525794527481257,0.0008707477452086776,small,0.0008904664900462878,small,0.0009115404676083294,small,0.0009447233727147841,small,0.0009419621582597015,small,0.000940488238018955,small,True
geometry_independent,collapsed,0.0,0.1,0.01,0.5,0.001,6.0830764191111e-06,6.14452163543772e-06,1.6341125271272887e-13,1.6512920350161352e-13,0.5895169934191501,0.0010000000000000009,0.29229001903464,0.8892694093910161,1,1,0.32681900166596384,0.8537713602354992,1,1,0.3610096541547298,0.818994983808212,1,1,0.5904230562300993,0.0,0.29316058682469615,0.8902156538764144,1,1,0.32769582346376974,0.8547093680093713,1,1,0.36189178744624423,0.8199266079910449,1,1,0.000906062810949182,0.0008705677900561204,small,0.0008768217978059045,small,0.0008821332915144309,small,0.0009462444853983731,small,0.000938007773872096,small,0.0009316241828328797,small,True
geometry_independent,collapsed,0.0,0.1,0.01,0.75,0.001,6.083076419527433e-06,6.144521635816206e-06,6.401528518405229e-13,6.468671237562203e-13,0.7885639515315286,0.0,0.40592389111774874,0.9850883862175696,1,1,0.4551971777893524,0.9611158753625247,1,1,0.5039520699452609,0.938730741538617,1,1,0.7893324485010602,0.0,0.40677666846422805,0.9860675029772566,1,1,0.456047803275644,0.9620638477995415,1,1,0.504798309006231,0.9396563827622306,1,1,0.000768496969531629,0.0008527773464793165,small,0.0008506254862915563,small,0.0008462390609701442,small,0.000979116759687093,small,0.0009479724370167197,small,0.0009256412236136047,small,True
geometry_independent,collapsed,0.0,0.1,0.03,0.25,0.001,6.083076418972322e-06,6.684699361355542e-06,7.510730683716075e-14,8.277880173664403e-14,0.40971580296059756,0.0,0.17342360453440725,0.7944240896410983,1,1,0.19398365927911726,0.7467301121176364,1,1,0.2148339577228237,0.6999108544237108,1,1,0.4176733969547143,0.0,0.17925992278364203,0.8020980591160545,1,1,0.2001636441708222,0.7543559163167921,1,1,0.22139023076997194,0.7075172330553764,1,1,0.007957593994116718,0.005836318249234779,small,0.006179984891704932,small,0.006556273047148231,small,0.007673969474956133,small,0.007625804199155706,small,0.007606378631665578,small,True
geometry_independent,collapsed,0.0,0.1,0.03,0.5,0.001,6.0830764191111e-06,6.684699361782551e-06,1.6341125271272887e-13,1.8008008107038114e-13,0.5895169934191501,0.0010000000000000009,0.29229001903464,0.8892694093910161,1,1,0.32681900166596384,0.8537713602354992,1,1,0.3610096541547298,0.818994983808212,1,1,0.5962597080033757,0.0,0.2983133067874282,0.8968459171732354,1,1,0.33296661438684605,0.8611762481507896,1,1,0.3672620182581429,0.8262684021533712,1,1,0.006742714584225595,0.006023287752788153,small,0.006147612720882212,small,0.006252364103413122,small,0.0075765077822192994,small,0.007404887915290481,small,0.007273418345159155,small,True
geometry_independent,collapsed,0.0,0.1,0.03,0.75,0.001,6.083076419527433e-06,6.68469936220956e-06,6.401528518405229e-13,7.062134470214046e-13,0.7885639515315286,0.0,0.40592389111774874,0.9850883862175696,1,1,0.4551971777893524,0.9611158753625247,1,1,0.5039520699452609,0.938730741538617,1,1,0.7929940443489365,0.0,0.41185117805779087,0.992936036445055,1,1,0.4611257587524138,0.9683504252605437,1,1,0.5098473942337688,0.9455300741344298,1,1,0.004430092817407916,0.005927286940042131,small,0.0059285809630613695,small,0.005895324288507919,small,0.007847650227485459,small,0.0072345498980189715,small,0.006799332595812779,small,True
geometry_independent,collapsed,0.0,0.1,0.1,0.25,0.001,6.083076418972322e-06,4.261195031510234e-05,7.510730683716075e-14,5.189401266929229e-13,0.40971580296059756,0.0,0.17342360453440725,0.7944240896410983,1,1,0.19398365927911726,0.7467301121176364,1,1,0.2148339577228237,0.6999108544237108,1,1,0.4668465101876463,0.0,0.20036600160297854,0.8558867278035241,1,1,0.224007225501692,0.8069943130658835,1,1,0.24853429062338797,0.7594734127896651,1,1,0.057130707227048716,0.026942397068571294,intron_lead,0.030023566222574738,intron_lead,0.03370033290056426,intron_lead,0.06146263816242581,intron_lead,0.06026420094824714,intron_lead,0.059562558365954255,intron_lead,True
geometry_independent,collapsed,0.0,0.1,0.1,0.5,0.001,6.0830764191111e-06,4.2611950315657454e-05,1.6341125271272887e-13,1.1217098122296834e-12,0.5895169934191501,0.0010000000000000009,0.29229001903464,0.8892694093910161,1,1,0.32681900166596384,0.8537713602354992,1,1,0.3610096541547298,0.818994983808212,1,1,0.6308795615706548,0.0,0.3231817999797701,0.9455372162489096,1,1,0.3592770929808136,0.9067817913337316,1,1,0.39486803304568446,0.8695915458841695,1,1,0.04136256815150474,0.030891780945130065,intron_lead,0.03245809131484978,intron_lead,0.033858378890954666,intron_lead,0.056267806857893565,intron_lead,0.05301043109823245,intron_lead,0.05059656207595753,intron_lead,True
geometry_independent,collapsed,0.0,0.1,0.1,0.75,0.001,6.083076419527433e-06,4.261195031871057e-05,6.401528518405229e-13,4.368561280352962e-12,0.7885639515315286,0.0,0.40592389111774874,0.9850883862175696,1,1,0.4551971777893524,0.9611158753625247,1,1,0.5039520699452609,0.938730741538617,1,1,0.8106463344500453,0.0,0.43856366474441205,1.0403110366727581,1,1,0.48841825988655735,1.0075721578473282,1,1,0.5373757434607973,0.9792399434580966,1,1,0.02208238291851672,0.032639773626663315,intron_lead,0.033221082097204924,intron_lead,0.033423673515536434,intron_lead,0.05522265045518859,intron_lead,0.04645628248480349,intron_lead,0.0405092019194796,intron_lead,True
geometry_independent,collapsed,0.0,0.1,0.3,0.25,0.001,4.163336342344337e-16,6.91223889764947e-06,0.0,3.9327535919391375e-14,0.4097158029606188,0.0,0.17342360453440725,0.7944240896410982,1,1,0.19398365927911726,0.7467301121176363,1,1,0.21483395772282368,0.6999108544237107,1,1,0.573917052540615,0.0,0.23576652774077153,1.0501700382731078,1,1,0.26654408598411783,0.9791916241319218,1,1,0.2997026601177236,0.9174703529252697,1,1,0.16420124957999616,0.06234292320636428,intron_lead,0.07256042670500057,intron_lead,0.08486870239489994,intron_lead,0.2557459486320096,intron_lead,0.23246151201428555,intron_lead,0.21755949850155898,intron_lead,True
geometry_independent,collapsed,0.0,0.1,0.3,0.5,0.001,4.163336342344337e-16,6.91223889764947e-06,0.0,8.417488906396349e-14,0.589516993419171,0.0010000000000000009,0.29229001903464,0.8892694093910161,1,1,0.32681900166596384,0.8537713602354992,1,1,0.3610096541547298,0.8189949838082119,1,1,0.7075539412661719,0.0010000000000000009,0.3660630029256482,1.1287638462597454,1,1,0.40605104307505957,1.0585757727596108,1,1,0.4454065261878595,0.9996483116089911,1,1,0.11803694784700092,0.07377298389100817,intron_lead,0.07923204140909573,intron_lead,0.08439687203312968,intron_lead,0.2394944368687293,intron_lead,0.20480441252411163,intron_lead,0.18065332780077925,intron_lead,True
geometry_independent,collapsed,0.0,0.1,0.3,0.75,0.001,5.551115123125783e-16,6.9122388979270255e-06,2.3590214819675102e-17,3.2246866926170555e-13,0.7885639515315288,0.0,0.40592389111774874,0.9850883862175696,1,1,0.4551971777893523,0.9611158753625247,1,1,0.5039520699452609,0.938730741538617,1,1,0.8507198909836837,0.0,0.4873461096707785,1.2169566411875772,1,1,0.5392748966152723,1.1470744557478758,1,1,0.5894186392306766,1.0885709837877238,1,1,0.06215593945215492,0.08142221855302978,intron_lead,0.08407771882591997,intron_lead,0.08546656928541574,intron_lead,0.23186825497000763,intron_lead,0.18595858038535107,intron_lead,0.14984024224910675,intron_lead,True
geometry_independent,collapsed,0.0,0.1,1.0,0.25,0.001,4.163336342344337e-16,6.206275104543705e-06,1.3553232548735734e-17,2.0312800544686823e-14,0.40971580296062043,0.0,0.17342360453440722,0.7944240896410983,1,1,0.19398365927911726,0.7467301121176365,1,1,0.21483395772282368,0.6999108544237108,1,1,0.7139334063428538,0.0,0.2776675700173802,1.7424119909959481,1,1,0.31854820608019846,1.5192468154626682,1,1,0.36212961460821574,1.3368213541555753,1,1,0.3042176033822334,0.10424396548297296,intron_lead,0.1245645468010812,intron_lead,0.14729565688539206,intron_lead,0.9479879013548498,intron_lead,0.7725167033450316,intron_lead,0.6369104997318645,intron_lead,True
geometry_independent,collapsed,0.0,0.1,1.0,0.5,0.001,2.7755575615628914e-16,6.206275104341846e-06,1.2912304941580005e-18,4.398610932686449e-14,0.5895169934191498,0.0010000000000000009,0.29229001903464,0.8892694093910162,1,1,0.32681900166596384,0.8537713602354992,1,1,0.36100965415472974,0.818994983808212,1,1,0.8070048158395777,0.0,0.4093999308097781,1.8038959208263226,1,1,0.4542773725117316,1.5807310683263938,1,1,0.4986328307532346,1.3983068054674281,1,1,0.21748782242042797,0.11710991177513808,intron_lead,0.12745837084576778,intron_lead,0.13762317659850487,intron_lead,0.9146265114353064,intron_lead,0.7269597080908946,intron_lead,0.5793118216592161,intron_lead,True
geometry_independent,collapsed,0.0,0.1,1.0,0.75,0.001,2.7755575615628914e-16,6.206275104543705e-06,0.0,1.6965605484444477e-13,0.788563951531533,0.0,0.40592389111774874,0.9850883862175696,1,1,0.45519717778935237,0.9611158753625247,1,1,0.5039520699452609,0.938730741538617,1,1,0.9032466400023413,0.0,0.5320017026330985,1.8698639718812207,1,1,0.5860011095802319,1.6466960018654166,1,1,0.637276691182679,1.4642567267212474,1,1,0.11468268847080831,0.1260778115153498,intron_lead,0.1308039317908795,intron_lead,0.13332462123741817,intron_lead,0.8847755856636511,intron_lead,0.6855801265028919,intron_lead,0.5255259851826304,intron_lead,True
geometry_independent,collapsed,0.0,0.1,3.0,0.25,0.001,6.938893903907228e-16,6.15104684964507e-06,9.769114917624442e-18,1.5905657036024054e-14,0.4097158029606155,0.0,0.17342360453440722,0.7944240896410983,1,1,0.19398365927911726,0.7467301121176364,1,1,0.21483395772282368,0.6999108544237108,1,1,0.8193476507205156,0.0010000000000000009,0.3039656023426787,3.6347229469796836,1,1,0.3510885545656808,2.965292294117558,1,1,0.40117720483990643,2.41832762396598,1,1,0.40963184775990014,0.1305419978082715,intron_lead,0.15710489528656352,intron_lead,0.18634324711708275,intron_lead,2.8402988573385852,intron_lead,2.2185621819999217,intron_lead,1.718416769542269,intron_lead,True
geometry_independent,collapsed,0.0,0.1,3.0,0.5,0.001,6.938893903907228e-16,6.15104684964507e-06,2.2187613941384778e-17,3.484451363412659e-14,0.589516993419168,0.0010000000000000009,0.29229001903464,0.8892694093910161,1,1,0.32681900166596384,0.8537713602354992,1,1,0.36100965415472985,0.8189949838082119,1,1,0.8794687209485257,0.0010000000000000009,0.4324983723955009,3.676086299677803,1,1,0.4803956590637155,3.0066556702109284,1,1,0.5279873917360438,2.4596909953154844,1,1,0.2899517275293577,0.14020835336086085,intron_lead,0.15357665739775167,intron_lead,0.16697773758131396,intron_lead,2.7868168902867874,intron_lead,2.152884309975429,intron_lead,1.6406960115072726,intron_lead,True
geometry_independent,collapsed,0.0,0.1,3.0,0.75,0.001,5.551115123125783e-16,6.15104684964507e-06,0.0,1.370389096427976e-13,0.788563951531533,0.0,0.40592389111774874,0.9850883862175696,1,1,0.4551971777893524,0.9611158753625247,1,1,0.5039520699452609,0.938730741538617,1,1,0.9403348014553743,0.0,0.5526201575637063,3.7201651171747194,1,1,0.6076344894233857,3.0507344727454715,1,1,0.6594990958781594,2.503769795808395,1,1,0.15177084992384127,0.14669626644595757,intron_lead,0.1524373116340333,intron_lead,0.15554702593289849,intron_lead,2.7350767309571498,intron_lead,2.089618597382947,intron_lead,1.5650390542697779,intron_lead,True
geometry_independent,collapsed,0.0,0.3,0.01,0.25,0.001,6.144212353342837e-06,6.151046850003206e-06,3.41736152071625e-14,3.421543794595592e-14,0.5483982064461956,0.0,0.22106460828039953,1.0146642784481927,1,1,0.24955068864049576,0.947032419885456,1,1,0.2805584802142562,0.8873003186210288,1,1,0.548726676756062,0.0,0.2213809391655813,1.015006834001888,1,1,0.24987533890555438,0.9473705029658805,1,1,0.2808862100330823,0.8876351130118767,1,1,0.00032847030986637993,0.0003163308851817648,small,0.0003246502650586236,small,0.00032772981882606134,small,0.00034255555369533397,small,0.00033808308042460045,small,0.0003347943908479367,small,True
geometry_independent,collapsed,0.0,0.3,0.01,0.5,0.001,6.144212353527875e-06,6.151046850003206e-06,7.291317231255228e-14,7.287690912746328e-14,0.6866442224006801,0.0,0.35112853611664147,1.091309954985478,1,1,0.3903232876502095,1.0243669203053911,1,1,0.4289500113739569,0.9694394351089826,1,1,0.6869678689408732,0.0,0.35143832440167044,1.091656530704473,1,1,0.39063537626380035,1.0247132706150537,1,1,0.42926406753722335,0.969779867356856,1,1,0.0003236465401931232,0.00030978828502897793,small,0.00031208861359083295,small,0.0003140561632664629,small,0.0003465757189951013,small,0.00034635030966256863,small,0.0003404322478733901,small,True
geometry_independent,collapsed,0.0,0.3,0.01,0.75,0.001,6.144212353897949e-06,6.151046850182274e-06,2.7854487797175013e-13,2.788650245462524e-13,0.837531331867234,0.0010000000000000009,0.47300515347127664,1.1779760928490488,1,1,0.5248244270448663,1.1110330417156598,1,1,0.5750456138690828,1.0563368936748965,1,1,0.8378388410788012,0.0,0.47330678187671543,1.1783325420725739,1,1,0.525125558241408,1.1113895030024752,1,1,0.5753454851317655,1.0566929740475437,1,1,0.0003075092115671918,0.0003016284054387919,small,0.00030113119654173737,small,0.000299871262682716,small,0.00035644922352506825,small,0.0003564612868154349,small,0.00035608037264722725,small,True
geometry_independent,collapsed,0.0,0.3,0.03,0.25,0.001,6.144212353342837e-06,6.206275104442776e-06,3.41736152071625e-14,3.4599683417603765e-14,0.5483982064461956,0.0,0.22106460828039953,1.0146642784481927,1,1,0.24955068864049576,0.947032419885456,1,1,0.2805584802142562,0.8873003186210288,1,1,0.5512520957874586,0.0,0.2235161197411471,1.01787661286773,1,1,0.2521837229141806,0.9501146140507191,1,1,0.2833237790461109,0.8903077133887026,1,1,0.0028538893412629607,0.0024515114607475685,small,0.002633034273684859,small,0.002765298831854668,small,0.003212334419537166,small,0.003082194165263119,small,0.0030073947676738655,small,True
geometry_independent,collapsed,0.0,0.3,0.03,0.5,0.001,6.144212353527875e-06,6.206275104610992e-06,7.291317231255228e-14,7.365827827968208e-14,0.6866442224006801,0.0,0.35112853611664147,1.091309954985478,1,1,0.3903232876502095,1.0243669203053911,1,1,0.4289500113739569,0.9694394351089826,1,1,0.6893438007258803,0.0,0.35350965231379233,1.0946394719092023,1,1,0.39275295562715906,1.0276447033796152,1,1,0.43142198948804017,0.972548192970208,1,1,0.0026995783252001804,0.0023811161971508676,small,0.0024296679769495455,small,0.002471978114083284,small,0.003329516923724407,small,0.0032777830742241054,small,0.003108757861225442,small,True
geometry_independent,collapsed,0.0,0.3,0.03,0.75,0.001,6.144212353897949e-06,6.206275104779207e-06,2.7854487797175013e-13,2.8189373722667377e-13,0.837531331867234,0.0010000000000000009,0.47300515347127664,1.1779760928490488,1,1,0.5248244270448663,1.1110330417156598,1,1,0.5750456138690828,1.0563368936748965,1,1,0.8397594798319549,0.0,0.47525162664777465,1.1814787847160713,1,1,0.5270618527961343,1.1145258248545569,1,1,0.5772609023158893,1.0597816046086936,1,1,0.002228147964720817,0.0022464731764980095,small,0.002237425751267952,small,0.002215288446806518,small,0.003502691867022456,small,0.0034927831388971153,small,0.003444710933797168,small,True
geometry_independent,collapsed,0.0,0.3,0.1,0.25,0.001,6.144212353342837e-06,6.91223889764947e-06,3.41736152071625e-14,3.9327535919391375e-14,0.5483982064461956,0.0,0.22106460828039953,1.0146642784481927,1,1,0.24955068864049576,0.947032419885456,1,1,0.2805584802142562,0.8873003186210288,1,1,0.573917052540615,0.0,0.23576652774077153,1.0501700382731078,1,1,0.26654408598411783,0.9791916241319218,1,1,0.2997026601177236,0.9174703529252697,1,1,0.025518846094419345,0.014701919460371998,intron_lead,0.01699339734362207,intron_lead,0.019144179903467395,intron_lead,0.035505759824915106,intron_lead,0.0321592042464659,intron_lead,0.030170034304240922,intron_lead,True
geometry_independent,collapsed,0.0,0.3,0.1,0.5,0.001,6.144212353527875e-06,6.91223889764947e-06,7.291317231255228e-14,8.417488906396349e-14,0.6866442224006801,0.0,0.35112853611664147,1.091309954985478,1,1,0.3903232876502095,1.0243669203053911,1,1,0.4289500113739569,0.9694394351089826,1,1,0.7075539412661719,0.0010000000000000009,0.3660630029256482,1.1287638462597454,1,1,0.40605104307505957,1.0585757727596108,1,1,0.4454065261878595,0.9996483116089911,1,1,0.020909718865491755,0.01493446680900673,intron_lead,0.015727755424850054,intron_lead,0.01645651481390259,intron_lead,0.03745389127426746,intron_lead,0.034208852454219674,intron_lead,0.030208876500008586,intron_lead,True
geometry_independent,collapsed,0.0,0.3,0.1,0.75,0.001,6.144212353897949e-06,6.9122388979270255e-06,2.7854487797175013e-13,3.2246866926170555e-13,0.837531331867234,0.0010000000000000009,0.47300515347127664,1.1779760928490488,1,1,0.5248244270448663,1.1110330417156598,1,1,0.5750456138690828,1.0563368936748965,1,1,0.8507198909836837,0.0,0.4873461096707785,1.2169566411875772,1,1,0.5392748966152723,1.1470744557478758,1,1,0.5894186392306766,1.0885709837877238,1,1,0.013188559116449672,0.014340956199501875,intron_lead,0.014450469570405966,intron_lead,0.014373025361593794,intron_lead,0.038980548338528376,intron_lead,0.03604141403221606,intron_lead,0.032234090112827296,intron_lead,True
geometry_independent,collapsed,0.0,0.3,0.3,0.25,0.001,6.144212353342837e-06,4.3009486473214835e-05,3.41736152071625e-14,2.6844923948689823e-13,0.5483982064461956,0.0,0.22106460828039953,1.0146642784481927,1,1,0.24955068864049576,0.947032419885456,1,1,0.2805584802142562,0.8873003186210288,1,1,0.644103855713758,0.0,0.2608565113908099,1.224147837926003,1,1,0.2973228375097873,1.1262735064554619,1,1,0.33615092995577966,1.0421941095021616,1,1,0.09570564926756231,0.039791903110410365,intron_lead,0.047772148869291514,intron_lead,0.05559244974152344,intron_lead,0.20948355947781017,intron_lead,0.17924108657000593,intron_lead,0.15489379088113286,intron_lead,True
geometry_independent,collapsed,0.0,0.3,0.3,0.5,0.001,6.144212353527875e-06,4.300948647358491e-05,7.291317231255228e-14,5.770303128316139e-13,0.6866442224006801,0.0,0.35112853611664147,1.091309954985478,1,1,0.3903232876502095,1.0243669203053911,1,1,0.4289500113739569,0.9694394351089826,1,1,0.7592239866447656,0.0,0.39247736203094663,1.3027074395557254,1,1,0.43505605569917905,1.2047565663306712,1,1,0.4769756241099819,1.1205883930037723,1,1,0.07257976424408552,0.041348825914305165,intron_lead,0.04473276804896953,intron_lead,0.048025612736025014,intron_lead,0.21139748457024754,intron_lead,0.18038964602528007,intron_lead,0.15114895789478977,intron_lead,True
geometry_independent,collapsed,0.0,0.3,0.3,0.75,0.001,6.144212353897949e-06,4.300948647432506e-05,2.7854487797175013e-13,2.2180984075252315e-12,0.837531331867234,0.0010000000000000009,0.47300515347127664,1.1779760928490488,1,1,0.5248244270448663,1.1110330417156598,1,1,0.5750456138690828,1.0563368936748965,1,1,0.878831073378895,0.0,0.5144307919009613,1.3883218425546937,1,1,0.5673418118036191,1.2898662684712399,1,1,0.6179270494676035,1.2051084864181822,1,1,0.04129974151166094,0.041425638429684664,intron_lead,0.042517384758752774,intron_lead,0.042881435598520645,intron_lead,0.2103457497056449,intron_lead,0.1788332267555801,intron_lead,0.14877159274328577,intron_lead,True
geometry_independent,collapsed,0.0,0.3,1.0,0.25,0.001,0.0,6.751881707067753e-06,4.129272274410636e-17,2.3763622706811324e-14,0.5483982064462132,0.0,0.22106460828039953,1.0146642784481927,1,1,0.2495506886404957,0.9470324198854561,1,1,0.2805584802142562,0.8873003186210288,1,1,0.7523108860297485,0.0010000000000000009,0.2913068825109116,1.8796602634160198,1,1,0.33504674896176745,1.648192370845976,1,1,0.3814033302838938,1.4543484111619447,1,1,0.20391267958353532,0.07024227423051205,intron_lead,0.08549606032127174,intron_lead,0.10084485006963756,intron_lead,0.864995984967827,intron_lead,0.70115995096052,intron_lead,0.5670480925409159,intron_lead,True
geometry_independent,collapsed,0.0,0.3,1.0,0.5,0.001,1.8503717077085943e-16,6.751881707238556e-06,0.0,5.145366769450608e-14,0.6866442224006603,0.0,0.35112853611664147,1.0913099549854781,1,1,0.39032328765020946,1.0243669203053911,1,1,0.42895001137395694,0.9694394351089826,1,1,0.8360958424076613,0.0,0.42166765320438687,1.94776743116237,1,1,0.46788418084176137,1.71583973524326,1,1,0.5136145572400095,1.521317715233088,1,1,0.14945162000700107,0.0705391170877454,intron_lead,0.0775608931915519,intron_lead,0.08466454586605254,intron_lead,0.8564574761768919,intron_lead,0.6914728149378688,intron_lead,0.5518782801241053,intron_lead,True
geometry_independent,collapsed,0.0,0.3,1.0,0.75,0.001,0.0,6.751881707238556e-06,0.0,1.9996899342261437e-13,0.837531331867228,0.0010000000000000009,0.4730051534712767,1.1779760928490488,1,1,0.5248244270448664,1.1110330417156598,1,1,0.5750456138690829,1.0563368936748965,1,1,0.9196069812518052,0.0,0.542926713880403,2.0209957231510636,1,1,0.5972818646212622,1.7884605050525666,1,1,0.6487004032727315,1.593034893737571,1,1,0.08207564938457723,0.06992156040912634,intron_lead,0.07245743757639578,intron_lead,0.07365478940364856,intron_lead,0.8430196303020148,intron_lead,0.6774274633369068,intron_lead,0.5366980000626744,intron_lead,True
geometry_independent,collapsed,0.0,0.3,3.0,0.25,0.001,3.7007434154171886e-16,6.20627510393813e-06,4.576322834033315e-17,1.6257866920436884e-14,0.5483982064461934,0.0,0.22106460828039953,1.0146642784481927,1,1,0.24955068864049573,0.947032419885456,1,1,0.28055848021425617,0.8873003186210288,1,1,0.8400104483883062,0.0,0.3101146941156737,3.726471011370535,1,1,0.35850246505409195,3.056930607300723,1,1,0.40983578708536883,2.509437737164864,1,1,0.29161224194211277,0.08905008583527418,intron_lead,0.10895177641359621,intron_lead,0.12927730687111266,intron_lead,2.711806732922342,intron_lead,2.109898187415267,intron_lead,1.622137418543835,intron_lead,True
geometry_independent,collapsed,0.0,0.3,3.0,0.5,0.001,7.401486830834377e-16,6.2062751042072746e-06,6.085510016905766e-17,3.605669825780655e-14,0.6866442224006761,0.0,0.35112853611664147,1.091309954985478,1,1,0.3903232876502095,1.0243669203053911,1,1,0.42895001137395694,0.9694394351089826,1,1,0.89572781470484,0.0,0.4376575193034045,3.77919134510025,1,1,0.48617232402065413,3.1096373382462272,1,1,0.5344201346030231,2.5620785648697626,1,1,0.20908359230416385,0.08652898318676305,intron_lead,0.09584903637044462,intron_lead,0.10547012322906613,intron_lead,2.6878813901147725,intron_lead,2.085270417940836,intron_lead,1.59263912976078,intron_lead,True
geometry_independent,collapsed,0.0,0.3,3.0,0.75,0.001,5.551115123125783e-16,6.2062751042072746e-06,5.834866744313985e-17,1.423811845715968e-13,0.837531331867228,0.0010000000000000009,0.4730051534712767,1.1779760928490488,1,1,0.5248244270448663,1.1110330417156598,1,1,0.5750456138690828,1.0563368936748965,1,1,0.9498343145247048,0.0,0.5568734791571014,3.8371898816663736,1,1,0.6120424962360165,3.167619096363667,1,1,0.6639861557971426,2.619979302281071,1,1,0.11230298265747685,0.0838683256858247,intron_lead,0.08721806919115016,intron_lead,0.08894054192805978,intron_lead,2.6592137888173246,intron_lead,2.0565860546480073,intron_lead,1.5636424086061746,intron_lead,True
geometry_independent,collapsed,0.0,1.0,0.01,0.25,0.001,6.144212353231815e-06,6.144826835922068e-06,2.0014451381279972e-14,1.997392507685628e-14,0.7041878769463281,0.0,0.27137154332125424,1.7269335398637986,1,1,0.31151066745099065,1.5037900404733269,1,1,0.3545310044695634,1.3214685252271252,1,1,0.704289083752632,0.0,0.27147063217000056,1.727039597228068,1,1,0.31160995419649873,1.5038960734802453,1,1,0.3546304288027482,1.32157459233516,1,1,0.00010120680630387735,9.90888487463204e-05,small,9.928674550807592e-05,small,9.942433318477217e-05,small,0.00010605736426949619,small,0.00010603300691847117,small,0.00010606710803484631,small,True
geometry_independent,collapsed,0.0,1.0,0.01,0.5,0.001,6.144212353342837e-06,6.144826835922068e-06,4.329078495157102e-14,4.31585095022945e-14,0.7981980103674663,0.0,0.40371975363217383,1.786745969243414,1,1,0.44826792399136534,1.5636024429250002,1,1,0.492309156069385,1.3812808673458326,1,1,0.7982994983849792,0.0,0.4038156724302345,1.7868548005630829,1,1,0.4483644996032531,1.5637112898686691,1,1,0.4924063702800785,1.3813897492956038,1,1,0.00010148801751286296,9.591879806064574e-05,small,9.657561188775032e-05,small,9.72142106934748e-05,small,0.00010883131966887838,small,0.00010884694366897207,small,0.00010888194977121124,small,True
geometry_independent,collapsed,0.0,1.0,0.01,0.75,0.001,6.144212353342837e-06,6.144826835922068e-06,1.663236338098413e-13,1.6632826859676496e-13,0.8967837456708575,0.0,0.52696690041879,1.8498359215792037,1,1,0.5809383459425518,1.6266924081744933,1,1,0.6322428044151972,1.4443708615289144,1,1,0.8968857457365973,0.0,0.5270605275912719,1.8499524290116174,1,1,0.5810319984416585,1.6268089323329018,1,1,0.6323363087551843,1.4444874231624825,1,1,0.00010200006573979348,9.362717248184715e-05,small,9.365249910675555e-05,small,9.350433998711605e-05,small,0.00011650743241364836,small,0.00011652415840845975,small,0.0001165616335681019,small,True
geometry_independent,collapsed,0.0,1.0,0.03,0.25,0.001,6.144212353231815e-06,6.149747125347087e-06,2.0014451381279972e-14,2.007160552020178e-14,0.7041878769463281,0.0,0.27137154332125424,1.7269335398637986,1,1,0.31151066745099065,1.5037900404733269,1,1,0.3545310044695634,1.3214685252271252,1,1,0.7051125521304988,0.0,0.2722175663379072,1.7279943763513308,1,1,0.31237943686209974,1.5048508856926044,1,1,0.3554090167547194,1.322529389275032,1,1,0.0009246751841707201,0.0008460230166529858,small,0.0008687694111090827,small,0.0008780122851559935,small,0.0010608364875321907,small,0.0010608452192775175,small,0.0010608640479068399,small,True
geometry_independent,collapsed,0.0,1.0,0.03,0.5,0.001,6.144212353342837e-06,6.149747125347087e-06,4.329078495157102e-14,4.327591574222762e-14,0.7981980103674663,0.0,0.40371975363217383,1.786745969243414,1,1,0.44826792399136534,1.5636024429250002,1,1,0.492309156069385,1.3812808673458326,1,1,0.7991189784997526,0.0,0.4045021294063532,1.7878788088929978,1,1,0.4490670848761651,1.5647353016446715,1,1,0.49312349758053164,1.3824137685808209,1,1,0.0009209681322862595,0.0007823757741793891,small,0.0007991608847997544,small,0.0008143415111466212,small,0.0011328396495837723,small,0.0011328587196712814,small,0.001132901234988326,small,True
geometry_independent,collapsed,0.0,1.0,0.03,0.75,0.001,6.144212353342837e-06,6.149747125562665e-06,1.663236338098413e-13,1.6648401095260643e-13,0.8967837456708575,0.0,0.52696690041879,1.8498359215792037,1,1,0.5809383459425518,1.6266924081744933,1,1,0.6322428044151972,1.4443708615289144,1,1,0.8976595111003092,0.0,0.5276969653326894,1.851165549758343,1,1,0.5816677595972867,1.6280219401137201,1,1,0.6329686638946381,1.4457004774220161,1,1,0.0008757654294516692,0.0007300649138993753,small,0.0007294136547348895,small,0.0007258594794409268,small,0.001329628179139286,small,0.0013295319392268024,small,0.0013296158931017654,small,True
geometry_independent,collapsed,0.0,1.0,0.1,0.25,0.001,6.144212353231815e-06,6.206275104543705e-06,2.0014451381279972e-14,2.0312800544686823e-14,0.7041878769463281,0.0,0.27137154332125424,1.7269335398637986,1,1,0.31151066745099065,1.5037900404733269,1,1,0.3545310044695634,1.3214685252271252,1,1,0.7139334063428538,0.0,0.2776675700173802,1.7424119909959481,1,1,0.31854820608019846,1.5192468154626682,1,1,0.36212961460821574,1.3368213541555753,1,1,0.009745529396525732,0.006296026696125945,small,0.007037538629207807,small,0.0075986101386523175,small,0.015478451132149518,intron_lead,0.015456774989341282,intron_lead,0.015352828928450135,intron_lead,True
geometry_independent,collapsed,0.0,1.0,0.1,0.5,0.001,6.144212353342837e-06,6.206275104341846e-06,4.329078495157102e-14,4.398610932686449e-14,0.7981980103674663,0.0,0.40371975363217383,1.786745969243414,1,1,0.44826792399136534,1.5636024429250002,1,1,0.492309156069385,1.3812808673458326,1,1,0.8070048158395777,0.0,0.4093999308097781,1.8038959208263226,1,1,0.4542773725117316,1.5807310683263938,1,1,0.4986328307532346,1.3983068054674281,1,1,0.008806805472111434,0.005680177177604273,small,0.006009448520366278,small,0.006323674683849589,small,0.01714995158290855,intron_lead,0.017128625401393593,intron_lead,0.017025938121595585,intron_lead,True
geometry_independent,collapsed,0.0,1.0,0.1,0.75,0.001,6.144212353342837e-06,6.206275104543705e-06,1.663236338098413e-13,1.6965605484444477e-13,0.8967837456708575,0.0,0.52696690041879,1.8498359215792037,1,1,0.5809383459425518,1.6266924081744933,1,1,0.6322428044151972,1.4443708615289144,1,1,0.9032466400023413,0.0,0.5320017026330985,1.8698639718812207,1,1,0.5860011095802319,1.6466960018654166,1,1,0.637276691182679,1.4642567267212474,1,1,0.006462894331483837,0.00503480221430852,small,0.005062763637680101,small,0.005033886767481843,small,0.02002805030201693,intron_lead,0.020003593690923305,intron_lead,0.01988586519233304,intron_lead,True
geometry_independent,collapsed,0.0,1.0,0.3,0.25,0.001,6.144212353231815e-06,6.751881707067753e-06,2.0014451381279972e-14,2.3763622706811324e-14,0.7041878769463281,0.0,0.27137154332125424,1.7269335398637986,1,1,0.31151066745099065,1.5037900404733269,1,1,0.3545310044695634,1.3214685252271252,1,1,0.7523108860297485,0.0010000000000000009,0.2913068825109116,1.8796602634160198,1,1,0.33504674896176745,1.648192370845976,1,1,0.3814033302838938,1.4543484111619447,1,1,0.048123009083420376,0.019935339189657342,intron_lead,0.023536081510776796,intron_lead,0.026872325814330356,intron_lead,0.15272672355222117,intron_lead,0.14440233037264916,intron_lead,0.13287988593481947,intron_lead,True
geometry_independent,collapsed,0.0,1.0,0.3,0.5,0.001,6.144212353342837e-06,6.751881707238556e-06,4.329078495157102e-14,5.145366769450608e-14,0.7981980103674663,0.0,0.40371975363217383,1.786745969243414,1,1,0.44826792399136534,1.5636024429250002,1,1,0.492309156069385,1.3812808673458326,1,1,0.8360958424076613,0.0,0.42166765320438687,1.94776743116237,1,1,0.46788418084176137,1.71583973524326,1,1,0.5136145572400095,1.521317715233088,1,1,0.037897832040195034,0.017947899572213044,intron_lead,0.01961625685039603,intron_lead,0.02130540117062446,intron_lead,0.16102146191895605,intron_lead,0.15223729231825978,intron_lead,0.14003684788725534,intron_lead,True
geometry_independent,collapsed,0.0,1.0,0.3,0.75,0.001,6.144212353342837e-06,6.751881707238556e-06,1.663236338098413e-13,1.9996899342261437e-13,0.8967837456708575,0.0,0.52696690041879,1.8498359215792037,1,1,0.5809383459425518,1.6266924081744933,1,1,0.6322428044151972,1.4443708615289144,1,1,0.9196069812518052,0.0,0.542926713880403,2.0209957231510636,1,1,0.5972818646212622,1.7884605050525666,1,1,0.6487004032727315,1.593034893737571,1,1,0.022823235580947676,0.015959813461613015,intron_lead,0.016343518678710423,intron_lead,0.016457598857534284,intron_lead,0.17115980157185984,intron_lead,0.16176809687807325,intron_lead,0.14866403220865654,intron_lead,True
geometry_independent,collapsed,0.0,1.0,1.0,0.25,0.001,6.144212353231815e-06,4.3009486473177816e-05,2.0014451381279972e-14,1.9288628175254261e-13,0.7041878769463281,0.0,0.27137154332125424,1.7269335398637986,1,1,0.31151066745099065,1.5037900404733269,1,1,0.3545310044695634,1.3214685252271252,1,1,0.8240226251519867,0.0,0.3082011007236439,2.571804048288548,1,1,0.35601942460066693,2.235118475077619,1,1,0.406683567217059,1.942370636026153,1,1,0.11983474820565854,0.036829557402389634,intron_lead,0.04450875714967628,intron_lead,0.05215256274749558,intron_lead,0.8448705084247494,intron_lead,0.7313284346042921,intron_lead,0.6209021107990278,intron_lead,True
geometry_independent,collapsed,0.0,1.0,1.0,0.5,0.001,6.144212353342837e-06,4.300948647328884e-05,4.329078495157102e-14,4.260254025835277e-13,0.7981980103674663,0.0,0.40371975363217383,1.786745969243414,1,1,0.44826792399136534,1.5636024429250002,1,1,0.492309156069385,1.3812808673458326,1,1,0.8862768389246338,0.0,0.43615850334393,2.645377519126857,1,1,0.48439311445133726,2.3072412549317916,1,1,0.5323146057963415,2.0126974769031505,1,1,0.08807882855716753,0.0324387497117562,intron_lead,0.03612519045997192,intron_lead,0.040005449726956466,intron_lead,0.8586315498834429,intron_lead,0.7436388120067914,intron_lead,0.6314166095573179,intron_lead,True
geometry_independent,collapsed,0.0,1.0,1.0,0.75,0.001,6.144212353342837e-06,4.300948647373293e-05,1.663236338098413e-13,1.6767567528728548e-12,0.8967837456708575,0.0,0.52696690041879,1.8498359215792037,1,1,0.5809383459425518,1.6266924081744933,1,1,0.6322428044151972,1.4443708615289144,1,1,0.9456826908954832,0.0,0.5555824841366801,2.723438052795571,1,1,0.6106282631632218,2.3837929727106,1,1,0.6624753483893969,2.087364432375804,1,1,0.04889894522462568,0.02861558371789008,intron_lead,0.029689917220670048,intron_lead,0.03023254397419972,intron_lead,0.8736021312163671,intron_lead,0.7571005645361069,intron_lead,0.6429935708468897,intron_lead,True
geometry_independent,collapsed,0.0,1.0,3.0,0.25,0.001,2.220446049250313e-16,6.912238897482936e-06,4.7081423759563855e-17,2.1019937517529973e-14,0.7041878769463435,0.0,0.27137154332125424,1.726933539863799,1,1,0.3115106674509906,1.5037900404733273,1,1,0.3545310044695635,1.3214685252271252,1,1,0.8853583744288355,0.0010000000000000009,0.3180423756016118,4.419919991909924,1,1,0.3683941778600049,3.7067951744783643,1,1,0.4218540306452784,3.1014334488456052,1,1,0.18117049748249192,0.046670832280357566,intron_lead,0.05688351040901429,intron_lead,0.0673230261757149,intron_lead,2.6929864520461253,intron_lead,2.203005134005037,intron_lead,1.77996492361848,intron_lead,True
geometry_independent,collapsed,0.0,1.0,3.0,0.5,0.001,3.3306690738754696e-16,6.912238897482936e-06,9.381938341936199e-18,4.691828824561061e-14,0.798198010367456,0.0,0.4037197536321739,1.786745969243414,1,1,0.4482679239913654,1.5636024429250004,1,1,0.4923091560693851,1.3812808673458326,1,1,0.9271651511575546,0.0,0.44398426155492393,4.492775905160707,1,1,0.49345158105806497,3.778787885139463,1,1,0.5427642980892671,3.1721557329683128,1,1,0.12896714079009863,0.04026450792275005,intron_lead,0.04518365706669958,intron_lead,0.05045514201988199,intron_lead,2.706029935917293,intron_lead,2.2151854422144623,intron_lead,1.7908748656224802,intron_lead,True
geometry_independent,collapsed,0.0,1.0,3.0,0.75,0.001,3.3306690738754696e-16,6.912238897371914e-06,0.0,1.8636892028550124e-13,0.8967837456708546,0.0,0.5269669004187899,1.8498359215792044,1,1,0.5809383459425517,1.6266924081744936,1,1,0.6322428044151972,1.4443708615289144,1,1,0.9659017904469606,0.0,0.5619665235919884,4.5703200780798126,1,1,0.6174390512746742,3.855500564075183,1,1,0.6695887003431298,3.247639648229215,1,1,0.06911804477610595,0.03499962317319849,intron_lead,0.036500705332122574,intron_lead,0.03734589592793258,intron_lead,2.720484156500608,intron_lead,2.2288081559006896,intron_lead,1.8032687867003008,intron_lead,True
geometry_independent,collapsed,0.0,3.0,0.01,0.25,0.001,6.144212353120793e-06,6.144280623158626e-06,1.577094047307324e-14,1.5913188889003224e-14,0.815307219610919,0.0010000000000000009,0.30153492910543855,3.627318258327759,1,1,0.3484167034021271,2.9578875848560244,1,1,0.39831908073693983,2.410922909702076,1,1,0.8153418687569696,0.0010000000000000009,0.30156816440962503,3.62735527485118,1,1,0.3484500288919235,2.957924594355041,1,1,0.39835250620576934,2.4109599187652524,1,1,3.4649146050558244e-05,3.3235304186474135e-05,small,3.33254897963986e-05,small,3.342546882950659e-05,small,3.701652342114059e-05,small,3.700949901652706e-05,small,3.700906317627428e-05,small,True
geometry_independent,collapsed,0.0,3.0,0.01,0.5,0.001,6.144212353416852e-06,6.144280623011088e-06,3.475582280401013e-14,3.491431320974727e-14,0.8755391399884423,0.0010000000000000009,0.43036854245792555,3.666908841060486,1,1,0.47812978221506397,2.9974782148958026,1,1,0.5255869323340383,2.4505135445627886,1,1,0.8755745460559228,0.0010000000000000009,0.4304009783647375,3.6669473065537272,1,1,0.4781624849108214,2.9975166859112132,1,1,0.5256198816706861,2.450552015125146,1,1,3.540606748042574e-05,3.243590681195618e-05,small,3.270269575744722e-05,small,3.2949336647769556e-05,small,3.846549324126869e-05,small,3.847101541065712e-05,small,3.8470562357506566e-05,small,True
geometry_independent,collapsed,0.0,3.0,0.01,0.75,0.001,6.144212353416852e-06,6.144280623011088e-06,1.3638390106948915e-13,1.3643408028014983e-13,0.9370982933524764,0.0,0.5507752430435333,3.7074193242121503,1,1,0.6057698992537156,3.037988631561748,1,1,0.6576324779509589,2.491023963204231,1,1,0.9371351339139394,0.0,0.5508070446454341,3.7074638892186047,1,1,0.6058017475638652,3.0380331991759157,1,1,0.6576643399018178,2.4910685340836163,1,1,3.684056146302517e-05,3.180160190074943e-05,small,3.184831014957368e-05,small,3.1861950858913524e-05,small,4.45650064544445e-05,small,4.456761416760102e-05,small,4.457087938547488e-05,small,True
geometry_independent,collapsed,0.0,3.0,0.03,0.25,0.001,6.144212353120793e-06,6.144826835995351e-06,1.577094047307324e-14,1.5755062304377594e-14,0.815307219610919,0.0010000000000000009,0.30153492910543855,3.627318258327759,1,1,0.3484167034021271,2.9578875848560244,1,1,0.39831908073693983,2.410922909702076,1,1,0.8156403609962847,0.0010000000000000009,0.3018273460049698,3.6277207354419745,1,1,0.34871374454973836,2.9582900822725446,1,1,0.39861912227138485,2.411325414155069,1,1,0.00033314138536566507,0.00029241689953124483,small,0.00029704114761125444,small,0.0003000415344450169,small,0.0004024771142154826,small,0.00040249741652020887,small,0.0004025044529929467,small,True
geometry_independent,collapsed,0.0,3.0,0.03,0.5,0.001,6.144212353416852e-06,6.1448268357022226e-06,3.475582280401013e-14,3.4761366905148856e-14,0.8755391399884423,0.0010000000000000009,0.43036854245792555,3.666908841060486,1,1,0.47812978221506397,2.9974782148958026,1,1,0.5255869323340383,2.4505135445627886,1,1,0.8758843750414653,0.0,0.4306404474871194,3.667364104653241,1,1,0.478408060298827,2.9979334224815237,1,1,0.5258712115886044,2.45096874678777,1,1,0.0003452350530229742,0.00027190502919383075,small,0.0002782780837630172,small,0.0002842792545660888,small,0.00045526359275482875,small,0.0004552075857211513,small,0.00045520222498129925,small,True
geometry_independent,collapsed,0.0,3.0,0.03,0.75,0.001,6.144212353416852e-06,6.144826835848787e-06,1.3638390106948915e-13,1.364405048537799e-13,0.9370982933524764,0.0,0.5507752430435333,3.7074193242121503,1,1,0.6057698992537156,3.037988631561748,1,1,0.6576324779509589,2.491023963204231,1,1,0.9374580509968782,0.0010000000000000009,0.551030760226256,3.7080465943133625,1,1,0.606026225492049,3.0386159723936808,1,1,0.6578888059171267,2.49165130043837,1,1,0.00035975764440177027,0.0002555171827226532,small,0.00025632623833338197,small,0.00025632796616781306,small,0.0006272701012122184,small,0.0006273408319326101,small,0.0006273372341389916,small,True
geometry_independent,collapsed,0.0,3.0,0.1,0.25,0.001,6.144212353120793e-06,6.15104684964507e-06,1.577094047307324e-14,1.5905657036024054e-14,0.815307219610919,0.0010000000000000009,0.30153492910543855,3.627318258327759,1,1,0.3484167034021271,2.9578875848560244,1,1,0.39831908073693983,2.410922909702076,1,1,0.8193476507205156,0.0010000000000000009,0.3039656023426787,3.6347229469796836,1,1,0.3510885545656808,2.965292294117558,1,1,0.40117720483990643,2.41832762396598,1,1,0.0040404311095966206,0.0024306732372401663,small,0.0026718511635536735,small,0.002858124102966597,small,0.0074046886519245625,small,0.007404709261533693,small,0.007404714263903767,small,True
geometry_independent,collapsed,0.0,3.0,0.1,0.5,0.001,6.144212353416852e-06,6.15104684964507e-06,3.475582280401013e-14,3.484451363412659e-14,0.8755391399884423,0.0010000000000000009,0.43036854245792555,3.666908841060486,1,1,0.47812978221506397,2.9974782148958026,1,1,0.5255869323340383,2.4505135445627886,1,1,0.8794687209485257,0.0010000000000000009,0.4324983723955009,3.676086299677803,1,1,0.4803956590637155,3.0066556702109284,1,1,0.5279873917360438,2.4596909953154844,1,1,0.003929580960083334,0.0021298299375753227,small,0.002265876848651538,small,0.002400459402005506,small,0.009177458617317225,small,0.009177455315125815,small,0.009177450752695826,small,True
geometry_independent,collapsed,0.0,3.0,0.1,0.75,0.001,6.144212353416852e-06,6.15104684964507e-06,1.3638390106948915e-13,1.370389096427976e-13,0.9370982933524764,0.0,0.5507752430435333,3.7074193242121503,1,1,0.6057698992537156,3.037988631561748,1,1,0.6576324779509589,2.491023963204231,1,1,0.9403348014553743,0.0,0.5526201575637063,3.7201651171747194,1,1,0.6076344894233857,3.0507344727454715,1,1,0.6594990958781594,2.503769795808395,1,1,0.0032365081028978837,0.001844914520172991,small,0.0018645901696701106,small,0.0018666179272004424,small,0.012745792962569169,intron_lead,0.01274584118372335,intron_lead,0.012745832604164065,intron_lead,True
geometry_independent,collapsed,0.0,3.0,0.3,0.25,0.001,6.144212353120793e-06,6.20627510393813e-06,1.577094047307324e-14,1.6257866920436884e-14,0.815307219610919,0.0010000000000000009,0.30153492910543855,3.627318258327759,1,1,0.3484167034021271,2.9578875848560244,1,1,0.39831908073693983,2.410922909702076,1,1,0.8400104483883062,0.0,0.3101146941156737,3.726471011370535,1,1,0.35850246505409195,3.056930607300723,1,1,0.40983578708536883,2.509437737164864,1,1,0.024703228777387176,0.008579765010235163,small,0.010085761651964842,intron_lead,0.011516706348428996,intron_lead,0.09915275304277582,intron_lead,0.09904302244469854,intron_lead,0.09851482746278784,intron_lead,True
geometry_independent,collapsed,0.0,3.0,0.3,0.5,0.001,6.144212353416852e-06,6.2062751042072746e-06,3.475582280401013e-14,3.605669825780655e-14,0.8755391399884423,0.0010000000000000009,0.43036854245792555,3.666908841060486,1,1,0.47812978221506397,2.9974782148958026,1,1,0.5255869323340383,2.4505135445627886,1,1,0.89572781470484,0.0,0.4376575193034045,3.77919134510025,1,1,0.48617232402065413,3.1096373382462272,1,1,0.5344201346030231,2.5620785648697626,1,1,0.020188674716397625,0.007288976845478967,small,0.008042541805590164,small,0.008833202268984763,small,0.11228250403976414,intron_lead,0.11215912335042466,intron_lead,0.11156502030697402,intron_lead,True
geometry_independent,collapsed,0.0,3.0,0.3,0.75,0.001,6.144212353416852e-06,6.2062751042072746e-06,1.3638390106948915e-13,1.423811845715968e-13,0.9370982933524764,0.0,0.5507752430435333,3.7074193242121503,1,1,0.6057698992537156,3.037988631561748,1,1,0.6576324779509589,2.491023963204231,1,1,0.9498343145247048,0.0,0.5568734791571014,3.8371898816663736,1,1,0.6120424962360165,3.167619096363667,1,1,0.6639861557971426,2.619979302281071,1,1,0.012736021172228384,0.0060982361135680785,small,0.006272596982300871,small,0.006353677846183681,small,0.1297705574542234,intron_lead,0.12963046480191887,intron_lead,0.12895533907684031,intron_lead,True
geometry_independent,collapsed,0.0,3.0,1.0,0.25,0.001,6.144212353120793e-06,6.912238897482936e-06,1.577094047307324e-14,2.1019937517529973e-14,0.815307219610919,0.0010000000000000009,0.30153492910543855,3.627318258327759,1,1,0.3484167034021271,2.9578875848560244,1,1,0.39831908073693983,2.410922909702076,1,1,0.8853583744288355,0.0010000000000000009,0.3180423756016118,4.419919991909924,1,1,0.3683941778600049,3.7067951744783643,1,1,0.4218540306452784,3.1014334488456052,1,1,0.07005115481791646,0.01650744649617325,intron_lead,0.019977474457877786,intron_lead,0.023534949908338543,intron_lead,0.7926017335821651,intron_lead,0.7489075896223398,intron_lead,0.6905105391435291,intron_lead,True
geometry_independent,collapsed,0.0,3.0,1.0,0.5,0.001,6.144212353416852e-06,6.912238897482936e-06,3.475582280401013e-14,4.691828824561061e-14,0.8755391399884423,0.0010000000000000009,0.43036854245792555,3.666908841060486,1,1,0.47812978221506397,2.9974782148958026,1,1,0.5255869323340383,2.4505135445627886,1,1,0.9271651511575546,0.0,0.44398426155492393,4.492775905160707,1,1,0.49345158105806497,3.778787885139463,1,1,0.5427642980892671,3.1721557329683128,1,1,0.05162601116911225,0.01361571909699838,intron_lead,0.015321798843001,intron_lead,0.01717736575522877,intron_lead,0.8258670641002213,intron_lead,0.7813096702436604,intron_lead,0.7216421884055242,intron_lead,True
geometry_independent,collapsed,0.0,3.0,1.0,0.75,0.001,6.144212353416852e-06,6.912238897371914e-06,1.3638390106948915e-13,1.8636892028550124e-13,0.9370982933524764,0.0,0.5507752430435333,3.7074193242121503,1,1,0.6057698992537156,3.037988631561748,1,1,0.6576324779509589,2.491023963204231,1,1,0.9659017904469606,0.0,0.5619665235919884,4.5703200780798126,1,1,0.6174390512746742,3.855500564075183,1,1,0.6695887003431298,3.247639648229215,1,1,0.028803497094484154,0.011191280548455085,intron_lead,0.01166915202095864,intron_lead,0.011956222392170868,intron_lead,0.8629007538676623,intron_lead,0.817511932513435,intron_lead,0.7566156850249843,intron_lead,True
geometry_independent,collapsed,0.0,3.0,3.0,0.25,0.001,6.144212353120793e-06,4.3009486473325843e-05,1.577094047307324e-14,1.7806027451085995e-13,0.815307219610919,0.0010000000000000009,0.30153492910543855,3.627318258327759,1,1,0.3484167034021271,2.9578875848560244,1,1,0.39831908073693983,2.410922909702076,1,1,0.9256449835613583,0.0010000000000000009,0.3224605916792519,6.542177522791337,1,1,0.3739841341185187,5.514613174543156,1,1,0.42876728914585427,4.614400383447586,1,1,0.11033776395043926,0.02092566257381334,intron_lead,0.025567430716391615,intron_lead,0.030448208408914434,intron_lead,2.914859264463578,intron_lead,2.5567255896871313,intron_lead,2.2034774737455103,intron_lead,True
geometry_independent,collapsed,0.0,3.0,3.0,0.5,0.001,6.144212353416852e-06,4.300948647347388e-05,3.475582280401013e-14,3.99087159572867e-13,0.8755391399884423,0.0010000000000000009,0.43036854245792555,3.666908841060486,1,1,0.47812978221506397,2.9974782148958026,1,1,0.5255869323340383,2.4505135445627886,1,1,0.9535112737465133,0.0010000000000000009,0.4473150711795224,6.625227787033289,1,1,0.4973369251388174,5.59651400700253,1,1,0.5472887541249254,4.694830674054992,1,1,0.077972133758071,0.016946528721596854,intron_lead,0.019207142923753417,intron_lead,0.021701821790887088,intron_lead,2.958318945972803,intron_lead,2.5990357921067275,intron_lead,2.2443171294922033,intron_lead,True
geometry_independent,collapsed,0.0,3.0,3.0,0.75,0.001,6.144212353416852e-06,4.3009486473621905e-05,1.3638390106948915e-13,1.591170736197209e-12,0.9370982933524764,0.0,0.5507752430435333,3.7074193242121503,1,1,0.6057698992537156,3.037988631561748,1,1,0.6576324779509589,2.491023963204231,1,1,0.9786129062962262,0.0010000000000000009,0.5645295091849207,6.711769402425544,1,1,0.6201883638057032,5.682025272851691,1,1,0.6724777640652915,4.779020721320035,1,1,0.04151461294374981,0.013754266141387417,intron_lead,0.014418464551987586,intron_lead,0.014845286114332557,intron_lead,3.0043500782133936,intron_lead,2.6440366412899428,intron_lead,2.287996758115804,intron_lead,True
