scenario_index,gene,T,processing_mean,decay_mean,peak_fraction,dt,rise_50_change,rise_class_changed,rise_sign_changed,fall_50_change,fall_class_changed,fall_sign_changed,peak_change,max_normalized_signal_change
0,Kr,0.01,0.01,0.01,0.25,0.0005,-9.669102177256583e-08,False,False,5.276940632584215e-07,False,False,-4.230857475076219e-06,2.268773993230333e-06
0,Kr,0.01,0.01,0.01,0.25,0.00025,-9.028312467074251e-08,False,False,5.081276852961225e-07,False,False,-3.711240207251651e-06,2.7304699886272765e-06
1,Kr,0.01,0.01,0.01,0.5,0.0005,4.0856988300225217e-07,False,False,-2.879361275399256e-07,False,False,5.970685565750977e-08,2.187997403146902e-06
1,Kr,0.01,0.01,0.01,0.5,0.00025,3.905219708374985e-07,False,False,-2.7062540346352304e-07,False,False,5.9263137706239144e-08,2.188059721741631e-06
2,Kr,0.01,0.01,0.01,0.75,0.0005,4.5942390629674645e-08,False,False,6.608041492467409e-08,False,False,-7.90810885397189e-06,2.416977513632415e-06
2,Kr,0.01,0.01,0.01,0.75,0.00025,4.4758739008513015e-08,False,False,6.622481963508564e-08,False,False,-9.912819845515203e-06,3.018365252223029e-06
15,Kr,0.01,0.01,3.0,0.25,0.0005,-2.5968932668152256e-07,False,False,3.231688001648081e-07,False,False,1.6524167395504108e-06,2.258202280946975e-06
15,Kr,0.01,0.01,3.0,0.25,0.00025,-2.9002505100295117e-07,False,False,-4.969801947751762e-08,False,False,3.592210446878852e-06,2.7301907039554985e-06
16,Kr,0.01,0.01,3.0,0.5,0.0005,1.532909293944229e-07,False,False,-2.1275439587853384e-06,False,False,-2.0091759928009267e-07,7.301044147034474e-07
16,Kr,0.01,0.01,3.0,0.5,0.00025,1.0810833556140764e-07,False,False,-2.224794756866544e-06,False,False,-4.760972484585402e-07,7.945586478486089e-07
17,Kr,0.01,0.01,3.0,0.75,0.0005,5.4454948966720096e-08,False,False,-8.142228433705156e-07,False,False,-2.6262468437260322e-05,2.4171053403070075e-06
17,Kr,0.01,0.01,3.0,0.75,0.00025,3.7416644588228465e-08,False,False,-1.0531983445360993e-06,False,False,-3.289639102263542e-05,3.0185260342392023e-06
39,Kr,0.01,0.1,0.03,0.25,0.0005,-3.321266535578904e-08,False,False,1.4734468144032842e-07,False,False,-1.5560295098249188e-07,1.540717258774471e-06
39,Kr,0.01,0.1,0.03,0.25,0.00025,-2.749940876574375e-08,False,False,1.4613851205373674e-07,False,False,-1.5607557836416763e-07,1.7438692933025024e-06
40,Kr,0.01,0.1,0.03,0.5,0.0005,-1.473031278030612e-07,False,False,1.9245909702557407e-07,False,False,-8.677561308401138e-10,8.630133713216637e-07
40,Kr,0.01,0.1,0.03,0.5,0.00025,-1.6877916325305775e-07,False,False,2.153121405942121e-07,False,False,-1.5008361636814627e-09,9.985705081705376e-07
41,Kr,0.01,0.1,0.03,0.75,0.0005,-4.2297182382272647e-07,False,False,1.680804205539399e-07,False,False,6.617624239146913e-07,2.6935067534150647e-06
41,Kr,0.01,0.1,0.03,0.75,0.00025,-2.2748771719843797e-07,False,False,6.011996264709829e-08,False,False,2.8718661698734493e-07,2.8768478030904987e-06
79,Kr,0.01,1.0,0.1,0.5,0.0005,3.934187331813832e-09,False,False,-1.2759060023792568e-08,False,False,-1.4533687654402772e-08,2.7056830137484056e-07
79,Kr,0.01,1.0,0.1,0.5,0.00025,2.144659818660577e-08,False,False,-7.240709831018988e-08,False,False,7.456329930224936e-09,3.726554390626191e-07
90,Kr,0.01,3.0,0.01,0.25,0.0005,-4.4201040104961675e-08,False,False,1.2871552318785562e-08,False,False,6.703678341601904e-10,4.515110393621402e-07
90,Kr,0.01,3.0,0.01,0.25,0.00025,-1.477037553290067e-08,False,False,-2.8420182246989556e-07,False,False,1.344238098228978e-07,5.739126972895137e-07
91,Kr,0.01,3.0,0.01,0.5,0.0005,9.169105971793684e-08,False,False,-1.1999023046271873e-06,False,False,5.158467286190543e-07,7.263246522004607e-07
91,Kr,0.01,3.0,0.01,0.5,0.00025,7.576232671866606e-08,False,False,-1.0007864856831361e-06,False,False,4.3219378471383296e-07,7.66972049870418e-07
92,Kr,0.01,3.0,0.01,0.75,0.0005,-3.391031939883188e-08,False,False,9.739263273460252e-09,False,False,5.6954589551516666e-09,3.1350885976166865e-07
92,Kr,0.01,3.0,0.01,0.75,0.00025,-1.6506714286233792e-08,False,False,1.7740938595793565e-08,False,False,6.620708720844748e-09,3.9408614926905727e-07
101,Kr,0.01,3.0,0.3,0.75,0.0005,-1.01933834744522e-07,False,False,6.038641281458368e-08,False,False,-5.4142100788801e-07,3.1144897461032883e-07
101,Kr,0.01,3.0,0.3,0.75,0.00025,-3.5655983537247193e-08,False,False,-6.122499076055554e-07,False,False,-2.0614963744391979e-07,5.786709912358745e-07
105,Kr,0.01,3.0,3.0,0.25,0.0005,5.6198615761005044e-08,False,False,-5.695758811263829e-07,False,False,1.3490516970193767e-07,4.5112881074532707e-07
105,Kr,0.01,3.0,3.0,0.25,0.00025,6.657883616645321e-08,False,False,-5.310907025268818e-07,False,False,-1.6740136399295835e-07,5.681730861142875e-07
106,Kr,0.01,3.0,3.0,0.5,0.0005,-2.8894424155406773e-08,False,False,-5.3473096173206613e-08,False,False,-4.955671520645577e-07,3.421969232419997e-07
106,Kr,0.01,3.0,3.0,0.5,0.00025,-5.1566131722274866e-08,False,False,1.9671181439306906e-07,False,False,-1.1062732891697902e-06,4.4498677964632805e-07
107,Kr,0.01,3.0,3.0,0.75,0.0005,-9.584064841056117e-08,False,False,-6.271172332539265e-07,False,False,-2.1837527525783718e-06,3.2696837093393327e-07
107,Kr,0.01,3.0,3.0,0.75,0.00025,-1.0613469802328579e-07,False,False,-5.091349049024529e-07,False,False,-3.4301973980757627e-06,3.919579752986735e-07
540,Kr,3.0,0.01,0.01,0.25,0.0005,1.1335433436343578e-07,False,False,-7.799346191106338e-08,False,False,-1.6944762588622098e-06,5.603862845982022e-07
540,Kr,3.0,0.01,0.01,0.25,0.00025,-2.8073708469023018e-08,False,False,-1.8606927554287722e-08,False,False,-1.7689681595101092e-06,7.005080639999051e-07
541,Kr,3.0,0.01,0.01,0.5,0.0005,1.75023237014571e-07,False,False,-4.675671538834081e-08,False,False,-4.6981452672678614e-07,3.0631417563542485e-07
541,Kr,3.0,0.01,0.01,0.5,0.00025,2.189393226714742e-07,False,False,-5.563124938490205e-08,False,False,-5.882653918432013e-07,3.829208425620845e-07
542,Kr,3.0,0.01,0.01,0.75,0.0005,4.7371367362103456e-07,False,False,1.303928520712816e-09,False,False,-3.5106197693313135e-07,9.652632478873713e-07
542,Kr,3.0,0.01,0.01,0.75,0.00025,5.000120495424198e-07,False,False,2.4791072306129536e-08,False,False,-3.81575187557992e-07,9.691884490514724e-07
555,Kr,3.0,0.01,3.0,0.25,0.0005,-4.926644225911048e-08,False,False,-4.1527723881884526e-07,False,False,-2.1273612709205025e-06,2.727226169341179e-07
555,Kr,3.0,0.01,3.0,0.25,0.00025,-2.5070198339527394e-07,False,False,-3.669900636715795e-07,False,False,-2.3509960656031836e-06,6.401017793589148e-07
556,Kr,3.0,0.01,3.0,0.5,0.0005,1.8812613689078717e-09,False,False,-5.361426733685448e-07,False,False,-9.940554086540487e-07,2.2546591321725984e-07
556,Kr,3.0,0.01,3.0,0.5,0.00025,2.021091072279546e-09,False,False,-6.271706514127118e-07,False,False,-1.2608550274961772e-06,2.8364819143478215e-07
557,Kr,3.0,0.01,3.0,0.75,0.0005,4.376934548133704e-08,False,False,-9.24099607058082e-07,False,False,-5.056722287566373e-07,4.2028728460680176e-07
557,Kr,3.0,0.01,3.0,0.75,0.00025,-1.8791523892502937e-09,False,False,-9.990606484322484e-07,False,False,-6.261606191326763e-07,5.318669407394783e-07
630,Kr,3.0,3.0,0.01,0.25,0.0005,9.019457403169895e-08,False,False,-1.33764419096849e-07,False,False,-6.809795716211653e-08,1.1524521226213835e-07
630,Kr,3.0,3.0,0.01,0.25,0.00025,1.1875219163570705e-07,False,False,-1.657954511458115e-07,False,False,-1.1606853622669888e-07,1.4633822564835697e-07
631,Kr,3.0,3.0,0.01,0.5,0.0005,1.1495613105871882e-07,False,False,-2.2825600076714636e-07,False,False,-1.5331465874623973e-08,1.3297794687616715e-07
631,Kr,3.0,3.0,0.01,0.5,0.00025,1.4686233562599682e-07,False,False,-2.8501282933746097e-07,False,False,-1.9160009578911286e-08,1.6622529719345636e-07
632,Kr,3.0,3.0,0.01,0.75,0.0005,-3.874168097439679e-09,False,False,7.193670903404836e-08,False,False,2.3023491246831895e-07,2.5430704142515026e-07
632,Kr,3.0,3.0,0.01,0.75,0.00025,5.239510492138777e-08,False,False,-2.2645218855643634e-07,False,False,4.433693012728668e-07,3.742076983836995e-07
645,Kr,3.0,3.0,3.0,0.25,0.0005,8.554179897757308e-08,False,False,-5.125442799069901e-07,False,False,2.3122069436887216e-07,1.3679898613894181e-07
645,Kr,3.0,3.0,3.0,0.25,0.00025,7.67566215031934e-08,False,False,-3.9489227976474695e-07,False,False,5.6241230117493046e-08,1.4366091738438058e-07
646,Kr,3.0,3.0,3.0,0.5,0.0005,8.00002328826821e-08,False,False,-4.884116631131974e-07,False,False,-2.2155350221098047e-08,1.3280246169422583e-07
646,Kr,3.0,3.0,3.0,0.5,0.00025,8.32950020068779e-08,False,False,-4.986056119093973e-07,False,False,-1.6594985186024758e-07,1.4145928983744227e-07
647,Kr,3.0,3.0,3.0,0.75,0.0005,-1.0366173386344713e-07,False,False,3.442865743608081e-07,False,False,-9.804925231726713e-07,1.9413741059182144e-07
647,Kr,3.0,3.0,3.0,0.75,0.00025,-8.600462408914211e-08,False,False,1.1484119610827292e-07,False,False,-8.660288197681609e-07,2.0503955455719591e-07
648,mlpt,0.01,0.01,0.01,0.25,0.0005,2.3759926029258416e-08,False,False,1.2427729565930856e-08,False,False,1.4600379454401957e-06,2.0769860459880773e-06
648,mlpt,0.01,0.01,0.01,0.25,0.00025,-3.891812086227048e-08,False,False,1.2503539176082767e-07,False,False,2.3431870672246946e-07,2.6706874107287892e-06
649,mlpt,0.01,0.01,0.01,0.5,0.0005,-1.0683994990014906e-07,False,False,1.453896693792353e-07,False,False,1.930904388377369e-08,1.310151591660258e-06
649,mlpt,0.01,0.01,0.01,0.5,0.00025,-6.262419667470848e-08,False,False,6.36163679157073e-08,False,False,6.768286686317793e-10,1.3095198873047664e-06
650,mlpt,0.01,0.01,0.01,0.75,0.0005,-3.830858839679735e-07,False,False,1.519971272630205e-07,False,False,-3.4663286729245263e-07,2.4711569928739796e-06
650,mlpt,0.01,0.01,0.01,0.75,0.00025,-4.4128032084846114e-07,False,False,1.4607386316159432e-07,False,False,-1.3522122635995296e-06,3.04825302875969e-06
663,mlpt,0.01,0.01,3.0,0.25,0.0005,-7.173700058982213e-08,False,False,-1.3285359390380336e-07,False,False,7.313555670074301e-06,2.0767918385150574e-06
663,mlpt,0.01,0.01,3.0,0.25,0.00025,-1.6207459493933207e-07,False,False,-2.4544198629072866e-07,False,False,7.613944643880544e-06,2.6705528480795715e-06
664,mlpt,0.01,0.01,3.0,0.5,0.0005,-6.31498180136969e-08,False,False,-1.6215627289817292e-06,False,False,-3.1199177907836884e-07,1.31411464088238e-06
664,mlpt,0.01,0.01,3.0,0.5,0.00025,-8.608432647272402e-08,False,False,-1.725474599645338e-06,False,False,-5.795568429611819e-07,1.3134063407971297e-06
665,mlpt,0.01,0.01,3.0,0.75,0.0005,-3.096570300731294e-07,False,False,-6.406981496454023e-07,False,False,-1.8939730844019786e-05,2.4713850698410145e-06
665,mlpt,0.01,0.01,3.0,0.75,0.00025,-3.671094228607785e-07,False,False,-8.534836615226027e-07,False,False,-2.4612317866573585e-05,3.0484584100827494e-06
702,mlpt,0.01,0.3,0.01,0.25,0.0005,1.1104307695575244e-08,False,False,2.6934194985450688e-08,False,False,-3.7479075398756505e-08,8.36731782083433e-07
702,mlpt,0.01,0.3,0.01,0.25,0.00025,2.3715749253305773e-08,False,False,3.0248225368900705e-08,False,False,-3.63148972004691e-08,1.0327564186340954e-06
703,mlpt,0.01,0.3,0.01,0.5,0.0005,3.284386596025257e-09,False,False,8.022673969597415e-08,False,False,9.688830848730845e-10,4.1020345331599373e-07
703,mlpt,0.01,0.3,0.01,0.5,0.00025,-1.544533223540867e-08,False,False,6.659195705970044e-08,False,False,-4.086609717290912e-09,5.931669279091167e-07
704,mlpt,0.01,0.3,0.01,0.75,0.0005,7.271100066486014e-08,False,False,-1.881069893169341e-07,False,False,-2.6629997540442764e-08,1.2648221795474868e-06
704,mlpt,0.01,0.3,0.01,0.75,0.00025,4.151449073397373e-08,False,False,-1.0865251564984974e-07,False,False,-1.355119161328472e-08,1.8048084389210572e-06
720,mlpt,0.01,1.0,0.01,0.25,0.0005,-1.3359212417936653e-07,False,False,3.102778031540451e-07,False,False,-1.5149443089888456e-07,5.42650933993416e-07
720,mlpt,0.01,1.0,0.01,0.25,0.00025,-9.982275010452304e-08,False,False,2.6520507160696506e-07,False,False,-1.4182723618747992e-07,6.808142871544964e-07
721,mlpt,0.01,1.0,0.01,0.5,0.0005,-1.418000732513543e-07,False,False,5.24273398692693e-07,False,False,-1.997254599176324e-07,7.511190180942151e-07
721,mlpt,0.01,1.0,0.01,0.5,0.00025,-1.2383611770603502e-07,False,False,4.706843155217024e-07,False,False,-1.7591994458087128e-07,8.166833790346217e-07
722,mlpt,0.01,1.0,0.01,0.75,0.0005,1.6461241012541254e-08,False,False,-3.3467410659064395e-08,False,False,-6.033850987401763e-09,4.908946309445383e-07
722,mlpt,0.01,1.0,0.01,0.75,0.00025,1.5273081175107544e-07,False,False,-5.439014274906601e-07,False,False,1.3179987422374325e-07,1.0816581580419538e-06
738,mlpt,0.01,3.0,0.01,0.25,0.0005,-5.913768433990236e-08,False,False,1.2365822778122836e-06,False,False,-5.626553190792331e-07,5.002425160771651e-07
738,mlpt,0.01,3.0,0.01,0.25,0.00025,-6.538160283325618e-08,False,False,1.055551187249728e-06,False,False,-4.806233203298897e-07,5.65961315389385e-07
739,mlpt,0.01,3.0,0.01,0.5,0.0005,9.357020290323226e-08,False,False,-1.3116763360180217e-06,False,False,5.665678711377214e-07,6.284929917610427e-07
739,mlpt,0.01,3.0,0.01,0.5,0.00025,5.996505690397192e-08,False,False,-9.154328051422711e-07,False,False,3.988255354494402e-07,6.666713608938224e-07
740,mlpt,0.01,3.0,0.01,0.75,0.0005,4.546135956031393e-08,False,False,5.98381834282505e-07,False,False,-2.7088967034975624e-07,4.928304974116671e-07
740,mlpt,0.01,3.0,0.01,0.75,0.00025,-7.337201074356439e-09,False,False,1.2561140016797897e-06,False,False,-5.410111150063021e-07,7.829958190708197e-07
741,mlpt,0.01,3.0,0.03,0.25,0.0005,-1.7885791903093917e-08,False,False,3.213569677658519e-08,False,False,-2.3423164074994838e-08,5.002425160771651e-07
741,mlpt,0.01,3.0,0.03,0.25,0.00025,-1.0834437569329225e-08,False,False,2.9176052691219992e-08,False,False,-2.238167151613285e-08,5.662169927991845e-07
742,mlpt,0.01,3.0,0.03,0.5,0.0005,-1.6065409058629854e-08,False,False,1.9248854781124276e-07,False,False,-8.200181977890963e-08,2.2510463831837413e-07
742,mlpt,0.01,3.0,0.03,0.5,0.00025,-1.6569633332075284e-08,False,False,2.0936776006137432e-07,False,False,-8.464218215209485e-08,3.7227899107872275e-07
743,mlpt,0.01,3.0,0.03,0.75,0.0005,1.7663335220667858e-07,False,False,-1.637823174377483e-06,False,False,6.805349367606595e-07,1.026492114641897e-06
743,mlpt,0.01,3.0,0.03,0.75,0.00025,1.3415533787846084e-07,False,False,-9.84402269882433e-07,False,False,4.0779164292190865e-07,1.10148735898985e-06
745,mlpt,0.01,3.0,0.1,0.5,0.0005,9.836055738714038e-08,False,False,-1.2490059062564285e-06,False,False,5.567044230334398e-07,6.140628653339419e-07
745,mlpt,0.01,3.0,0.1,0.5,0.00025,6.811644728192505e-08,False,False,-8.556263000336628e-07,False,False,3.838309688150923e-07,6.50883563824145e-07
747,mlpt,0.01,3.0,0.3,0.25,0.0005,-9.191371025396577e-08,False,False,1.255867544652789e-06,False,False,-6.465722084542103e-07,5.002425160771651e-07
747,mlpt,0.01,3.0,0.3,0.25,0.00025,-8.837579185128064e-08,False,False,1.261970099114551e-06,False,False,-6.662982186128596e-07,5.65961315389385e-07
753,mlpt,0.01,3.0,3.0,0.25,0.0005,-2.457686018239591e-08,False,False,1.2556231530069795e-06,False,False,-1.56854993900446e-06,5.002425160771651e-07
753,mlpt,0.01,3.0,3.0,0.25,0.00025,-2.7247593761131617e-08,False,False,1.1353832070071235e-06,False,False,-1.5811571344032105e-06,5.65961315389385e-07
754,mlpt,0.01,3.0,3.0,0.5,0.0005,-1.2510167440166198e-08,False,False,-2.8524308648414376e-07,False,False,-6.976988588813793e-07,2.2510463831837413e-07
754,mlpt,0.01,3.0,3.0,0.5,0.00025,-5.2316814030256564e-08,False,False,1.571590484417129e-07,False,False,-1.3870623032097296e-06,3.7227899107872275e-07
755,mlpt,0.01,3.0,3.0,0.75,0.0005,-1.1579708440040415e-07,False,False,1.0186514054488782e-06,False,False,-5.377569444096897e-06,4.928304974116671e-07
755,mlpt,0.01,3.0,3.0,0.75,0.00025,-1.843117897540325e-07,False,False,1.6224184764546123e-06,False,False,-6.464061272824784e-06,7.829958190708197e-07
792,mlpt,0.03,0.1,0.01,0.25,0.0005,-1.6817020946573277e-07,False,False,3.792831510961343e-07,False,False,-4.847274266778982e-07,1.7859173787604377e-06
792,mlpt,0.03,0.1,0.01,0.25,0.00025,-1.1908078027749011e-07,False,False,2.888939736199654e-07,False,False,-3.71499643528415e-07,1.812407861012666e-06
793,mlpt,0.03,0.1,0.01,0.5,0.0005,-3.944875467265388e-08,False,False,7.390945981324221e-08,False,False,1.419272677161132e-08,6.001222573881471e-07
793,mlpt,0.03,0.1,0.01,0.5,0.00025,-6.643886132229196e-08,False,False,9.686532457788216e-08,False,False,1.3448746338795559e-08,8.112670831228463e-07
812,mlpt,0.03,0.3,0.01,0.75,0.0005,-1.2212544342124487e-08,False,False,-5.945472603130497e-08,False,False,1.688541197673605e-08,7.98844567384549e-07
812,mlpt,0.03,0.3,0.01,0.75,0.00025,9.184178037004165e-08,False,False,-1.48805088695525e-07,False,False,-2.8997939141811417e-08,1.273903119103359e-06
830,mlpt,0.03,1.0,0.01,0.75,0.0005,-1.611886969636947e-07,False,False,3.2189767362744703e-07,False,False,-1.1402621196289053e-07,1.5269495110548092e-06
830,mlpt,0.03,1.0,0.01,0.75,0.00025,-1.1245172261854092e-07,False,False,1.949277157464735e-07,False,False,-7.648340332323377e-08,1.6533679411123714e-06
831,mlpt,0.03,1.0,0.03,0.25,0.0005,1.6134297953218635e-08,False,False,9.061926301804236e-08,False,False,-2.727545288504782e-09,5.520931483857239e-07
831,mlpt,0.03,1.0,0.03,0.25,0.00025,-7.56374968213791e-09,False,False,2.5199056622696604e-07,False,False,-6.554265429169399e-08,6.857103867080605e-07
847,mlpt,0.03,3.0,0.01,0.5,0.0005,1.3801714595978662e-07,False,False,-1.6661612330636508e-06,False,False,7.148070627459183e-07,6.933016309940143e-07
847,mlpt,0.03,3.0,0.01,0.5,0.00025,1.3086918817855828e-07,False,False,-1.6023047995893656e-06,False,False,6.887132491915785e-07,7.31804319031859e-07
849,mlpt,0.03,3.0,0.03,0.25,0.0005,1.7765502138508173e-08,False,False,-1.1072011063539833e-06,False,False,4.856524167868204e-07,4.7666884223085404e-07
849,mlpt,0.03,3.0,0.03,0.25,0.00025,-1.7003195060586417e-08,False,False,-1.1070291674464272e-06,False,False,4.855011466792692e-07,5.86822026277245e-07
853,mlpt,0.03,3.0,0.1,0.5,0.0005,3.2592832553083456e-08,False,False,-5.09144361749217e-07,False,False,1.8731772113891182e-07,3.138017974357865e-07
853,mlpt,0.03,3.0,0.1,0.5,0.00025,4.339401805464674e-08,False,False,-6.644662446601141e-07,False,False,2.552554854420505e-07,4.207955477397718e-07
882,mlpt,0.1,0.03,0.01,0.25,0.0005,2.2365286978312526e-07,False,False,-5.351425707189779e-07,False,False,1.8283853921903796e-06,2.448294400325679e-06
882,mlpt,0.1,0.03,0.01,0.25,0.00025,2.2509654043836869e-07,False,False,-5.373859458712889e-07,False,False,1.7068364704849186e-06,2.520599133082335e-06
883,mlpt,0.1,0.03,0.01,0.5,0.0005,7.031833329160242e-09,False,False,5.4220456111031545e-09,False,False,4.762373550203092e-09,6.039405584731816e-07
883,mlpt,0.1,0.03,0.01,0.5,0.00025,2.177899260068228e-08,False,False,-3.4169338261613724e-09,False,False,6.250498173730745e-09,7.556271059763753e-07
884,mlpt,0.1,0.03,0.01,0.75,0.0005,6.002011776473637e-09,False,False,-3.638849702461422e-09,False,False,-3.0451880851413426e-06,1.9904733075809533e-06
884,mlpt,0.1,0.03,0.01,0.75,0.00025,-4.1319847710052926e-08,False,False,1.245996990827114e-08,False,False,-3.4959169504834853e-06,2.508223383088093e-06
887,mlpt,0.1,0.03,0.03,0.75,0.0005,9.878107823033111e-09,False,False,-1.273419267255882e-08,False,False,-3.6742723301085023e-06,1.9904733075809533e-06
887,mlpt,0.1,0.03,0.03,0.75,0.00025,-3.9865290910393036e-08,False,False,1.5620534032922961e-09,False,False,-4.2826234061786594e-06,2.508223383088093e-06
900,mlpt,0.1,0.1,0.01,0.25,0.0005,7.385113860291365e-08,False,False,-2.0728638563255464e-07,False,False,2.6874564076039e-07,1.2487197511151793e-06
900,mlpt,0.1,0.1,0.01,0.25,0.00025,7.648119738478537e-08,False,False,-2.154897145376089e-07,False,False,2.745708059994495e-07,1.5599940446919813e-06
901,mlpt,0.1,0.1,0.01,0.5,0.0005,-1.3402963386279637e-07,False,False,1.1156341190622643e-07,False,False,-1.3504449468404456e-09,1.4570738121610916e-06
901,mlpt,0.1,0.1,0.01,0.5,0.00025,-1.062804237663903e-07,False,False,8.25844835381645e-08,False,False,-4.6125711236633116e-10,1.4571337645374882e-06
902,mlpt,0.1,0.1,0.01,0.75,0.0005,-3.7812722768898466e-08,False,False,2.680063965975442e-07,False,False,-1.0725894004671999e-06,1.2571245263659492e-06
902,mlpt,0.1,0.1,0.01,0.75,0.00025,-1.8796090304681878e-07,False,False,3.413283964025758e-07,False,False,-1.045101195643744e-06,1.776998788782791e-06
920,mlpt,0.1,0.3,0.01,0.75,0.0005,-4.0783339951694364e-08,False,False,2.966333120077609e-07,False,False,6.976794868825825e-08,7.809403772540691e-07
920,mlpt,0.1,0.3,0.01,0.75,0.00025,-5.6304628095332765e-08,False,False,3.075524755810806e-07,False,False,8.706142933575384e-08,9.757303353064017e-07
938,mlpt,0.1,1.0,0.01,0.75,0.0005,-8.425550178121216e-08,False,False,7.245476781915505e-08,False,False,-8.526518837747958e-08,4.970639769785734e-07
938,mlpt,0.1,1.0,0.01,0.75,0.00025,-1.0654971991947565e-07,False,False,2.0712483624930889e-07,False,False,-1.1482844766252769e-07,1.0356066525440966e-06
941,mlpt,0.1,1.0,0.03,0.75,0.0005,1.1351400474278461e-07,False,False,-5.357907273129126e-07,False,False,1.257103703482818e-07,1.0080812816726237e-06
941,mlpt,0.1,1.0,0.03,0.75,0.00025,5.055534678909124e-08,False,False,-1.9467826214980555e-07,False,False,2.6537195009696847e-08,1.2464419858471132e-06
960,mlpt,0.1,3.0,0.1,0.25,0.0005,3.315084843625877e-09,False,False,8.378625873470963e-07,False,False,-3.939005142885796e-07,4.6172150286460933e-07
960,mlpt,0.1,3.0,0.1,0.25,0.00025,4.907739629457248e-09,False,False,8.412016652501603e-07,False,False,-4.0106172413591906e-07,5.730278088908469e-07
971,mlpt,0.1,3.0,3.0,0.75,0.0005,-9.443955250980351e-08,False,False,6.048602667618752e-07,False,False,-2.5603305607163618e-06,3.018063783333247e-07
971,mlpt,0.1,3.0,3.0,0.75,0.00025,-9.856951266144776e-08,False,False,7.512458402025857e-07,False,False,-3.2000990575625776e-06,3.773094136017008e-07
972,mlpt,0.3,0.01,0.01,0.25,0.0005,1.513558632853379e-07,False,False,-2.2230445913783148e-08,False,False,3.1491556613319482e-06,1.8057635857715582e-06
972,mlpt,0.3,0.01,0.01,0.25,0.00025,2.64625123589865e-07,False,False,-1.341615607350008e-07,False,False,4.049862302048235e-06,2.2569453667908856e-06
990,mlpt,0.3,0.03,0.01,0.25,0.0005,1.0011119550012992e-07,False,False,8.205669579930408e-08,False,False,1.1390412062613209e-06,1.618476105719191e-06
990,mlpt,0.3,0.03,0.01,0.25,0.00025,1.1802771676672208e-07,False,False,1.3788204869524812e-07,False,False,1.2608827490052932e-06,2.0488404567919893e-06
991,mlpt,0.3,0.03,0.01,0.5,0.0005,3.750914999677002e-07,False,False,-3.8034795965362356e-07,False,False,1.5117553493759761e-09,1.8677867977823226e-06
991,mlpt,0.3,0.03,0.01,0.5,0.00025,3.829433499157042e-07,False,False,-3.823919265382586e-07,False,False,1.3089068336136211e-09,1.8677869519923007e-06
992,mlpt,0.3,0.03,0.01,0.75,0.0005,2.249813840435322e-08,False,False,8.144756730946862e-08,False,False,-1.3688834168759656e-06,1.4591185712176102e-06
992,mlpt,0.3,0.03,0.01,0.75,0.00025,3.660165575833374e-08,False,False,9.235387250176169e-08,False,False,-1.5034259844073916e-06,1.8970520650751777e-06
994,mlpt,0.3,0.03,0.03,0.5,0.0005,9.659712716346414e-08,False,False,-1.1155249978259119e-07,False,False,1.002885566963891e-09,5.546228958874799e-07
994,mlpt,0.3,0.03,0.03,0.5,0.00025,1.841154034561837e-07,False,False,-1.9578037534564996e-07,False,False,8.20005744567049e-10,7.888572182146447e-07
1009,mlpt,0.3,0.1,0.01,0.5,0.0005,-7.582163049496549e-08,False,False,1.4686519281964516e-08,False,False,-3.3271288051028858e-09,6.029283775577099e-07
1009,mlpt,0.3,0.1,0.01,0.5,0.00025,-1.3701372882785057e-07,False,False,6.561167803856294e-08,False,False,-4.54223637522122e-09,8.244140773383535e-07
1010,mlpt,0.3,0.1,0.01,0.75,0.0005,2.290408322030979e-08,False,False,2.97511779836189e-07,False,False,-1.1779534746514386e-06,9.611359023664612e-07
1010,mlpt,0.3,0.1,0.01,0.75,0.00025,-1.3296137267582164e-08,False,False,3.8542036558033427e-07,False,False,-1.3692077818205917e-06,1.2853824648551004e-06
1011,mlpt,0.3,0.1,0.03,0.25,0.0005,2.0115612320292797e-07,False,False,-5.1175569894604256e-08,False,False,-3.044990596568972e-07,1.0760904472495447e-06
1011,mlpt,0.3,0.1,0.03,0.25,0.00025,3.338146577491763e-07,False,False,-1.5517994356346876e-07,False,False,-2.0238803268967515e-07,1.3446171391595652e-06
1012,mlpt,0.3,0.1,0.03,0.5,0.0005,-5.409456190971773e-08,False,False,1.743526606366708e-08,False,False,-3.2385524591921344e-09,6.029283775577099e-07
1012,mlpt,0.3,0.1,0.03,0.5,0.00025,-1.061831752212361e-07,False,False,6.489240605921077e-08,False,False,-4.4301206366531565e-09,8.244140773383535e-07
1013,mlpt,0.3,0.1,0.03,0.75,0.0005,8.774853267612404e-09,False,False,3.387404419966794e-07,False,False,-1.3224622085541982e-06,9.611359023664612e-07
1013,mlpt,0.3,0.1,0.03,0.75,0.00025,-4.879980210897861e-08,False,False,4.4789928085355035e-07,False,False,-1.534986118913173e-06,1.2853824648551004e-06
1033,mlpt,0.3,0.3,0.1,0.5,0.0005,2.087777290753906e-07,False,False,-3.6414463260026064e-07,False,False,2.5592236156668502e-08,8.495478990289129e-07
1033,mlpt,0.3,0.3,0.1,0.5,0.00025,2.0894090854532699e-07,False,False,-3.596995283156046e-07,False,False,1.419729449975149e-08,8.894599505815393e-07
1054,mlpt,0.3,1.0,0.3,0.5,0.0005,8.017394951924384e-09,False,False,1.6335203883999228e-07,False,False,-1.911159198259016e-07,2.669455003156962e-07
1054,mlpt,0.3,1.0,0.3,0.5,0.00025,-2.3489780805359406e-08,False,False,2.5770663497626245e-07,False,False,-2.703966382605616e-07,3.7634970728728234e-07
1055,mlpt,0.3,1.0,0.3,0.75,0.0005,-1.0152896490721319e-07,False,False,5.785380790823691e-07,False,False,6.035639355111977e-07,6.998357579002246e-07
1055,mlpt,0.3,1.0,0.3,0.75,0.00025,-1.5448724278131765e-07,False,False,7.991616420566228e-07,False,False,6.84188397062635e-07,1.0858906831501258e-06
1062,mlpt,0.3,3.0,0.01,0.25,0.0005,5.68180483044578e-08,False,False,-8.943784668286048e-07,False,False,5.111886878760019e-07,4.032404475745599e-07
1062,mlpt,0.3,3.0,0.01,0.25,0.00025,6.520998683742785e-08,False,False,-8.752498530245623e-07,False,False,4.5650698826324443e-07,5.037524069412269e-07
1065,mlpt,0.3,3.0,0.03,0.25,0.0005,5.775419663692216e-08,False,False,-8.645262474168969e-07,False,False,5.119052630501997e-07,4.032404475745599e-07
1065,mlpt,0.3,3.0,0.03,0.25,0.00025,6.485310082363083e-08,False,False,-8.506371526537104e-07,False,False,4.571123346334971e-07,5.037524069412269e-07
1072,mlpt,0.3,3.0,0.3,0.5,0.0005,-5.437895282504879e-09,False,False,1.642617757646736e-07,False,False,4.522095938125359e-07,2.2509372685219908e-07
1072,mlpt,0.3,3.0,0.3,0.5,0.00025,1.4928613197191798e-08,False,False,-5.843081260503702e-08,False,False,6.943058628444687e-07,2.8115655768823355e-07
1076,mlpt,0.3,3.0,1.0,0.75,0.0005,-1.247405089273984e-07,False,False,1.622033050541205e-06,False,False,-6.489540839565988e-07,8.702617751987773e-07
1076,mlpt,0.3,3.0,1.0,0.75,0.00025,-1.3791290066032802e-07,False,False,1.6951154946376334e-06,False,False,-7.488248174175594e-07,9.299780261429191e-07
1095,mlpt,1.0,0.01,3.0,0.25,0.0005,-5.267276937809262e-07,False,False,-2.7458788975920356e-07,False,False,6.305280658702728e-07,7.008477654890655e-07
1095,mlpt,1.0,0.01,3.0,0.25,0.00025,-7.229307766726256e-07,False,False,-3.2349071954485e-07,False,False,7.74415272797313e-07,8.735459432474002e-07
1188,mlpt,3.0,0.01,0.01,0.25,0.0005,-2.6064536085002032e-08,False,False,8.431138009967754e-09,False,False,4.802150499472191e-08,4.78475826182212e-07
1188,mlpt,3.0,0.01,0.01,0.25,0.00025,-1.5407485287610712e-09,False,False,-1.0680695439191368e-08,False,False,4.161714084460755e-08,6.465509486686116e-07
1189,mlpt,3.0,0.01,0.01,0.5,0.0005,1.5356169047464618e-07,False,False,-6.471338931390846e-08,False,False,-6.006618580300938e-08,8.803092542697399e-07
1189,mlpt,3.0,0.01,0.01,0.5,0.00025,9.62379609337205e-08,False,False,-4.701267153350841e-08,False,False,-1.1224235763052093e-08,9.488969885396159e-07
1190,mlpt,3.0,0.01,0.01,0.75,0.0005,7.870629326056644e-08,False,False,-3.5097769579550686e-08,False,False,-5.9142775121756586e-08,7.226602350973721e-07
1190,mlpt,3.0,0.01,0.01,0.75,0.00025,2.6122145335705227e-08,False,False,-3.1597127581051154e-08,False,False,5.767245347954031e-09,7.773318612125379e-07
1203,mlpt,3.0,0.01,3.0,0.25,0.0005,-6.703313191191995e-07,False,False,5.49875474042949e-08,False,False,-1.195385681995731e-06,4.1690314012132745e-07
1203,mlpt,3.0,0.01,3.0,0.25,0.00025,-7.331110845054667e-07,False,False,-6.369682337137306e-08,False,False,-1.4248326456467453e-06,5.224635571954295e-07
1204,mlpt,3.0,0.01,3.0,0.5,0.0005,-4.1110830428792156e-07,False,False,-6.32635952513283e-08,False,False,-6.616055805430676e-07,5.548038707337e-07
1204,mlpt,3.0,0.01,3.0,0.5,0.00025,-5.098734230379875e-07,False,False,-8.32891458024676e-08,False,False,-8.338561583443038e-07,6.756758220705095e-07
1205,mlpt,3.0,0.01,3.0,0.75,0.0005,-2.2689644785245378e-07,False,False,-3.732502924513881e-07,False,False,-2.19659978206721e-07,5.1340800009958e-07
1205,mlpt,3.0,0.01,3.0,0.75,0.00025,-2.394493545665455e-07,False,False,-6.131329235437022e-07,False,False,-2.7489426379645465e-07,6.440737257834561e-07
1278,mlpt,3.0,3.0,0.01,0.25,0.0005,-3.1351874618668063e-07,False,False,-4.5552203786769496e-08,False,False,5.047620987852497e-08,9.751125318313569e-08
1278,mlpt,3.0,3.0,0.01,0.25,0.00025,-3.700823038021994e-07,False,False,-5.616655673890136e-08,False,False,6.309897937484266e-08,1.2188826259418306e-07
1279,mlpt,3.0,3.0,0.01,0.5,0.0005,-1.0605396560947611e-08,False,False,-2.1443275061150402e-07,False,False,6.414945197263933e-08,2.2047128700464214e-07
1279,mlpt,3.0,3.0,0.01,0.5,0.00025,-2.2932812537845848e-08,False,False,-2.6774588141043054e-07,False,False,8.37575826473369e-08,2.654724399198116e-07
1280,mlpt,3.0,3.0,0.01,0.75,0.0005,-1.4251965119171928e-07,False,False,-4.0585271976478765e-08,False,False,9.69426157126918e-08,1.3980863589058146e-07
1280,mlpt,3.0,3.0,0.01,0.75,0.00025,-2.050697787137068e-07,False,False,-4.912620082953012e-08,False,False,1.2124401616020464e-07,1.7476707248054169e-07
1293,mlpt,3.0,3.0,3.0,0.25,0.0005,-1.2768818868913456e-07,False,False,-2.3995654885311524e-07,False,False,9.314293025752818e-08,9.492720409731703e-08
1293,mlpt,3.0,3.0,3.0,0.25,0.00025,-2.1134540872935759e-07,False,False,-2.2222182760600617e-07,False,False,1.8817181146602024e-08,1.094470781781709e-07
1294,mlpt,3.0,3.0,3.0,0.5,0.0005,-5.272026415426012e-07,False,False,3.5322032765350286e-07,False,False,-6.046534264392278e-07,1.3852031943706322e-07
1294,mlpt,3.0,3.0,3.0,0.5,0.00025,-6.626566404488443e-07,False,False,4.0536484213760104e-07,False,False,-7.455782444765191e-07,1.6550193526754242e-07
1295,mlpt,3.0,3.0,3.0,0.75,0.0005,-3.7801765606637616e-07,False,False,-2.2574998759239406e-08,False,False,-9.151147004615723e-07,7.574475069382913e-08
1295,mlpt,3.0,3.0,3.0,0.75,0.00025,-4.478663699902796e-07,False,False,-1.8212627761471367e-07,False,False,-9.731230679044245e-07,1.1638324126650446e-07
1296,svb,0.01,0.01,0.01,0.25,0.0005,-2.4049204679250924e-07,False,False,1.486178235372837e-07,False,False,-2.114492925133979e-06,2.1784529380709794e-06
1296,svb,0.01,0.01,0.01,0.25,0.00025,-2.212022200010627e-07,False,False,3.5531658067189387e-09,False,False,-6.107446813754386e-07,2.8031646244625064e-06
1297,svb,0.01,0.01,0.01,0.5,0.0005,1.891986727876882e-07,False,False,-4.765058245481679e-07,False,False,-1.4455485085329567e-07,2.3334033266708687e-06
1297,svb,0.01,0.01,0.01,0.5,0.00025,8.117689260025984e-08,False,False,-4.1371220391162034e-07,False,False,-1.6716097615832037e-07,2.3529241632846976e-06
1298,svb,0.01,0.01,0.01,0.75,0.0005,-1.7953930540708096e-07,False,False,-1.3001524591833846e-07,False,False,-8.394381520446421e-06,2.4870699913831507e-06
1298,svb,0.01,0.01,0.01,0.75,0.00025,-3.342311474096443e-07,False,False,-1.0820835296028453e-07,False,False,-7.684029342700134e-06,3.0444297216131178e-06
1311,svb,0.01,0.01,3.0,0.25,0.0005,-1.757249890321777e-07,False,False,-8.79338665882301e-07,False,False,4.358400439108401e-06,2.178199282665272e-06
1311,svb,0.01,0.01,3.0,0.25,0.00025,-2.1903307456661025e-07,False,False,-9.499246318434018e-07,False,False,6.1584683750393054e-06,2.8028922738655704e-06
1312,svb,0.01,0.01,3.0,0.5,0.0005,2.3835082740841784e-08,False,False,-7.80861854732251e-07,False,False,-7.815688794488018e-07,6.274196703778823e-07
1312,svb,0.01,0.01,3.0,0.5,0.00025,-7.363007115124276e-08,False,False,-1.0661518770049838e-06,False,False,-9.536900720807928e-07,7.76862777322751e-07
1313,svb,0.01,0.01,3.0,0.75,0.0005,-1.645044173104182e-08,False,False,-1.0418726024141733e-06,False,False,-2.665256845285624e-05,2.4108990335260094e-06
1313,svb,0.01,0.01,3.0,0.75,0.00025,-1.1048913273192795e-07,False,False,-2.04194751640685e-06,False,False,-3.0323194769532602e-05,3.0201892635521588e-06
1335,svb,0.01,0.1,0.03,0.25,0.0005,1.3148927870132443e-07,False,False,-3.2284962155244845e-07,False,False,4.302157060667722e-07,1.4439118070086465e-06
1335,svb,0.01,0.1,0.03,0.25,0.00025,9.452700415468751e-08,False,False,-2.4043901432520276e-07,False,False,3.171580437236199e-07,1.5647595894563437e-06
1336,svb,0.01,0.1,0.03,0.5,0.0005,-2.807243585454394e-07,False,False,2.814445678803179e-07,False,False,-1.7340462501666543e-08,1.570485125723664e-06
1336,svb,0.01,0.1,0.03,0.5,0.00025,-2.804563538159194e-07,False,False,2.8791462448191085e-07,False,False,-2.02442941212716e-08,1.570208067791512e-06
1337,svb,0.01,0.1,0.03,0.75,0.0005,-5.77094922266097e-07,False,False,2.677079966248441e-07,False,False,8.350892469095872e-07,2.798163179273949e-06
1337,svb,0.01,0.1,0.03,0.75,0.00025,-5.310466747732168e-07,False,False,2.4876175837990067e-07,False,False,6.963612403827757e-07,2.981629233067551e-06
1375,svb,0.01,1.0,0.1,0.5,0.0005,-6.815873056925659e-09,False,False,1.9419984807755863e-08,False,False,-9.306179663687297e-09,2.593088854752068e-07
1375,svb,0.01,1.0,0.1,0.5,0.00025,-6.041713931578818e-08,False,False,2.663227259488976e-07,False,False,-9.602997636318222e-08,5.310319838303101e-07
1386,svb,0.01,3.0,0.01,0.25,0.0005,4.062054836505985e-08,False,False,-4.924356042587674e-07,False,False,2.4178832088838503e-07,4.433065272993475e-07
1386,svb,0.01,3.0,0.01,0.25,0.00025,3.554641586200197e-08,False,False,-4.1659499180196624e-07,False,False,2.107479432867862e-07,5.618107953159202e-07
1387,svb,0.01,3.0,0.01,0.5,0.0005,-6.357111114602132e-08,False,False,8.452147111683017e-07,False,False,-3.357911201162106e-07,5.674898506669024e-07
1387,svb,0.01,3.0,0.01,0.5,0.00025,-4.420286780354443e-08,False,False,6.104358836779566e-07,False,False,-2.3155472926410237e-07,6.082162631315668e-07
1388,svb,0.01,3.0,0.01,0.75,0.0005,-1.0210025071059892e-08,False,False,-1.805984294498894e-07,False,False,1.3107391768664434e-07,3.5538827103387405e-07
1388,svb,0.01,3.0,0.01,0.75,0.00025,3.731637640991964e-08,False,False,-8.524946716490997e-07,False,False,4.1969443095347947e-07,7.041627998471967e-07
1392,svb,0.01,3.0,0.1,0.25,0.0005,1.2244787473986857e-07,False,False,-2.8675628977944956e-07,False,False,1.3964791640078134e-07,4.433065272993475e-07
1392,svb,0.01,3.0,0.1,0.25,0.00025,1.0084646679970471e-07,False,False,-2.1564077630140122e-07,False,False,1.0681807211324057e-07,5.618107953159202e-07
1397,svb,0.01,3.0,0.3,0.75,0.0005,-4.5986696806457616e-08,False,False,1.9755170388435772e-07,False,False,-5.630563181258097e-07,3.005681080692213e-07
1397,svb,0.01,3.0,0.3,0.75,0.00025,-7.674867887920434e-08,False,False,3.9352513425683355e-07,False,False,-7.754440592977474e-07,4.30870398804295e-07
1401,svb,0.01,3.0,3.0,0.25,0.0005,8.418533303453102e-08,False,False,4.798426114227539e-07,False,False,-1.124318960585291e-06,4.433065272993475e-07
1401,svb,0.01,3.0,3.0,0.25,0.00025,8.032090037177197e-08,False,False,4.509597659740905e-07,False,False,-1.205218498875893e-06,5.618107953159202e-07
1402,svb,0.01,3.0,3.0,0.5,0.0005,-9.686873977607369e-08,False,False,9.044601747554282e-07,False,False,-1.2596806521630866e-06,5.674898506669024e-07
1402,svb,0.01,3.0,3.0,0.5,0.00025,-1.0624429111136258e-07,False,False,9.582492608295468e-07,False,False,-1.777784683618111e-06,6.082162631315668e-07
1403,svb,0.01,3.0,3.0,0.75,0.0005,-2.9732672646859415e-08,False,False,4.483000228816536e-07,False,False,-4.907129333583948e-06,3.005681080692213e-07
1403,svb,0.01,3.0,3.0,0.75,0.00025,-3.8884104148345644e-08,False,False,4.810513982711484e-07,False,False,-5.575617776851227e-06,4.30870398804295e-07
1836,svb,3.0,0.01,0.01,0.25,0.0005,-4.569961542522094e-08,False,False,-3.5686323229811023e-08,False,False,4.6453890734099446e-08,4.715017606349292e-07
1836,svb,3.0,0.01,0.01,0.25,0.00025,-1.0109996662066578e-07,False,False,-4.566909694858623e-08,False,False,6.053626067092921e-08,8.737139326475685e-07
1837,svb,3.0,0.01,0.01,0.5,0.0005,1.7757492765113625e-07,False,False,-7.789138090075198e-08,False,False,-1.4038062690069353e-07,6.298742148969083e-07
1837,svb,3.0,0.01,0.01,0.5,0.00025,1.6945937608703332e-07,False,False,-7.637551036054901e-08,False,False,-1.2649456548885496e-07,6.896408043521873e-07
1838,svb,3.0,0.01,0.01,0.75,0.0005,1.8339759333407812e-07,False,False,-9.049805083094498e-08,False,False,-1.9645522675304505e-07,5.541059071578758e-07
1838,svb,3.0,0.01,0.01,0.75,0.00025,1.0787091953012862e-07,False,False,-4.15140655185553e-08,False,False,-1.5650483264906256e-07,6.847913531088379e-07
1851,svb,3.0,0.01,3.0,0.25,0.0005,-2.8927820272528493e-07,False,False,2.7890090237292497e-09,False,False,-1.220628275566682e-06,4.267655620004973e-07
1851,svb,3.0,0.01,3.0,0.25,0.00025,-5.643607914329607e-07,False,False,9.265577372019607e-08,False,False,-1.406446505702874e-06,8.424351902736049e-07
1852,svb,3.0,0.01,3.0,0.5,0.0005,-2.1394043270284158e-07,False,False,-1.4756514810088106e-07,False,False,-7.148303109438814e-07,2.587552102584212e-07
1852,svb,3.0,0.01,3.0,0.5,0.00025,-2.302351578276074e-07,False,False,-3.410017361815676e-07,False,False,-8.525590009522688e-07,3.2517838188805825e-07
1853,svb,3.0,0.01,3.0,0.75,0.0005,-1.1143082279119199e-07,False,False,-3.6394421165653057e-07,False,False,-3.508179036160186e-07,5.041171650815857e-07
1853,svb,3.0,0.01,3.0,0.75,0.00025,-2.0433498582050902e-07,False,False,-5.017707960242035e-07,False,False,-3.9110325822377945e-07,6.410618520330535e-07
1926,svb,3.0,3.0,0.01,0.25,0.0005,2.9731339834526693e-08,False,False,-3.582928407297459e-07,False,False,-4.886539073378771e-07,1.8343052354818923e-07
1926,svb,3.0,3.0,0.01,0.25,0.00025,4.1062053535156906e-08,False,False,-4.837999494355927e-07,False,False,-6.249804471725184e-07,2.729762544895209e-07
1927,svb,3.0,3.0,0.01,0.5,0.0005,-1.4578293017208921e-08,False,False,-1.2086514544762395e-07,False,False,2.7292502258191575e-07,1.418274587772217e-07
1927,svb,3.0,3.0,0.01,0.5,0.00025,-5.5539620014144475e-08,False,False,-1.9833832354265724e-09,False,False,2.8563627507693923e-07,1.7730448531594334e-07
1928,svb,3.0,3.0,0.01,0.75,0.0005,-4.6312598644959735e-08,False,False,-4.973347511594284e-08,False,False,2.3854982877935527e-08,2.0668933509160325e-07
1928,svb,3.0,3.0,0.01,0.75,0.00025,-6.503679750302638e-08,False,False,-6.664531593258971e-08,False,False,2.988176506235618e-08,2.5839853834419557e-07
1941,svb,3.0,3.0,3.0,0.25,0.0005,-7.592251760613067e-08,False,False,4.474551218436318e-08,False,False,-1.107876330674884e-07,6.037913245771076e-08
1941,svb,3.0,3.0,3.0,0.25,0.00025,-1.1199412108808815e-07,False,False,3.9627447101509006e-08,False,False,-1.0600653088665979e-07,9.46366212062344e-08
1942,svb,3.0,3.0,3.0,0.5,0.0005,-8.067813372925059e-08,False,False,3.4397213077852484e-08,False,False,-4.819172612080536e-07,6.592856827136728e-08
1942,svb,3.0,3.0,3.0,0.5,0.00025,-1.2808596405733397e-07,False,False,9.543881418494493e-08,False,False,-5.724517788685546e-07,1.2754467704212402e-07
1943,svb,3.0,3.0,3.0,0.75,0.0005,-1.2717110475790605e-07,False,False,-1.4904846779018044e-07,False,False,-8.188829725419566e-07,7.619405117953448e-08
1943,svb,3.0,3.0,3.0,0.75,0.00025,-1.1107124797682388e-07,False,False,-3.4730116116321597e-07,False,False,-9.096614239645362e-07,1.3013131594519223e-07
