gene,T,decay_mean,phase,threshold,n_scenarios,n_valid,n_invalid,n_intron_lead,n_exon_lead,n_small,n_positive_without_tolerance,n_negative_without_tolerance,n_zero_without_tolerance,minimum_offset,maximum_offset,median_offset,fraction_intron_lead,fraction_exon_lead,fraction_small,fraction_positive_without_tolerance,fraction_negative_without_tolerance
Kr,0.01,0.01,rise,40,18,18,0,0,0,18,18,0,0,0.0041272447508655,0.0081790546728352,0.00457690983927375,0.0,0.0,1.0,1.0,0.0
Kr,0.01,0.01,rise,50,18,18,0,0,0,18,18,0,0,0.0041278160541824,0.0082055610758636,0.00458200075148755,0.0,0.0,1.0,1.0,0.0
Kr,0.01,0.01,rise,60,18,18,0,0,0,18,18,0,0,0.0041281324031953,0.0082801788423206,0.0045804800363277,0.0,0.0,1.0,1.0,0.0
Kr,0.01,0.01,fall,40,18,18,0,0,0,18,18,0,0,0.0041655646698832,0.0085754398873133,0.0046620721637543,0.0,0.0,1.0,1.0,0.0
Kr,0.01,0.01,fall,50,18,18,0,0,0,18,18,0,0,0.0041655332516703,0.0085912414058937,0.0046587991156422,0.0,0.0,1.0,1.0,0.0
Kr,0.01,0.01,fall,60,18,18,0,0,0,18,18,0,0,0.0041655313022763,0.0086177879562003,0.0046539037794224,0.0,0.0,1.0,1.0,0.0
Kr,0.01,0.03,rise,40,18,18,0,6,0,12,18,0,0,0.0043475941966574,0.024373796325338,0.0081089134202498,0.3333333333333333,0.0,0.6666666666666666,1.0,0.0
Kr,0.01,0.03,rise,50,18,18,0,8,0,10,18,0,0,0.0043489148525945,0.0244820232783579,0.0082398936071822,0.4444444444444444,0.0,0.5555555555555556,1.0,0.0
Kr,0.01,0.03,rise,60,18,18,0,8,0,10,18,0,0,0.0043492200112607,0.0245981575631801,0.0082873815302223,0.4444444444444444,0.0,0.5555555555555556,1.0,0.0
Kr,0.01,0.03,fall,40,18,18,0,9,0,9,18,0,0,0.0045245770183957,0.0289487176504794,0.0094950562677595,0.5,0.0,0.5,1.0,0.0
Kr,0.01,0.03,fall,50,18,18,0,9,0,9,18,0,0,0.0045245444453909,0.0291966321635743,0.0093245216369922,0.5,0.0,0.5,1.0,0.0
Kr,0.01,0.03,fall,60,18,18,0,9,0,9,18,0,0,0.0045245500445818,0.0295799589393268,0.009085510403630901,0.5,0.0,0.5,1.0,0.0
Kr,0.01,0.1,rise,40,18,18,0,13,0,5,18,0,0,0.0059312214119641,0.0736589480234765,0.0248920929905789,0.7222222222222222,0.0,0.2777777777777778,1.0,0.0
Kr,0.01,0.1,rise,50,18,18,0,14,0,4,18,0,0,0.0059513125452963,0.0748450058158273,0.0274558233698535,0.7777777777777778,0.0,0.2222222222222222,1.0,0.0
Kr,0.01,0.1,rise,60,18,18,0,14,0,4,18,0,0,0.0059536710498092,0.0755165425507199,0.03021933310643225,0.7777777777777778,0.0,0.2222222222222222,1.0,0.0
Kr,0.01,0.1,fall,40,18,18,0,18,0,0,18,0,0,0.0114836356450274,0.1155583921850361,0.05096746526747315,1.0,0.0,0.0,1.0,0.0
Kr,0.01,0.1,fall,50,18,18,0,18,0,0,18,0,0,0.0114835971842941,0.1158951049482657,0.045135134449062,1.0,0.0,0.0,1.0,0.0
Kr,0.01,0.1,fall,60,18,18,0,18,0,0,18,0,0,0.0114836012714034,0.1170901119525418,0.04027626691135175,1.0,0.0,0.0,1.0,0.0
Kr,0.01,0.3,rise,40,18,18,0,18,0,0,18,0,0,0.0101849337668262,0.1402407498114374,0.05587374104514185,1.0,0.0,0.0,1.0,0.0
Kr,0.01,0.3,rise,50,18,18,0,18,0,0,18,0,0,0.0103596230898713,0.1439748241960767,0.0641454373440266,1.0,0.0,0.0,1.0,0.0
Kr,0.01,0.3,rise,60,18,18,0,18,0,0,18,0,0,0.01044097455743,0.1461163082955093,0.07396699077558695,1.0,0.0,0.0,1.0,0.0
Kr,0.01,0.3,fall,40,18,18,0,18,0,0,18,0,0,0.103072088226908,0.3352576931217501,0.22547401304425105,1.0,0.0,0.0,1.0,0.0
Kr,0.01,0.3,fall,50,18,18,0,18,0,0,18,0,0,0.1029625362032389,0.315651840307103,0.18703287902995105,1.0,0.0,0.0,1.0,0.0
Kr,0.01,0.3,fall,60,18,18,0,18,0,0,18,0,0,0.1024351311045252,0.303929966991702,0.1568817909235945,1.0,0.0,0.0,1.0,0.0
Kr,0.01,1.0,rise,40,18,18,0,18,0,0,18,0,0,0.0152862814643094,0.1940189695246432,0.0914269829127681,1.0,0.0,0.0,1.0,0.0
Kr,0.01,1.0,rise,50,18,18,0,18,0,0,18,0,0,0.015764871779781,0.1999066368393649,0.10905858711512004,1.0,0.0,0.0,1.0,0.0
Kr,0.01,1.0,rise,60,18,18,0,18,0,0,18,0,0,0.0160524735819705,0.2074290732625162,0.1211113175773457,1.0,0.0,0.0,1.0,0.0
Kr,0.01,1.0,fall,40,18,18,0,18,0,0,18,0,0,0.7962808500397278,1.0473136584415257,0.8830132633538329,1.0,0.0,0.0,1.0,0.0
Kr,0.01,1.0,fall,50,18,18,0,18,0,0,18,0,0,0.681251888233017,0.8722043747022635,0.7499712570855809,1.0,0.0,0.0,1.0,0.0
Kr,0.01,1.0,fall,60,18,18,0,18,0,0,18,0,0,0.529505925969013,0.7602757223006633,0.6363837487701614,1.0,0.0,0.0,1.0,0.0
Kr,0.01,3.0,rise,40,18,18,0,18,0,0,18,0,0,0.0178554602219063,0.2177755948476424,0.11385745507906736,1.0,0.0,0.0,1.0,0.0
Kr,0.01,3.0,rise,50,18,18,0,18,0,0,18,0,0,0.0185207158361853,0.2246871792703796,0.1347515869775453,1.0,0.0,0.0,1.0,0.0
Kr,0.01,3.0,rise,60,18,18,0,18,0,0,18,0,0,0.0189483864354272,0.2511577593361195,0.1464686494638751,1.0,0.0,0.0,1.0,0.0
Kr,0.01,3.0,fall,40,18,18,0,18,0,0,18,0,0,2.6630977616662723,3.007892356304639,2.8004952998485746,1.0,0.0,0.0,1.0,0.0
Kr,0.01,3.0,fall,50,18,18,0,18,0,0,18,0,0,2.060470313466438,2.647589353479355,2.2198626816907323,1.0,0.0,0.0,1.0,0.0
Kr,0.01,3.0,fall,60,18,18,0,18,0,0,18,0,0,1.567528058103335,2.291562887246512,1.7243553051502467,1.0,0.0,0.0,1.0,0.0
Kr,0.03,0.01,rise,40,18,18,0,18,0,0,18,0,0,0.0118857797451997,0.0129145249229477,0.0122206908954734,1.0,0.0,0.0,1.0,0.0
Kr,0.03,0.01,rise,50,18,18,0,18,0,0,18,0,0,0.0118675839676808,0.0129948665127695,0.012224234123834249,1.0,0.0,0.0,1.0,0.0
Kr,0.03,0.01,rise,60,18,18,0,18,0,0,18,0,0,0.0118394925798014,0.0130965032098916,0.01222753026179035,1.0,0.0,0.0,1.0,0.0
Kr,0.03,0.01,fall,40,18,18,0,18,0,0,18,0,0,0.012228707485231,0.0133647438509491,0.0124685504388586,1.0,0.0,0.0,1.0,0.0
Kr,0.03,0.01,fall,50,18,18,0,18,0,0,18,0,0,0.0122068513350279,0.0133741965277839,0.01246863104658755,1.0,0.0,0.0,1.0,0.0
Kr,0.03,0.01,fall,60,18,18,0,18,0,0,18,0,0,0.0121485145827326,0.0133949129192644,0.012468906372547248,1.0,0.0,0.0,1.0,0.0
Kr,0.03,0.03,rise,40,18,18,0,18,0,0,18,0,0,0.0124601515161986,0.0298335373984779,0.0156654077512287,1.0,0.0,0.0,1.0,0.0
Kr,0.03,0.03,rise,50,18,18,0,18,0,0,18,0,0,0.012466450188631,0.0299250640371443,0.01575947472628315,1.0,0.0,0.0,1.0,0.0
Kr,0.03,0.03,rise,60,18,18,0,18,0,0,18,0,0,0.0124700811012306,0.0301623376992044,0.015795416432614798,1.0,0.0,0.0,1.0,0.0
Kr,0.03,0.03,fall,40,18,18,0,18,0,0,18,0,0,0.0128800837933122,0.0345807521131086,0.017115996268735,1.0,0.0,0.0,1.0,0.0
Kr,0.03,0.03,fall,50,18,18,0,18,0,0,18,0,0,0.0128800665779462,0.0348248747306652,0.0169838950035104,1.0,0.0,0.0,1.0,0.0
Kr,0.03,0.03,fall,60,18,18,0,18,0,0,18,0,0,0.0128800679903426,0.0352058540590471,0.0167398794419078,1.0,0.0,0.0,1.0,0.0
Kr,0.03,0.1,rise,40,18,18,0,18,0,0,18,0,0,0.0140378708771091,0.0796028600241405,0.032505882829836796,1.0,0.0,0.0,1.0,0.0
Kr,0.03,0.1,rise,50,18,18,0,18,0,0,18,0,0,0.0140628793183259,0.0807788901304681,0.035094150801954105,1.0,0.0,0.0,1.0,0.0
Kr,0.03,0.1,rise,60,18,18,0,18,0,0,18,0,0,0.0140688034719218,0.0814353716042611,0.037769812014234946,1.0,0.0,0.0,1.0,0.0
Kr,0.03,0.1,fall,40,18,18,0,18,0,0,18,0,0,0.0197418359583996,0.121682455016019,0.05849780619249299,1.0,0.0,0.0,1.0,0.0
Kr,0.03,0.1,fall,50,18,18,0,18,0,0,18,0,0,0.0197417988860162,0.122011480004442,0.0527236000000979,1.0,0.0,0.0,1.0,0.0
Kr,0.03,0.1,fall,60,18,18,0,18,0,0,18,0,0,0.0197417999675386,0.1232006811498219,0.0479046719611753,1.0,0.0,0.0,1.0,0.0
Kr,0.03,0.3,rise,40,18,18,0,18,0,0,18,0,0,0.0183031437407829,0.1463657489925761,0.06361240564739934,1.0,0.0,0.0,1.0,0.0
Kr,0.03,0.3,rise,50,18,18,0,18,0,0,18,0,0,0.018483417478613,0.1500964124511716,0.07189559585142316,1.0,0.0,0.0,1.0,0.0
Kr,0.03,0.3,rise,60,18,18,0,18,0,0,18,0,0,0.0185693280282787,0.1522318391833668,0.08168115662516955,1.0,0.0,0.0,1.0,0.0
Kr,0.03,0.3,fall,40,18,18,0,18,0,0,18,0,0,0.1109815846985631,0.341602416983672,0.23300390272038668,1.0,0.0,0.0,1.0,0.0
Kr,0.03,0.3,fall,50,18,18,0,18,0,0,18,0,0,0.1108724418921673,0.3219704685116632,0.19461176240027214,1.0,0.0,0.0,1.0,0.0
Kr,0.03,0.3,fall,60,18,18,0,18,0,0,18,0,0,0.1103470616816761,0.3102246131251481,0.1645252365148088,1.0,0.0,0.0,1.0,0.0
Kr,0.03,1.0,rise,40,18,18,0,18,0,0,18,0,0,0.02343433356443,0.2002452081665292,0.09929994357181016,1.0,0.0,0.0,1.0,0.0
Kr,0.03,1.0,rise,50,18,18,0,18,0,0,18,0,0,0.0239210409738253,0.2061371674721873,0.1169242720410871,1.0,0.0,0.0,1.0,0.0
Kr,0.03,1.0,rise,60,18,18,0,18,0,0,18,0,0,0.0242153387618747,0.2137337247423203,0.12894779433414794,1.0,0.0,0.0,1.0,0.0
Kr,0.03,1.0,fall,40,18,18,0,18,0,0,18,0,0,0.8036779025478311,1.053736216459088,0.8906700227419686,1.0,0.0,0.0,1.0,0.0
Kr,0.03,1.0,fall,50,18,18,0,18,0,0,18,0,0,0.6889621645332555,0.8786275407262963,0.7574063512054482,1.0,0.0,0.0,1.0,0.0
Kr,0.03,1.0,fall,60,18,18,0,18,0,0,18,0,0,0.5374325368700363,0.7676934690830568,0.6438165707244898,1.0,0.0,0.0,1.0,0.0
Kr,0.03,3.0,rise,40,18,18,0,18,0,0,18,0,0,0.0260254341806529,0.2240537212560105,0.1218062462339626,1.0,0.0,0.0,1.0,0.0
Kr,0.03,3.0,rise,50,18,18,0,18,0,0,18,0,0,0.0267005541388694,0.2309747042518039,0.1426680796697123,1.0,0.0,0.0,1.0,0.0
Kr,0.03,3.0,rise,60,18,18,0,18,0,0,18,0,0,0.027137202701856,0.2574843627671345,0.15439018212931993,1.0,0.0,0.0,1.0,0.0
Kr,0.03,3.0,fall,40,18,18,0,18,0,0,18,0,0,2.67107587215444,3.0149928343671752,2.8079859557726357,1.0,0.0,0.0,1.0,0.0
Kr,0.03,3.0,fall,50,18,18,0,18,0,0,18,0,0,2.068448896829656,2.654721413033317,2.227337684489314,1.0,0.0,0.0,1.0,0.0
Kr,0.03,3.0,fall,60,18,18,0,18,0,0,18,0,0,1.57550964661209,2.2987355313093296,1.7316622250286415,1.0,0.0,0.0,1.0,0.0
Kr,0.1,0.01,rise,40,18,18,0,18,0,0,18,0,0,0.0235067112336064,0.0408410413087905,0.03439758788101885,1.0,0.0,0.0,1.0,0.0
Kr,0.1,0.01,rise,50,18,18,0,18,0,0,18,0,0,0.0232665963750424,0.0409069038903901,0.0345941371661084,1.0,0.0,0.0,1.0,0.0
Kr,0.1,0.01,rise,60,18,18,0,18,0,0,18,0,0,0.0229428724711956,0.0409786253229277,0.034718311628544954,1.0,0.0,0.0,1.0,0.0
Kr,0.1,0.01,fall,40,18,18,0,18,0,0,18,0,0,0.0257017309419609,0.0446944985927033,0.03672124042120625,1.0,0.0,0.0,1.0,0.0
Kr,0.1,0.01,fall,50,18,18,0,18,0,0,18,0,0,0.0256151970432679,0.0446945240225131,0.036620523456365156,1.0,0.0,0.0,1.0,0.0
Kr,0.1,0.01,fall,60,18,18,0,18,0,0,18,0,0,0.0255403679318889,0.0446945158434717,0.036362958302240095,1.0,0.0,0.0,1.0,0.0
Kr,0.1,0.03,rise,40,18,18,0,18,0,0,18,0,0,0.0367453842526226,0.0456904747728845,0.0398426707740732,1.0,0.0,0.0,1.0,0.0
Kr,0.1,0.03,rise,50,18,18,0,18,0,0,18,0,0,0.0365924454542508,0.0464400373348194,0.040288712502108096,1.0,0.0,0.0,1.0,0.0
Kr,0.1,0.03,rise,60,18,18,0,18,0,0,18,0,0,0.0363501554894868,0.0477105427968767,0.0403671733591262,1.0,0.0,0.0,1.0,0.0
Kr,0.1,0.03,fall,40,18,18,0,18,0,0,18,0,0,0.0400773179995592,0.052007595869876,0.04313111121165915,1.0,0.0,0.0,1.0,0.0
Kr,0.1,0.03,fall,50,18,18,0,18,0,0,18,0,0,0.0399728770032912,0.0521853440116091,0.0427711916177798,1.0,0.0,0.0,1.0,0.0
Kr,0.1,0.03,fall,60,18,18,0,18,0,0,18,0,0,0.039874085931659,0.0525246134922872,0.04261737923068125,1.0,0.0,0.0,1.0,0.0
Kr,0.1,0.1,rise,40,18,18,0,18,0,0,18,0,0,0.0419111084547688,0.0962126362561067,0.0571823990474524,1.0,0.0,0.0,1.0,0.0
Kr,0.1,0.1,rise,50,18,18,0,18,0,0,18,0,0,0.0420230778473877,0.0972255334046795,0.05982231366260745,1.0,0.0,0.0,1.0,0.0
Kr,0.1,0.1,rise,60,18,18,0,18,0,0,18,0,0,0.0420993904762565,0.0976695752970467,0.0613464911802648,1.0,0.0,0.0,1.0,0.0
Kr,0.1,0.1,fall,40,18,18,0,18,0,0,18,0,0,0.0495016298527852,0.1408641867968328,0.0832212836289877,1.0,0.0,0.0,1.0,0.0
Kr,0.1,0.1,fall,50,18,18,0,18,0,0,18,0,0,0.0495015697171297,0.1410930842065346,0.0778710327348418,1.0,0.0,0.0,1.0,0.0
Kr,0.1,0.1,fall,60,18,18,0,18,0,0,18,0,0,0.0495015738286497,0.1422077117350019,0.0733370705434437,1.0,0.0,0.0,1.0,0.0
Kr,0.1,0.3,rise,40,18,18,0,18,0,0,18,0,0,0.0463219225423804,0.1640814011035301,0.08896875716561875,1.0,0.0,0.0,1.0,0.0
Kr,0.1,0.3,rise,50,18,18,0,18,0,0,18,0,0,0.0465995558002977,0.1677633859066546,0.097359032144689,1.0,0.0,0.0,1.0,0.0
Kr,0.1,0.3,rise,60,18,18,0,18,0,0,18,0,0,0.0467677020205,0.1698126001849024,0.1068065102462504,1.0,0.0,0.0,1.0,0.0
Kr,0.1,0.3,fall,40,18,18,0,18,0,0,18,0,0,0.1392076899512297,0.3619325510942049,0.25814448297113385,1.0,0.0,0.0,1.0,0.0
Kr,0.1,0.3,fall,50,18,18,0,18,0,0,18,0,0,0.1391006219181836,0.3421208935966997,0.22009052976899174,1.0,0.0,0.0,1.0,0.0
Kr,0.1,0.3,fall,60,18,18,0,18,0,0,18,0,0,0.1385853238582277,0.3300998560247142,0.1905378724465778,1.0,0.0,0.0,1.0,0.0
Kr,0.1,1.0,rise,40,18,18,0,18,0,0,18,0,0,0.0516686226212509,0.2188210306381527,0.1253785727935694,1.0,0.0,0.0,1.0,0.0
Kr,0.1,1.0,rise,50,18,18,0,18,0,0,18,0,0,0.0522725206508956,0.2247706563957112,0.14294485441894836,1.0,0.0,0.0,1.0,0.0
Kr,0.1,1.0,rise,60,18,18,0,18,0,0,18,0,0,0.0526699966834923,0.2331808977166581,0.15469810921809266,1.0,0.0,0.0,1.0,0.0
Kr,0.1,1.0,fall,40,18,18,0,18,0,0,18,0,0,0.8297511930237929,1.074472127878495,0.9170995670461117,1.0,0.0,0.0,1.0,0.0
Kr,0.1,1.0,fall,50,18,18,0,18,0,0,18,0,0,0.716034957704125,0.8993729044223808,0.7836031386378222,1.0,0.0,0.0,1.0,0.0
Kr,0.1,1.0,fall,60,18,18,0,18,0,0,18,0,0,0.5650457324494547,0.7929167586307622,0.6689399510545422,1.0,0.0,0.0,1.0,0.0
Kr,0.1,3.0,rise,40,18,18,0,18,0,0,18,0,0,0.054383001881528,0.2431360924762584,0.14830507337177606,1.0,0.0,0.0,1.0,0.0
Kr,0.1,3.0,rise,50,18,18,0,18,0,0,18,0,0,0.0551884877483475,0.2501780173235335,0.1689049332314257,1.0,0.0,0.0,1.0,0.0
Kr,0.1,3.0,rise,60,18,18,0,18,0,0,18,0,0,0.0557414375425058,0.2770593810729715,0.18071922809572288,1.0,0.0,0.0,1.0,0.0
Kr,0.1,3.0,fall,40,18,18,0,18,0,0,18,0,0,2.699327501134889,3.0387270944534395,2.8341160746019183,1.0,0.0,0.0,1.0,0.0
Kr,0.1,3.0,fall,50,18,18,0,18,0,0,18,0,0,2.096703227173342,2.6785940302581484,2.2529741433027786,1.0,0.0,0.0,1.0,0.0
Kr,0.1,3.0,fall,60,18,18,0,18,0,0,18,0,0,1.603776995594902,2.3227856413460413,1.7566190950197904,1.0,0.0,0.0,1.0,0.0
Kr,0.3,0.01,rise,40,18,18,0,18,0,0,18,0,0,0.0471549167000952,0.122189881065102,0.0839816879280223,1.0,0.0,0.0,1.0,0.0
Kr,0.3,0.01,rise,50,18,18,0,18,0,0,18,0,0,0.0459177890448819,0.1228204904218088,0.08615772192140694,1.0,0.0,0.0,1.0,0.0
Kr,0.3,0.01,rise,60,18,18,0,18,0,0,18,0,0,0.0440358988500078,0.1236746779348029,0.0875930759271065,1.0,0.0,0.0,1.0,0.0
Kr,0.3,0.01,fall,40,18,18,0,18,0,0,18,0,0,0.0677754322750057,0.1318457217313478,0.0997220311056813,1.0,0.0,0.0,1.0,0.0
Kr,0.3,0.01,fall,50,18,18,0,18,0,0,18,0,0,0.0666455169557421,0.131845751007813,0.0994112795198297,1.0,0.0,0.0,1.0,0.0
Kr,0.3,0.01,fall,60,18,18,0,18,0,0,18,0,0,0.0656768263344019,0.1318457528243231,0.09845239830504901,1.0,0.0,0.0,1.0,0.0
Kr,0.3,0.03,rise,40,18,18,0,18,0,0,18,0,0,0.0663524642144381,0.122380435819291,0.09404441621290885,1.0,0.0,0.0,1.0,0.0
Kr,0.3,0.03,rise,50,18,18,0,18,0,0,18,0,0,0.0652694565349919,0.1229708228528891,0.0960164360318229,1.0,0.0,0.0,1.0,0.0
Kr,0.3,0.03,rise,60,18,18,0,18,0,0,18,0,0,0.0636625008818829,0.1238628048759563,0.09755392558623205,1.0,0.0,0.0,1.0,0.0
Kr,0.3,0.03,fall,40,18,18,0,18,0,0,18,0,0,0.0835527253373964,0.131606307536841,0.10740981869114975,1.0,0.0,0.0,1.0,0.0
Kr,0.3,0.03,fall,50,18,18,0,18,0,0,18,0,0,0.0827087603180316,0.1316063083575782,0.10727119519597669,1.0,0.0,0.0,1.0,0.0
Kr,0.3,0.03,fall,60,18,18,0,18,0,0,18,0,0,0.0820351390193164,0.1316063129938784,0.1070483826538214,1.0,0.0,0.0,1.0,0.0
Kr,0.3,0.1,rise,40,18,18,0,18,0,0,18,0,0,0.1080095804698016,0.1394416179630944,0.12145523567003375,1.0,0.0,0.0,1.0,0.0
Kr,0.3,0.1,rise,50,18,18,0,18,0,0,18,0,0,0.1081762611078669,0.1456260204669138,0.12305041745925516,1.0,0.0,0.0,1.0,0.0
Kr,0.3,0.1,rise,60,18,18,0,18,0,0,18,0,0,0.1076152376906971,0.1512146619120621,0.1241570264498307,1.0,0.0,0.0,1.0,0.0
Kr,0.3,0.1,fall,40,18,18,0,18,0,0,18,0,0,0.1339695604281936,0.1988482328478715,0.14428081906272144,1.0,0.0,0.0,1.0,0.0
Kr,0.3,0.1,fall,50,18,18,0,18,0,0,18,0,0,0.1339618775123465,0.1979837238671112,0.14150932480746514,1.0,0.0,0.0,1.0,0.0
Kr,0.3,0.1,fall,60,18,18,0,18,0,0,18,0,0,0.1329383975158506,0.1982492578493141,0.1391996687751274,1.0,0.0,0.0,1.0,0.0
Kr,0.3,0.3,rise,40,18,18,0,18,0,0,18,0,0,0.1247784413535537,0.2082390085955158,0.1558593209483386,1.0,0.0,0.0,1.0,0.0
Kr,0.3,0.3,rise,50,18,18,0,18,0,0,18,0,0,0.1269088354677338,0.2123570763051345,0.16340271368711806,1.0,0.0,0.0,1.0,0.0
Kr,0.3,0.3,rise,60,18,18,0,18,0,0,18,0,0,0.1300185100810833,0.2179831636949218,0.16891947266662466,1.0,0.0,0.0,1.0,0.0
Kr,0.3,0.3,fall,40,18,18,0,18,0,0,18,0,0,0.2187136279522361,0.4231512723481663,0.3226298936307789,1.0,0.0,0.0,1.0,0.0
Kr,0.3,0.3,fall,50,18,18,0,18,0,0,18,0,0,0.2186163644854346,0.4027871988316297,0.28663954619515,1.0,0.0,0.0,1.0,0.0
Kr,0.3,0.3,fall,60,18,18,0,18,0,0,18,0,0,0.2181481232457796,0.3897484920749761,0.2595890901045532,1.0,0.0,0.0,1.0,0.0
Kr,0.3,1.0,rise,40,18,18,0,18,0,0,18,0,0,0.1311413976576046,0.2686136692289971,0.19519843307272688,1.0,0.0,0.0,1.0,0.0
Kr,0.3,1.0,rise,50,18,18,0,18,0,0,18,0,0,0.1337896718487982,0.2759346526297819,0.21132575782457375,1.0,0.0,0.0,1.0,0.0
Kr,0.3,1.0,rise,60,18,18,0,18,0,0,18,0,0,0.1373192084380333,0.2873403977459644,0.22319511883704715,1.0,0.0,0.0,1.0,0.0
Kr,0.3,1.0,fall,40,18,18,0,18,0,0,18,0,0,0.9008086449016304,1.137145315512774,0.984291466881822,1.0,0.0,0.0,1.0,0.0
Kr,0.3,1.0,fall,50,18,18,0,18,0,0,18,0,0,0.7853105816889916,0.962125844228611,0.8545777353821179,1.0,0.0,0.0,1.0,0.0
Kr,0.3,1.0,fall,60,18,18,0,18,0,0,18,0,0,0.6388739015871863,0.8549212863284952,0.7388526716356242,1.0,0.0,0.0,1.0,0.0
Kr,0.3,3.0,rise,40,18,18,0,18,0,0,18,0,0,0.1344107185933239,0.2953215412578108,0.21947849103707712,1.0,0.0,0.0,1.0,0.0
Kr,0.3,3.0,rise,50,18,18,0,18,0,0,18,0,0,0.137376993807187,0.3043825827428267,0.23890734486580575,1.0,0.0,0.0,1.0,0.0
Kr,0.3,3.0,rise,60,18,18,0,18,0,0,18,0,0,0.1411792948557834,0.3320916988871791,0.25244277928949077,1.0,0.0,0.0,1.0,0.0
Kr,0.3,3.0,fall,40,18,18,0,18,0,0,18,0,0,2.772932991214498,3.0961200085025,2.9067176599310853,1.0,0.0,0.0,1.0,0.0
Kr,0.3,3.0,fall,50,18,18,0,18,0,0,18,0,0,2.170318522882302,2.7365182514047266,2.32332663909955,1.0,0.0,0.0,1.0,0.0
Kr,0.3,3.0,fall,60,18,18,0,18,0,0,18,0,0,1.6774470696619077,2.381391350567149,1.8281731429142172,1.0,0.0,0.0,1.0,0.0
Kr,1.0,0.01,rise,40,18,18,0,18,0,0,18,0,0,0.2551619901753709,0.4304751203477954,0.3334161652623258,1.0,0.0,0.0,1.0,0.0
Kr,1.0,0.01,rise,50,18,18,0,18,0,0,18,0,0,0.2778021441865342,0.4369751060349974,0.32937537479278206,1.0,0.0,0.0,1.0,0.0
Kr,1.0,0.01,rise,60,18,18,0,18,0,0,18,0,0,0.2935273877822114,0.4413708487493024,0.3322488291176648,1.0,0.0,0.0,1.0,0.0
Kr,1.0,0.01,fall,40,18,18,0,18,0,0,18,0,0,0.2076141504602628,0.3937188843604584,0.3136550801840609,1.0,0.0,0.0,1.0,0.0
Kr,1.0,0.01,fall,50,18,18,0,18,0,0,18,0,0,0.2286388089277107,0.3937188579150588,0.31990733302528546,1.0,0.0,0.0,1.0,0.0
Kr,1.0,0.01,fall,60,18,18,0,18,0,0,18,0,0,0.2488233924550871,0.3937188612259206,0.32302145916905356,1.0,0.0,0.0,1.0,0.0
Kr,1.0,0.03,rise,40,18,18,0,18,0,0,18,0,0,0.2834307077881558,0.4314217159815283,0.34692383063109855,1.0,0.0,0.0,1.0,0.0
Kr,1.0,0.03,rise,50,18,18,0,18,0,0,18,0,0,0.3023657304554249,0.4379584021453951,0.34471220286985876,1.0,0.0,0.0,1.0,0.0
Kr,1.0,0.03,rise,60,18,18,0,18,0,0,18,0,0,0.3160844861198425,0.4422647924691691,0.347068216256434,1.0,0.0,0.0,1.0,0.0
Kr,1.0,0.03,fall,40,18,18,0,18,0,0,18,0,0,0.2174900827243815,0.3898403009064415,0.3302333061047016,1.0,0.0,0.0,1.0,0.0
Kr,1.0,0.03,fall,50,18,18,0,18,0,0,18,0,0,0.2396644625554473,0.3898402918917987,0.33149765424668876,1.0,0.0,0.0,1.0,0.0
Kr,1.0,0.03,fall,60,18,18,0,18,0,0,18,0,0,0.2590109552439699,0.3898402937725973,0.33094969000227703,1.0,0.0,0.0,1.0,0.0
Kr,1.0,0.1,rise,40,18,18,0,18,0,0,18,0,0,0.348189760438193,0.4361904419279969,0.3830671239930825,1.0,0.0,0.0,1.0,0.0
Kr,1.0,0.1,rise,50,18,18,0,18,0,0,18,0,0,0.3626786612554294,0.442399896249085,0.38769214601874713,1.0,0.0,0.0,1.0,0.0
Kr,1.0,0.1,rise,60,18,18,0,18,0,0,18,0,0,0.3661359680145232,0.4464694078874631,0.3922456735150399,1.0,0.0,0.0,1.0,0.0
Kr,1.0,0.1,fall,40,18,18,0,18,0,0,18,0,0,0.2744645184055332,0.4317688715736127,0.34924612370389807,1.0,0.0,0.0,1.0,0.0
Kr,1.0,0.1,fall,50,18,18,0,18,0,0,18,0,0,0.2895163183239266,0.4313914157573788,0.3518524234611039,1.0,0.0,0.0,1.0,0.0
Kr,1.0,0.1,fall,60,18,18,0,18,0,0,18,0,0,0.3010056681631057,0.4308769511469088,0.3541085176430676,1.0,0.0,0.0,1.0,0.0
Kr,1.0,0.3,rise,40,18,18,0,18,0,0,18,0,0,0.4194202534733104,0.4512880823389162,0.4350313970873275,1.0,0.0,0.0,1.0,0.0
Kr,1.0,0.3,rise,50,18,18,0,18,0,0,18,0,0,0.4172234441492465,0.4665352284698419,0.44005617021084864,1.0,0.0,0.0,1.0,0.0
Kr,1.0,0.3,rise,60,18,18,0,18,0,0,18,0,0,0.4147820297478727,0.4783771594690041,0.44334893840538775,1.0,0.0,0.0,1.0,0.0
Kr,1.0,0.3,fall,40,18,18,0,18,0,0,18,0,0,0.4181374258019437,0.6496535786261961,0.5045850794036428,1.0,0.0,0.0,1.0,0.0
Kr,1.0,0.3,fall,50,18,18,0,18,0,0,18,0,0,0.4181089425955169,0.6287140296675391,0.48154491277532535,1.0,0.0,0.0,1.0,0.0
Kr,1.0,0.3,fall,60,18,18,0,18,0,0,18,0,0,0.4179719207715693,0.6136500805256937,0.4671767056151105,1.0,0.0,0.0,1.0,0.0
Kr,1.0,1.0,rise,40,18,18,0,18,0,0,18,0,0,0.4558101187603059,0.5166301034396985,0.47025588834094595,1.0,0.0,0.0,1.0,0.0
Kr,1.0,1.0,rise,50,18,18,0,18,0,0,18,0,0,0.4580527430539312,0.5324845468188943,0.4785320203952014,1.0,0.0,0.0,1.0,0.0
Kr,1.0,1.0,rise,60,18,18,0,18,0,0,18,0,0,0.4612400297499403,0.5448545058054988,0.48660454270672543,1.0,0.0,0.0,1.0,0.0
Kr,1.0,1.0,fall,40,18,18,0,18,0,0,18,0,0,1.091665412814402,1.356921162172714,1.1847467854270541,1.0,0.0,0.0,1.0,0.0
Kr,1.0,1.0,fall,50,18,18,0,18,0,0,18,0,0,0.9702913542622962,1.1836676606612733,1.059213606926475,1.0,0.0,0.0,1.0,0.0
Kr,1.0,1.0,fall,60,18,18,0,18,0,0,18,0,0,0.8364366575846642,1.0496849716058332,0.9298617507368008,1.0,0.0,0.0,1.0,0.0
Kr,1.0,3.0,rise,40,18,18,0,18,0,0,18,0,0,0.462902482351614,0.5479230423706138,0.49787949031668005,1.0,0.0,0.0,1.0,0.0
Kr,1.0,3.0,rise,50,18,18,0,18,0,0,18,0,0,0.4666850266780482,0.5645915623469445,0.5092073852576834,1.0,0.0,0.0,1.0,0.0
Kr,1.0,3.0,rise,60,18,18,0,18,0,0,18,0,0,0.4718325808040412,0.5776664057793162,0.5210478219194055,1.0,0.0,0.0,1.0,0.0
Kr,1.0,3.0,fall,40,18,18,0,18,0,0,18,0,0,2.9782806130716097,3.2667556970821794,3.1381465844705847,1.0,0.0,0.0,1.0,0.0
Kr,1.0,3.0,fall,50,18,18,0,18,0,0,18,0,0,2.375953874158288,2.8769841311867568,2.512484098663407,1.0,0.0,0.0,1.0,0.0
Kr,1.0,3.0,fall,60,18,18,0,18,0,0,18,0,0,1.8858474714571647,2.525284362673407,2.065827875549083,1.0,0.0,0.0,1.0,0.0
Kr,3.0,0.01,rise,40,18,18,0,18,0,0,18,0,0,1.291430908952896,1.3576693690259072,1.3057096689335552,1.0,0.0,0.0,1.0,0.0
Kr,3.0,0.01,rise,50,18,18,0,18,0,0,18,0,0,1.2467572305893888,1.3153525266032169,1.2635167238222835,1.0,0.0,0.0,1.0,0.0
Kr,3.0,0.01,rise,60,18,18,0,18,0,0,18,0,0,1.1921684213709869,1.268482553713183,1.2132883376676222,1.0,0.0,0.0,1.0,0.0
Kr,3.0,0.01,fall,40,18,18,0,18,0,0,18,0,0,0.3622725022334472,0.8949785469486384,0.7703135759635686,1.0,0.0,0.0,1.0,0.0
Kr,3.0,0.01,fall,50,18,18,0,18,0,0,18,0,0,0.4192377025543625,0.9063245767268158,0.773133627429005,1.0,0.0,0.0,1.0,0.0
Kr,3.0,0.01,fall,60,18,18,0,18,0,0,18,0,0,0.5167754739839694,0.9174323631131732,0.7755689187193435,1.0,0.0,0.0,1.0,0.0
Kr,3.0,0.03,rise,40,18,18,0,18,0,0,18,0,0,1.3001641271556186,1.3621699947873984,1.3136097065314383,1.0,0.0,0.0,1.0,0.0
Kr,3.0,0.03,rise,50,18,18,0,18,0,0,18,0,0,1.2558568255758684,1.3203705766622875,1.2723563346761684,1.0,0.0,0.0,1.0,0.0
Kr,3.0,0.03,rise,60,18,18,0,18,0,0,18,0,0,1.202032253353981,1.274170255385885,1.2225762324755323,1.0,0.0,0.0,1.0,0.0
Kr,3.0,0.03,fall,40,18,18,0,18,0,0,18,0,0,0.3638910066375853,0.9137907801306584,0.7687953029454915,1.0,0.0,0.0,1.0,0.0
Kr,3.0,0.03,fall,50,18,18,0,18,0,0,18,0,0,0.4326175492291613,0.9248224187324828,0.7715722587485396,1.0,0.0,0.0,1.0,0.0
Kr,3.0,0.03,fall,60,18,18,0,18,0,0,18,0,0,0.5289153751169251,0.93562333366076,0.786230339552626,1.0,0.0,0.0,1.0,0.0
Kr,3.0,0.1,rise,40,18,18,0,18,0,0,18,0,0,1.3230238473255451,1.375124286240967,1.3341314982772658,1.0,0.0,0.0,1.0,0.0
Kr,3.0,0.1,rise,50,18,18,0,18,0,0,18,0,0,1.27994138560533,1.3349756413670066,1.2940227663834116,1.0,0.0,0.0,1.0,0.0
Kr,3.0,0.1,rise,60,18,18,0,18,0,0,18,0,0,1.22854390188612,1.2911846207880964,1.2462857046314704,1.0,0.0,0.0,1.0,0.0
Kr,3.0,0.1,fall,40,18,18,0,18,0,0,18,0,0,0.415486052550746,0.988838914735532,0.8230977098843326,1.0,0.0,0.0,1.0,0.0
Kr,3.0,0.1,fall,50,18,18,0,18,0,0,18,0,0,0.4991355463570115,0.9883031326983004,0.8397278676405078,1.0,0.0,0.0,1.0,0.0
Kr,3.0,0.1,fall,60,18,18,0,18,0,0,18,0,0,0.5890409722870857,0.995612040115097,0.8535766783467684,1.0,0.0,0.0,1.0,0.0
Kr,3.0,0.3,rise,40,18,18,0,18,0,0,18,0,0,1.3481136185201483,1.3959895265021296,1.3637984353800774,1.0,0.0,0.0,1.0,0.0
Kr,3.0,0.3,rise,50,18,18,0,18,0,0,18,0,0,1.3108032838604866,1.358953193187419,1.3261023454866936,1.0,0.0,0.0,1.0,0.0
Kr,3.0,0.3,rise,60,18,18,0,18,0,0,18,0,0,1.2678872794422302,1.3197215309184722,1.2829258655999527,1.0,0.0,0.0,1.0,0.0
Kr,3.0,0.3,fall,40,18,18,0,18,0,0,18,0,0,0.66048771642956,1.1990533405037511,1.0067167062525944,1.0,0.0,0.0,1.0,0.0
Kr,3.0,0.3,fall,50,18,18,0,18,0,0,18,0,0,0.6622649229790794,1.1774009165965404,0.9999666533402052,1.0,0.0,0.0,1.0,0.0
Kr,3.0,0.3,fall,60,18,18,0,18,0,0,18,0,0,0.6705369673776476,1.1589534791669434,0.9999820278956224,1.0,0.0,0.0,1.0,0.0
Kr,3.0,1.0,rise,40,18,18,0,18,0,0,18,0,0,1.3820025411686103,1.4187898516162272,1.400422570201864,1.0,0.0,0.0,1.0,0.0
Kr,3.0,1.0,rise,50,18,18,0,18,0,0,18,0,0,1.3495994378892655,1.385866283904402,1.3679504255828563,1.0,0.0,0.0,1.0,0.0
Kr,3.0,1.0,rise,60,18,18,0,18,0,0,18,0,0,1.31220415751018,1.3521302337412622,1.331134759879685,1.0,0.0,0.0,1.0,0.0
Kr,3.0,1.0,fall,40,18,18,0,18,0,0,18,0,0,1.3291059535150265,1.889274235482575,1.6923415613375028,1.0,0.0,0.0,1.0,0.0
Kr,3.0,1.0,fall,50,18,18,0,18,0,0,18,0,0,1.3049981978012957,1.720707138337989,1.534649035350558,1.0,0.0,0.0,1.0,0.0
Kr,3.0,1.0,fall,60,18,18,0,18,0,0,18,0,0,1.2741127221207238,1.5897534895483516,1.4158528817311593,1.0,0.0,0.0,1.0,0.0
Kr,3.0,3.0,rise,40,18,18,0,18,0,0,18,0,0,1.4106173109904545,1.4463819472396977,1.4259915169205977,1.0,0.0,0.0,1.0,0.0
Kr,3.0,3.0,rise,50,18,18,0,18,0,0,18,0,0,1.382737686694168,1.4206012329848283,1.3967798115447612,1.0,0.0,0.0,1.0,0.0
Kr,3.0,3.0,rise,60,18,18,0,18,0,0,18,0,0,1.3504401822197003,1.393897774654673,1.3659005777635302,1.0,0.0,0.0,1.0,0.0
Kr,3.0,3.0,fall,40,18,18,0,18,0,0,18,0,0,3.328850023364886,3.8099371309773447,3.593554346336929,1.0,0.0,0.0,1.0,0.0
Kr,3.0,3.0,fall,50,18,18,0,18,0,0,18,0,0,2.849253676478581,3.1950828622090803,3.094150281820044,1.0,0.0,0.0,1.0,0.0
Kr,3.0,3.0,fall,60,18,18,0,18,0,0,18,0,0,2.41797355393978,2.8193892039696493,2.597467745905603,1.0,0.0,0.0,1.0,0.0
mlpt,0.01,0.01,rise,40,18,18,0,0,0,18,10,8,0,-0.0003585009034468,0.0047449759238853,0.00030003979446038874,0.0,0.0,1.0,0.5555555555555556,0.4444444444444444
mlpt,0.01,0.01,rise,50,18,18,0,0,0,18,10,8,0,-0.000356953560251,0.0047819100043657,0.00031136762684870554,0.0,0.0,1.0,0.5555555555555556,0.4444444444444444
mlpt,0.01,0.01,rise,60,18,18,0,0,0,18,10,8,0,-0.0003560501282694,0.0048749913211294,0.0003083687284075105,0.0,0.0,1.0,0.5555555555555556,0.4444444444444444
mlpt,0.01,0.01,fall,40,18,18,0,0,0,18,12,6,0,-0.000256027937747,0.0052098635624419,0.00045656676633120004,0.0,0.0,1.0,0.6666666666666666,0.3333333333333333
mlpt,0.01,0.01,fall,50,18,18,0,0,0,18,12,6,0,-0.0002560059783331,0.0052264333068775,0.0004513552783887,0.0,0.0,1.0,0.6666666666666666,0.3333333333333333
mlpt,0.01,0.01,fall,60,18,18,0,0,0,18,12,6,0,-0.0002560147399552,0.0052553906151113,0.00044419461181915,0.0,0.0,1.0,0.6666666666666666,0.3333333333333333
mlpt,0.01,0.03,rise,40,18,18,0,6,0,12,15,3,0,-0.0001187066357309,0.0206927081855341,0.0040589432059956,0.3333333333333333,0.0,0.6666666666666666,0.8333333333333334,0.16666666666666666
mlpt,0.01,0.03,rise,50,18,18,0,6,0,12,15,3,0,-0.0001163118886585,0.0207990056585399,0.0041972609440454,0.3333333333333333,0.0,0.6666666666666666,0.8333333333333334,0.16666666666666666
mlpt,0.01,0.03,rise,60,18,18,0,6,0,12,15,3,0,-0.0001154099799466,0.0209431694702155,0.004248542443760999,0.3333333333333333,0.0,0.6666666666666666,0.8333333333333334,0.16666666666666666
mlpt,0.01,0.03,fall,40,18,18,0,6,0,12,18,0,0,0.0001386713537381,0.0253589323628465,0.005613495219128,0.3333333333333333,0.0,0.6666666666666666,1.0,0.0
mlpt,0.01,0.03,fall,50,18,18,0,6,0,12,18,0,0,0.0001386912616188,0.025606695853848,0.00543551218088305,0.3333333333333333,0.0,0.6666666666666666,1.0,0.0
mlpt,0.01,0.03,fall,60,18,18,0,6,0,12,18,0,0,0.000138689628327,0.025991494833207,0.0051698697148981005,0.3333333333333333,0.0,0.6666666666666666,1.0,0.0
mlpt,0.01,0.1,rise,40,18,18,0,12,0,6,18,0,0,0.0015007142328289,0.0696080724608467,0.020963755593547552,0.6666666666666666,0.0,0.3333333333333333,1.0,0.0
mlpt,0.01,0.1,rise,50,18,18,0,12,0,6,18,0,0,0.0015225296271103,0.0707915872149292,0.02360781803918905,0.6666666666666666,0.0,0.3333333333333333,1.0,0.0
mlpt,0.01,0.1,rise,60,18,18,0,12,0,6,18,0,0,0.0015256098366913,0.0714585857041612,0.02636782469898065,0.6666666666666666,0.0,0.3333333333333333,1.0,0.0
mlpt,0.01,0.1,fall,40,18,18,0,16,0,2,18,0,0,0.0073106904925337,0.1115845787741732,0.047646144443607846,0.8888888888888888,0.0,0.1111111111111111,1.0,0.0
mlpt,0.01,0.1,fall,50,18,18,0,16,0,2,18,0,0,0.0073107350853032,0.1119188710088808,0.04172255407010865,0.8888888888888888,0.0,0.1111111111111111,1.0,0.0
mlpt,0.01,0.1,fall,60,18,18,0,16,0,2,18,0,0,0.0073107293650487,0.1131126387929197,0.0367580967020692,0.8888888888888888,0.0,0.1111111111111111,1.0,0.0
mlpt,0.01,0.3,rise,40,18,18,0,15,0,3,18,0,0,0.0057623140092661,0.1360125471454573,0.05180524389723065,0.8333333333333334,0.0,0.16666666666666666,1.0,0.0
mlpt,0.01,0.3,rise,50,18,18,0,15,0,3,18,0,0,0.0059403687757929,0.1397452390168865,0.06017994596356685,0.8333333333333334,0.0,0.16666666666666666,1.0,0.0
mlpt,0.01,0.3,rise,60,18,18,0,16,0,2,18,0,0,0.0060236619815432,0.1418841723895449,0.07000968411104135,0.8888888888888888,0.0,0.1111111111111111,1.0,0.0
mlpt,0.01,0.3,fall,40,18,18,0,18,0,0,18,0,0,0.0997165889392381,0.33110217396145,0.22232680534895366,1.0,0.0,0.0,1.0,0.0
mlpt,0.01,0.3,fall,50,18,18,0,18,0,0,18,0,0,0.0996062288510586,0.31148868465819,0.1838050289732296,1.0,0.0,0.0,1.0,0.0
mlpt,0.01,0.3,fall,60,18,18,0,18,0,0,18,0,0,0.0990747199414134,0.2997614832708462,0.15368882490677693,1.0,0.0,0.0,1.0,0.0
mlpt,0.01,1.0,rise,40,18,18,0,18,0,0,18,0,0,0.010834027633362,0.1897228908820041,0.08716753055797435,1.0,0.0,0.0,1.0,0.0
mlpt,0.01,1.0,rise,50,18,18,0,18,0,0,18,0,0,0.0113161055736551,0.195610637831128,0.1048495037070293,1.0,0.0,0.0,1.0,0.0
mlpt,0.01,1.0,rise,60,18,18,0,18,0,0,18,0,0,0.01160617721194,0.2031611428091974,0.11687429774450925,1.0,0.0,0.0,1.0,0.0
mlpt,0.01,1.0,fall,40,18,18,0,18,0,0,18,0,0,0.7941580738158853,1.043076900829198,0.8801405293308846,1.0,0.0,0.0,1.0,0.0
mlpt,0.01,1.0,fall,50,18,18,0,18,0,0,18,0,0,0.6784314125410651,0.8679676305964996,0.7477513279330907,1.0,0.0,0.0,1.0,0.0
mlpt,0.01,1.0,fall,60,18,18,0,18,0,0,18,0,0,0.525780420392893,0.7584064269724977,0.6330778640882287,1.0,0.0,0.0,1.0,0.0
mlpt,0.01,3.0,rise,40,18,18,0,18,0,0,18,0,0,0.0133815420733142,0.2134625601147328,0.10948862013223126,1.0,0.0,0.0,1.0,0.0
mlpt,0.01,3.0,rise,50,18,18,0,18,0,0,18,0,0,0.0140496463596144,0.2203751248404598,0.1303735909877892,1.0,0.0,0.0,1.0,0.0
mlpt,0.01,3.0,rise,60,18,18,0,18,0,0,18,0,0,0.0144795606959017,0.2468661573908972,0.14210007624102405,1.0,0.0,0.0,1.0,0.0
mlpt,0.01,3.0,fall,40,18,18,0,18,0,0,18,0,0,2.6601803621126363,3.006578947481028,2.7963869337567893,1.0,0.0,0.0,1.0,0.0
mlpt,0.01,3.0,fall,50,18,18,0,18,0,0,18,0,0,2.0575518681533955,2.646240568371794,2.2167139500797886,1.0,0.0,0.0,1.0,0.0
mlpt,0.01,3.0,fall,60,18,18,0,18,0,0,18,0,0,1.5646050983193849,2.290168672298448,1.7201698037365225,1.0,0.0,0.0,1.0,0.0
mlpt,0.03,0.01,rise,40,18,18,0,0,0,18,6,12,0,-0.0013176618778925,0.0033102913048596,-0.0006823690746288,0.0,0.0,1.0,0.3333333333333333,0.6666666666666666
mlpt,0.03,0.01,rise,50,18,18,0,0,0,18,6,12,0,-0.0013170520924267,0.0034357899095931,-0.00061591708471765,0.0,0.0,1.0,0.3333333333333333,0.6666666666666666
mlpt,0.03,0.01,rise,60,18,18,0,0,0,18,6,12,0,-0.0013240402718799,0.0036062183454408,-0.0006306276415541,0.0,0.0,1.0,0.3333333333333333,0.6666666666666666
mlpt,0.03,0.01,fall,40,18,18,0,0,0,18,11,7,0,-0.0005796603774999,0.0040424946090824,0.00018605938928189998,0.0,0.0,1.0,0.6111111111111112,0.3888888888888889
mlpt,0.03,0.01,fall,50,18,18,0,0,0,18,11,7,0,-0.0005796000328632,0.004055023525333,0.00014387016956545,0.0,0.0,1.0,0.6111111111111112,0.3888888888888889
mlpt,0.03,0.01,fall,60,18,18,0,0,0,18,11,7,0,-0.0005794648286607,0.0040854604896922,0.00011235725156336242,0.0,0.0,1.0,0.6111111111111112,0.3888888888888889
mlpt,0.03,0.03,rise,40,18,18,0,6,0,12,12,6,0,-0.0010386124976097,0.0192574497708279,0.0035030156465544002,0.3333333333333333,0.0,0.6666666666666666,0.6666666666666666,0.3333333333333333
mlpt,0.03,0.03,rise,50,18,18,0,6,0,12,12,6,0,-0.0010247500821786,0.0194090929823294,0.0036713415885668505,0.3333333333333333,0.0,0.6666666666666666,0.6666666666666666,0.3333333333333333
mlpt,0.03,0.03,rise,60,18,18,0,6,0,12,12,6,0,-0.001017466141392,0.0196826955499336,0.0037167716611282,0.3333333333333333,0.0,0.6666666666666666,0.6666666666666666,0.3333333333333333
mlpt,0.03,0.03,fall,40,18,18,0,6,0,12,18,0,0,1.526748426972091e-05,0.0244037545465726,0.00575361652320685,0.3333333333333333,0.0,0.6666666666666666,1.0,0.0
mlpt,0.03,0.03,fall,50,18,18,0,6,0,12,18,0,0,1.5269676090223783e-05,0.0246463153658379,0.00561551893120475,0.3333333333333333,0.0,0.6666666666666666,1.0,0.0
mlpt,0.03,0.03,fall,60,18,18,0,6,0,12,18,0,0,1.526949626917684e-05,0.0250333647048076,0.00526205195858535,0.3333333333333333,0.0,0.6666666666666666,1.0,0.0
mlpt,0.03,0.1,rise,40,18,18,0,12,0,6,18,0,0,0.0006478211177509,0.0677943454539865,0.020719936232457853,0.6666666666666666,0.0,0.3333333333333333,1.0,0.0
mlpt,0.03,0.1,rise,50,18,18,0,12,0,6,18,0,0,0.0006828425540499,0.0689555943528395,0.02363422749526095,0.6666666666666666,0.0,0.3333333333333333,1.0,0.0
mlpt,0.03,0.1,rise,60,18,18,0,12,0,6,18,0,0,0.0006932016710345,0.0695854445051787,0.0262160998126591,0.6666666666666666,0.0,0.3333333333333333,1.0,0.0
mlpt,0.03,0.1,fall,40,18,18,0,16,0,2,18,0,0,0.0075139660978731,0.1103520357398191,0.04883913888656685,0.8888888888888888,0.0,0.1111111111111111,1.0,0.0
mlpt,0.03,0.1,fall,50,18,18,0,16,0,2,18,0,0,0.0075138963111029,0.110666893112446,0.04279229026183065,0.8888888888888888,0.0,0.1111111111111111,1.0,0.0
mlpt,0.03,0.1,fall,60,18,18,0,16,0,2,18,0,0,0.0075138998770376,0.1118486245838169,0.037624644894887746,0.8888888888888888,0.0,0.1111111111111111,1.0,0.0
mlpt,0.03,0.3,rise,40,18,18,0,15,0,3,18,0,0,0.00494379909778,0.1339699080326659,0.051466699320126194,0.8333333333333334,0.0,0.16666666666666666,1.0,0.0
mlpt,0.03,0.3,rise,50,18,18,0,15,0,3,18,0,0,0.0051402060618495,0.1376897673002048,0.060092530085605,0.8333333333333334,0.0,0.16666666666666666,1.0,0.0
mlpt,0.03,0.3,rise,60,18,18,0,16,0,2,18,0,0,0.0052356941039265,0.1398056673911931,0.06986202956877136,0.8888888888888888,0.0,0.1111111111111111,1.0,0.0
mlpt,0.03,0.3,fall,40,18,18,0,18,0,0,18,0,0,0.1011787901694094,0.3297674937323814,0.223838788159409,1.0,0.0,0.0,1.0,0.0
mlpt,0.03,0.3,fall,50,18,18,0,18,0,0,18,0,0,0.1010671630020838,0.3100748274939758,0.18520801626037436,1.0,0.0,0.0,1.0,0.0
mlpt,0.03,0.3,fall,60,18,18,0,18,0,0,18,0,0,0.1005297599308887,0.2982886894706918,0.15513024277559606,1.0,0.0,0.0,1.0,0.0
mlpt,0.03,1.0,rise,40,18,18,0,18,0,0,18,0,0,0.0100014275174226,0.1876528901341136,0.0865734630668467,1.0,0.0,0.0,1.0,0.0
mlpt,0.03,1.0,rise,50,18,18,0,18,0,0,18,0,0,0.0105067406018726,0.1935444086009708,0.10438701306869945,1.0,0.0,0.0,1.0,0.0
mlpt,0.03,1.0,rise,60,18,18,0,18,0,0,18,0,0,0.0108148625151839,0.2013916023712841,0.1162578688638031,1.0,0.0,0.0,1.0,0.0
mlpt,0.03,1.0,fall,40,18,18,0,18,0,0,18,0,0,0.7975035501588987,1.041659462136464,0.8825263584410891,1.0,0.0,0.0,1.0,0.0
mlpt,0.03,1.0,fall,50,18,18,0,18,0,0,18,0,0,0.68093519413576,0.8665508005859219,0.7509579830205424,1.0,0.0,0.0,1.0,0.0
mlpt,0.03,1.0,fall,60,18,18,0,18,0,0,18,0,0,0.526825649015055,0.7626403336225516,0.634297818317814,1.0,0.0,0.0,1.0,0.0
mlpt,0.03,3.0,rise,40,18,18,0,18,0,0,18,0,0,0.012540998589052,0.211435481429332,0.10878886371676105,1.0,0.0,0.0,1.0,0.0
mlpt,0.03,3.0,rise,50,18,18,0,18,0,0,18,0,0,0.0132349592108054,0.2183637673825651,0.1295748860968306,1.0,0.0,0.0,1.0,0.0
mlpt,0.03,3.0,rise,60,18,18,0,18,0,0,18,0,0,0.0136868916007433,0.2450686335999685,0.141331071417931,1.0,0.0,0.0,1.0,0.0
mlpt,0.03,3.0,fall,40,18,18,0,18,0,0,18,0,0,2.66307312084806,3.011507887809114,2.796591534847861,1.0,0.0,0.0,1.0,0.0
mlpt,0.03,3.0,fall,50,18,18,0,18,0,0,18,0,0,2.0604437837653378,2.651161568027855,2.2174102592196006,1.0,0.0,0.0,1.0,0.0
mlpt,0.03,3.0,fall,60,18,18,0,18,0,0,18,0,0,1.5667036148271687,2.295079529652904,1.7197486526010604,1.0,0.0,0.0,1.0,0.0
mlpt,0.1,0.01,rise,40,18,18,0,0,0,18,0,18,0,-0.0089039718309232,-0.0017380936886619,-0.0063066277570055,0.0,0.0,1.0,0.0,1.0
mlpt,0.1,0.01,rise,50,18,18,0,0,0,18,0,18,0,-0.0090534072189782,-0.0008282033609355,-0.00579818119876455,0.0,0.0,1.0,0.0,1.0
mlpt,0.1,0.01,rise,60,18,18,0,0,0,18,1,17,0,-0.009327575417898,5.319361315125892e-05,-0.0049617513004648,0.0,0.0,1.0,0.05555555555555555,0.9444444444444444
mlpt,0.1,0.01,fall,40,18,18,0,1,0,17,10,8,0,-0.0038557876984874,0.0147158685513861,0.0006961883458614,0.05555555555555555,0.0,0.9444444444444444,0.5555555555555556,0.4444444444444444
mlpt,0.1,0.01,fall,50,18,18,0,1,0,17,10,8,0,-0.0040209454614911,0.0147158277610173,0.00035581214712635,0.05555555555555555,0.0,0.9444444444444444,0.5555555555555556,0.4444444444444444
mlpt,0.1,0.01,fall,60,18,18,0,1,0,17,9,9,0,-0.0048492066991049,0.014715831107563,-7.430267651294998e-05,0.05555555555555555,0.0,0.9444444444444444,0.5,0.5
mlpt,0.1,0.03,rise,40,18,18,0,3,0,15,8,10,0,-0.0063027433387358,0.0134443911281742,-0.0015857716039108499,0.16666666666666666,0.0,0.8333333333333334,0.4444444444444444,0.5555555555555556
mlpt,0.1,0.03,rise,50,18,18,0,3,0,15,8,10,0,-0.0062844122469523,0.0141089437158856,-0.0009345223580857,0.16666666666666666,0.0,0.8333333333333334,0.4444444444444444,0.5555555555555556
mlpt,0.1,0.03,rise,60,18,18,0,3,0,15,9,9,0,-0.0063485585451448,0.0159435639934474,-0.0008333278997595,0.16666666666666666,0.0,0.8333333333333334,0.5,0.5
mlpt,0.1,0.03,fall,40,18,18,0,7,0,11,18,0,0,0.0018830066785857,0.0218434976266891,0.00788771890598375,0.3888888888888889,0.0,0.6111111111111112,1.0,0.0
mlpt,0.1,0.03,fall,50,18,18,0,7,0,11,18,0,0,0.0018829898802164,0.0220309846063815,0.0071106671810774996,0.3888888888888889,0.0,0.6111111111111112,1.0,0.0
mlpt,0.1,0.03,fall,60,18,18,0,6,0,12,18,0,0,0.0018829541342226,0.0224250084715533,0.006696966621591,0.3333333333333333,0.0,0.6666666666666666,1.0,0.0
mlpt,0.1,0.1,rise,40,18,18,0,11,0,7,14,4,0,-0.0039390156043987,0.0587481912848754,0.0182135084467315,0.6111111111111112,0.0,0.3888888888888889,0.7777777777777778,0.2222222222222222
mlpt,0.1,0.1,rise,50,18,18,0,11,0,7,14,4,0,-0.0037418047079227,0.0597549267725955,0.0217959082470306,0.6111111111111112,0.0,0.3888888888888889,0.7777777777777778,0.2222222222222222
mlpt,0.1,0.1,rise,60,18,18,0,11,0,7,15,3,0,-0.0036253467329293,0.0609314608842061,0.023063853777766652,0.6111111111111112,0.0,0.3888888888888889,0.8333333333333334,0.16666666666666666
mlpt,0.1,0.1,fall,40,18,18,0,18,0,0,18,0,0,0.0121814756367988,0.1067177008644327,0.0534178012620458,1.0,0.0,0.0,1.0,0.0
mlpt,0.1,0.1,fall,50,18,18,0,18,0,0,18,0,0,0.0121814411871601,0.1068403751120413,0.0478290758033066,1.0,0.0,0.0,1.0,0.0
mlpt,0.1,0.1,fall,60,18,18,0,18,0,0,18,0,0,0.0121814366666641,0.1079032087864164,0.041909208994532,1.0,0.0,0.0,1.0,0.0
mlpt,0.1,0.3,rise,40,18,18,0,15,0,3,18,0,0,0.0007087018153336,0.1229064022485965,0.0488850201850468,0.8333333333333334,0.0,0.16666666666666666,1.0,0.0
mlpt,0.1,0.3,rise,50,18,18,0,15,0,3,18,0,0,0.0011163432924796,0.1264950200387916,0.058843024505809395,0.8333333333333334,0.0,0.16666666666666666,1.0,0.0
mlpt,0.1,0.3,rise,60,18,18,0,15,0,3,18,0,0,0.0013681740488967,0.1283699317638601,0.06676566339404749,0.8333333333333334,0.0,0.16666666666666666,1.0,0.0
mlpt,0.1,0.3,fall,40,18,18,0,18,0,0,18,0,0,0.1096365008660433,0.3262612222801935,0.2313630866605145,1.0,0.0,0.0,1.0,0.0
mlpt,0.1,0.3,fall,50,18,18,0,18,0,0,18,0,0,0.1095220388803905,0.3058040616205744,0.19236598752125986,1.0,0.0,0.0,1.0,0.0
mlpt,0.1,0.3,fall,60,18,18,0,18,0,0,18,0,0,0.1089710701724846,0.2933784693086623,0.16389296096289813,1.0,0.0,0.0,1.0,0.0
mlpt,0.1,1.0,rise,40,18,18,0,16,0,2,18,0,0,0.0060941477581165,0.1765060648726384,0.083955889132766,0.8888888888888888,0.0,0.1111111111111111,1.0,0.0
mlpt,0.1,1.0,rise,50,18,18,0,17,0,1,18,0,0,0.0068810988301246,0.182435406714616,0.10193739017475426,0.9444444444444444,0.0,0.05555555555555555,1.0,0.0
mlpt,0.1,1.0,rise,60,18,18,0,17,0,1,18,0,0,0.0074239684458159,0.1936360810248159,0.11233510395492174,0.9444444444444444,0.0,0.05555555555555555,1.0,0.0
mlpt,0.1,1.0,fall,40,18,18,0,18,0,0,18,0,0,0.8114959837705036,1.0378828171497338,0.8953787986518019,1.0,0.0,0.0,1.0,0.0
mlpt,0.1,1.0,fall,50,18,18,0,18,0,0,18,0,0,0.6944708296714903,0.8627830503253895,0.7646507988326461,1.0,0.0,0.0,1.0,0.0
mlpt,0.1,1.0,fall,60,18,18,0,18,0,0,18,0,0,0.5360781782111058,0.7804524097360512,0.6377287889710234,1.0,0.0,0.0,1.0,0.0
mlpt,0.1,3.0,rise,40,18,18,0,17,0,1,18,0,0,0.0088393149896195,0.2009126892991283,0.1056532323029389,0.9444444444444444,0.0,0.05555555555555555,1.0,0.0
mlpt,0.1,3.0,rise,50,18,18,0,17,0,1,18,0,0,0.009858758114066,0.2080234741784921,0.12541720138256196,0.9444444444444444,0.0,0.05555555555555555,1.0,0.0
mlpt,0.1,3.0,rise,60,18,18,0,18,0,0,18,0,0,0.0105951002276841,0.2371270816348621,0.13740949311984824,1.0,0.0,0.0,1.0,0.0
mlpt,0.1,3.0,fall,40,18,18,0,18,0,0,18,0,0,2.6809924266038125,3.028873503182498,2.807943737019743,1.0,0.0,0.0,1.0,0.0
mlpt,0.1,3.0,fall,50,18,18,0,18,0,0,18,0,0,2.078363525638573,2.668620253100201,2.2220357928537133,1.0,0.0,0.0,1.0,0.0
mlpt,0.1,3.0,fall,60,18,18,0,18,0,0,18,0,0,1.5821656739139731,2.3126577087410807,1.722497863047173,1.0,0.0,0.0,1.0,0.0
mlpt,0.3,0.01,rise,40,18,18,0,0,18,0,0,18,0,-0.0486946108823245,-0.0144995573621214,-0.030010577226927147,0.0,1.0,0.0,0.0,1.0
mlpt,0.3,0.01,rise,50,18,18,0,0,17,1,0,18,0,-0.0487962435665694,-0.0096583040495381,-0.0265810548466902,0.0,0.9444444444444444,0.05555555555555555,0.0,1.0
mlpt,0.3,0.01,rise,60,18,18,0,0,16,2,0,18,0,-0.0495801295293263,-0.0004846103698276,-0.0230217091895156,0.0,0.8888888888888888,0.1111111111111111,0.0,1.0
mlpt,0.3,0.01,fall,40,18,18,0,8,2,8,13,5,0,-0.0170005194273334,0.0707099626086353,0.007909353775585999,0.4444444444444444,0.1111111111111111,0.4444444444444444,0.7222222222222222,0.2777777777777778
mlpt,0.3,0.01,fall,50,18,18,0,7,2,9,11,7,0,-0.0181837403588964,0.0707100176472996,0.006076038600136649,0.3888888888888889,0.1111111111111111,0.5,0.6111111111111112,0.3888888888888889
mlpt,0.3,0.01,fall,60,18,18,0,7,4,7,10,8,0,-0.0189284481595515,0.0707100153555657,0.0029090279771851997,0.3888888888888889,0.2222222222222222,0.3888888888888889,0.5555555555555556,0.4444444444444444
mlpt,0.3,0.03,rise,40,18,18,0,0,15,3,0,18,0,-0.043333006494774,-0.004427322633937,-0.0261432403325511,0.0,0.8333333333333334,0.16666666666666666,0.0,1.0
mlpt,0.3,0.03,rise,50,18,18,0,0,13,5,1,17,0,-0.0434640553806612,0.0040270303885533,-0.01757135343642775,0.0,0.7222222222222222,0.2777777777777778,0.05555555555555555,0.9444444444444444
mlpt,0.3,0.03,rise,60,18,18,0,1,12,5,3,15,0,-0.0443292530847423,0.0149867377416879,-0.0131793204619717,0.05555555555555555,0.6666666666666666,0.2777777777777778,0.16666666666666666,0.8333333333333334
mlpt,0.3,0.03,fall,40,18,18,0,15,0,3,17,1,0,-0.0014998477006376,0.070677973961541,0.02344282007186825,0.8333333333333334,0.0,0.16666666666666666,0.9444444444444444,0.05555555555555555
mlpt,0.3,0.03,fall,50,18,18,0,15,0,3,16,2,0,-0.0029367701859333,0.0706780350704985,0.02249961180121505,0.8333333333333334,0.0,0.16666666666666666,0.8888888888888888,0.1111111111111111
mlpt,0.3,0.03,fall,60,18,18,0,12,0,6,16,2,0,-0.0038288855044307,0.070678033155406,0.018598888799858652,0.6666666666666666,0.0,0.3333333333333333,0.8888888888888888,0.1111111111111111
mlpt,0.3,0.1,rise,40,18,18,0,6,6,6,6,12,0,-0.0297402284791499,0.0289255958009105,-0.0060336051640348005,0.3333333333333333,0.3333333333333333,0.3333333333333333,0.3333333333333333,0.6666666666666666
mlpt,0.3,0.1,rise,50,18,18,0,7,6,5,9,9,0,-0.028357528405027,0.0381549470522734,0.0006298533357692998,0.3888888888888889,0.3333333333333333,0.2777777777777778,0.5,0.5
mlpt,0.3,0.1,rise,60,18,18,0,8,5,5,10,8,0,-0.0276181683615966,0.0531323281495091,0.00437426706085355,0.4444444444444444,0.2777777777777778,0.2777777777777778,0.5555555555555556,0.4444444444444444
mlpt,0.3,0.1,fall,40,18,18,0,18,0,0,18,0,0,0.0428429423910683,0.1130092113811099,0.07681562532432945,1.0,0.0,0.0,1.0,0.0
mlpt,0.3,0.1,fall,50,18,18,0,18,0,0,18,0,0,0.0428203267863465,0.1114102165642613,0.07049633521151805,1.0,0.0,0.0,1.0,0.0
mlpt,0.3,0.1,fall,60,18,18,0,18,0,0,18,0,0,0.0427115408325478,0.111382895803523,0.067066185838012,1.0,0.0,0.0,1.0,0.0
mlpt,0.3,0.3,rise,40,18,18,0,11,3,4,13,5,0,-0.018878864430993,0.0785149548167269,0.03004194047300625,0.6111111111111112,0.16666666666666666,0.2222222222222222,0.7222222222222222,0.2777777777777778
mlpt,0.3,0.3,rise,50,18,18,0,12,2,4,15,3,0,-0.0158122966017713,0.0885337800774785,0.038843175541465796,0.6666666666666666,0.1111111111111111,0.2222222222222222,0.8333333333333334,0.16666666666666666
mlpt,0.3,0.3,rise,60,18,18,0,12,1,5,15,3,0,-0.0131632498045337,0.1088926940504793,0.0449613255945586,0.6666666666666666,0.05555555555555555,0.2777777777777778,0.8333333333333334,0.16666666666666666
mlpt,0.3,0.3,fall,40,18,18,0,18,0,0,18,0,0,0.1553243503228585,0.3373666647309291,0.26571179090715513,1.0,0.0,0.0,1.0,0.0
mlpt,0.3,0.3,fall,50,18,18,0,18,0,0,18,0,0,0.1552127806476293,0.3136726905590921,0.22917770263953036,1.0,0.0,0.0,1.0,0.0
mlpt,0.3,0.3,fall,60,18,18,0,18,0,0,18,0,0,0.1546754254011331,0.2968253152908355,0.20384939120767215,1.0,0.0,0.0,1.0,0.0
mlpt,0.3,1.0,rise,40,18,18,0,14,1,3,16,2,0,-0.0116979333715651,0.1313226920479403,0.06812128411200505,0.7777777777777778,0.05555555555555555,0.16666666666666666,0.8888888888888888,0.1111111111111111
mlpt,0.3,1.0,rise,50,18,18,0,15,0,3,17,1,0,-0.0079454252385247,0.145349639085089,0.08210774681234714,0.8333333333333334,0.0,0.16666666666666666,0.9444444444444444,0.05555555555555555
mlpt,0.3,1.0,rise,60,18,18,0,16,0,2,17,1,0,-0.0045613059309543,0.1731964873703591,0.09281359245643794,0.8888888888888888,0.0,0.1111111111111111,0.9444444444444444,0.05555555555555555
mlpt,0.3,1.0,fall,40,18,18,0,18,0,0,18,0,0,0.8609515227716367,1.0506562174851433,0.9432225042405118,1.0,0.0,0.0,1.0,0.0
mlpt,0.3,1.0,fall,50,18,18,0,18,0,0,18,0,0,0.7448896575380215,0.8821684039113404,0.803566576741028,1.0,0.0,0.0,1.0,0.0
mlpt,0.3,1.0,fall,60,18,18,0,18,0,0,18,0,0,0.5888082348247614,0.8217323860717549,0.6686867568035647,1.0,0.0,0.0,1.0,0.0
mlpt,0.3,3.0,rise,40,18,18,0,16,0,2,16,2,0,-0.008131958998103,0.161734483282776,0.090386134662178,0.8888888888888888,0.0,0.1111111111111111,0.8888888888888888,0.1111111111111111
mlpt,0.3,3.0,rise,50,18,18,0,16,0,2,17,1,0,-0.0040004754809341,0.1809623159345114,0.10789200936484006,0.8888888888888888,0.0,0.1111111111111111,0.9444444444444444,0.05555555555555555
mlpt,0.3,3.0,rise,60,18,18,0,17,0,1,17,1,0,-0.0001820736592258,0.2154785683495584,0.122181532526975,0.9444444444444444,0.0,0.05555555555555555,0.9444444444444444,0.05555555555555555
mlpt,0.3,3.0,fall,40,18,18,0,18,0,0,18,0,0,2.736082212064758,3.067180404898262,2.8634844915055266,1.0,0.0,0.0,1.0,0.0
mlpt,0.3,3.0,fall,50,18,18,0,18,0,0,18,0,0,2.133459941331429,2.707279326566606,2.2701980728727467,1.0,0.0,0.0,1.0,0.0
mlpt,0.3,3.0,fall,60,18,18,0,18,0,0,18,0,0,1.640543235635587,2.3517685629752187,1.7641861896318938,1.0,0.0,0.0,1.0,0.0
mlpt,1.0,0.01,rise,40,18,18,0,0,18,0,0,18,0,-0.2812355815644251,-0.2170063164703385,-0.245833065845816,0.0,1.0,0.0,0.0,1.0
mlpt,1.0,0.01,rise,50,18,18,0,0,18,0,0,18,0,-0.2716322217897077,-0.1838107410454863,-0.22718170508938007,0.0,1.0,0.0,0.0,1.0
mlpt,1.0,0.01,rise,60,18,18,0,0,18,0,0,18,0,-0.263507636131325,-0.0597603346162123,-0.200832993846869,0.0,1.0,0.0,0.0,1.0
mlpt,1.0,0.01,fall,40,18,18,0,18,0,0,18,0,0,0.0575065077306484,0.2174329714211014,0.1576783060980965,1.0,0.0,0.0,1.0,0.0
mlpt,1.0,0.01,fall,50,18,18,0,18,0,0,18,0,0,0.057712828951105,0.2174329880053007,0.15412211861995215,1.0,0.0,0.0,1.0,0.0
mlpt,1.0,0.01,fall,60,18,18,0,18,0,0,18,0,0,0.0552004663896315,0.2174329829062298,0.14489864762400934,1.0,0.0,0.0,1.0,0.0
mlpt,1.0,0.03,rise,40,18,18,0,0,18,0,0,18,0,-0.2752629385396632,-0.2137272667370092,-0.24260700831203424,0.0,1.0,0.0,0.0,1.0
mlpt,1.0,0.03,rise,50,18,18,0,0,18,0,0,18,0,-0.265179254119655,-0.1789847707240678,-0.22095451727402204,0.0,1.0,0.0,0.0,1.0
mlpt,1.0,0.03,rise,60,18,18,0,0,18,0,0,18,0,-0.2558753098963738,-0.04810746064401,-0.19300281044115458,0.0,1.0,0.0,0.0,1.0
mlpt,1.0,0.03,fall,40,18,18,0,18,0,0,18,0,0,0.075414165303022,0.2142333815681292,0.16719745410686443,1.0,0.0,0.0,1.0,0.0
mlpt,1.0,0.03,fall,50,18,18,0,18,0,0,18,0,0,0.0764253765924503,0.2142334150727669,0.16442284649122052,1.0,0.0,0.0,1.0,0.0
mlpt,1.0,0.03,fall,60,18,18,0,18,0,0,18,0,0,0.0746679592894801,0.2142334123239599,0.16227904993140446,1.0,0.0,0.0,1.0,0.0
mlpt,1.0,0.1,rise,40,18,18,0,0,18,0,0,18,0,-0.2577690543260793,-0.2018033617970327,-0.23142192931989142,0.0,1.0,0.0,0.0,1.0
mlpt,1.0,0.1,rise,50,18,18,0,0,18,0,0,18,0,-0.2437467723932971,-0.1625954819070861,-0.2036302790099224,0.0,1.0,0.0,0.0,1.0
mlpt,1.0,0.1,rise,60,18,18,0,0,17,1,0,18,0,-0.2299785569615162,-0.0098658568669774,-0.1699273432966916,0.0,0.9444444444444444,0.05555555555555555,0.0,1.0
mlpt,1.0,0.1,fall,40,18,18,0,18,0,0,18,0,0,0.147943675205822,0.2876498544162982,0.2127594011670184,1.0,0.0,0.0,1.0,0.0
mlpt,1.0,0.1,fall,50,18,18,0,18,0,0,18,0,0,0.1489894139345757,0.2786571645282869,0.21192709181334995,1.0,0.0,0.0,1.0,0.0
mlpt,1.0,0.1,fall,60,18,18,0,18,0,0,18,0,0,0.1476918251277557,0.2695172451410448,0.2112337944680011,1.0,0.0,0.0,1.0,0.0
mlpt,1.0,0.3,rise,40,18,18,0,0,18,0,0,18,0,-0.2278734848031484,-0.1689612576477507,-0.20977439533600345,0.0,1.0,0.0,0.0,1.0
mlpt,1.0,0.3,rise,50,18,18,0,0,18,0,0,18,0,-0.1973005195193992,-0.1294145522652622,-0.1643248032144958,0.0,1.0,0.0,0.0,1.0
mlpt,1.0,0.3,rise,60,18,18,0,2,16,0,2,16,0,-0.1694009876707017,0.0505315404410391,-0.11901286847175971,0.1111111111111111,0.8888888888888888,0.0,0.1111111111111111,0.8888888888888888
mlpt,1.0,0.3,fall,40,18,18,0,18,0,0,18,0,0,0.2982049972923999,0.5086839924877895,0.39732428300266254,1.0,0.0,0.0,1.0,0.0
mlpt,1.0,0.3,fall,50,18,18,0,18,0,0,18,0,0,0.2981419620891223,0.483067699649981,0.3670916823704583,1.0,0.0,0.0,1.0,0.0
mlpt,1.0,0.3,fall,60,18,18,0,18,0,0,18,0,0,0.2978387293515721,0.4620849971223235,0.34394048196248805,1.0,0.0,0.0,1.0,0.0
mlpt,1.0,1.0,rise,40,18,18,0,0,18,0,0,18,0,-0.1926255235881889,-0.1099696331049286,-0.16977159745858378,0.0,1.0,0.0,0.0,1.0
mlpt,1.0,1.0,rise,50,18,18,0,0,18,0,0,18,0,-0.1367888518870346,-0.0756694243069836,-0.1111346481825935,0.0,1.0,0.0,0.0,1.0
mlpt,1.0,1.0,rise,60,18,18,0,8,6,4,9,9,0,-0.0582760992502209,0.1010993637465775,-0.0010031248687653,0.4444444444444444,0.3333333333333333,0.2222222222222222,0.5,0.5
mlpt,1.0,1.0,fall,40,18,18,0,18,0,0,18,0,0,0.989513013864796,1.222352737134051,1.0751411351891056,1.0,0.0,0.0,1.0,0.0
mlpt,1.0,1.0,fall,50,18,18,0,18,0,0,18,0,0,0.8782484709213494,1.0487383832611643,0.9520635158713135,1.0,0.0,0.0,1.0,0.0
mlpt,1.0,1.0,fall,60,18,18,0,18,0,0,18,0,0,0.7408774612446847,0.91750205557619,0.8284530420993359,1.0,0.0,0.0,1.0,0.0
mlpt,1.0,3.0,rise,40,18,18,0,0,18,0,0,18,0,-0.1826787847620634,-0.0709255522133909,-0.1330608998892488,0.0,1.0,0.0,0.0,1.0
mlpt,1.0,3.0,rise,50,18,18,0,0,18,0,0,18,0,-0.1190015778115791,-0.0111423435670195,-0.0543824192223806,0.0,1.0,0.0,0.0,1.0
mlpt,1.0,3.0,rise,60,18,18,0,18,0,0,18,0,0,0.0672658132478873,0.1826012009186975,0.11390217921260615,1.0,0.0,0.0,1.0,0.0
mlpt,1.0,3.0,fall,40,18,18,0,18,0,0,18,0,0,2.886018101647513,3.1526113359262444,3.039418183017708,1.0,0.0,0.0,1.0,0.0
mlpt,1.0,3.0,fall,50,18,18,0,18,0,0,18,0,0,2.283437334337386,2.794501931354874,2.4218923078602117,1.0,0.0,0.0,1.0,0.0
mlpt,1.0,3.0,fall,60,18,18,0,18,0,0,18,0,0,1.79148548912622,2.4412847946250387,1.9492418502807864,1.0,0.0,0.0,1.0,0.0
mlpt,3.0,0.01,rise,40,18,18,0,0,18,0,0,18,0,-0.937767836237118,-0.894986711310402,-0.914993260878961,0.0,1.0,0.0,0.0,1.0
mlpt,3.0,0.01,rise,50,18,18,0,0,18,0,0,18,0,-0.9395875714719502,-0.8899741411004642,-0.910734372280126,0.0,1.0,0.0,0.0,1.0
mlpt,3.0,0.01,rise,60,18,18,0,0,18,0,0,18,0,-0.92619420717296,-0.8227041607754273,-0.876720336292673,0.0,1.0,0.0,0.0,1.0
mlpt,3.0,0.01,fall,40,18,18,0,18,0,0,18,0,0,0.160285435057069,0.6624742855481873,0.5026785076800762,1.0,0.0,0.0,1.0,0.0
mlpt,3.0,0.01,fall,50,18,18,0,18,0,0,18,0,0,0.1998254212236849,0.6629262340477933,0.5171125254655637,1.0,0.0,0.0,1.0,0.0
mlpt,3.0,0.01,fall,60,18,18,0,18,0,0,18,0,0,0.2719324585822313,0.6632560525232591,0.5264026989853752,1.0,0.0,0.0,1.0,0.0
mlpt,3.0,0.03,rise,40,18,18,0,0,18,0,0,18,0,-0.9313117698492188,-0.8881651293703097,-0.9085502815612945,0.0,1.0,0.0,0.0,1.0
mlpt,3.0,0.03,rise,50,18,18,0,0,18,0,0,18,0,-0.9304739278700735,-0.8806454174118123,-0.902558069973121,0.0,1.0,0.0,0.0,1.0
mlpt,3.0,0.03,rise,60,18,18,0,0,18,0,0,18,0,-0.9123978554642732,-0.7992838234388484,-0.8628295910923002,0.0,1.0,0.0,0.0,1.0
mlpt,3.0,0.03,fall,40,18,18,0,18,0,0,18,0,0,0.17013921854566,0.6823204561864813,0.5228679464177075,1.0,0.0,0.0,1.0,0.0
mlpt,3.0,0.03,fall,50,18,18,0,18,0,0,18,0,0,0.2139434886726676,0.6822245944850818,0.5371548548480953,1.0,0.0,0.0,1.0,0.0
mlpt,3.0,0.03,fall,60,18,18,0,18,0,0,18,0,0,0.2870902337727159,0.682190527091719,0.5463350643878326,1.0,0.0,0.0,1.0,0.0
mlpt,3.0,0.1,rise,40,18,18,0,0,18,0,0,18,0,-0.9134681348494746,-0.870044730563736,-0.8934038746216337,0.0,1.0,0.0,0.0,1.0
mlpt,3.0,0.1,rise,50,18,18,0,0,18,0,0,18,0,-0.9048714704335998,-0.8555436160180561,-0.880439888697133,0.0,1.0,0.0,0.0,1.0
mlpt,3.0,0.1,rise,60,18,18,0,0,18,0,0,18,0,-0.8735928706523606,-0.7166264987708828,-0.822761081036918,0.0,1.0,0.0,0.0,1.0
mlpt,3.0,0.1,fall,40,18,18,0,18,0,0,18,0,0,0.2316846871032702,0.7613934970962437,0.5950909228771477,1.0,0.0,0.0,1.0,0.0
mlpt,3.0,0.1,fall,50,18,18,0,18,0,0,18,0,0,0.2863929607871616,0.7587006400139558,0.6066928456586467,1.0,0.0,0.0,1.0,0.0
mlpt,3.0,0.1,fall,60,18,18,0,18,0,0,18,0,0,0.3525836702046616,0.7559444236726818,0.6138537874625407,1.0,0.0,0.0,1.0,0.0
mlpt,3.0,0.3,rise,40,18,18,0,0,18,0,0,18,0,-0.8876619332722131,-0.8403985640976077,-0.8721725564153724,0.0,1.0,0.0,0.0,1.0
mlpt,3.0,0.3,rise,50,18,18,0,0,18,0,0,18,0,-0.8683659059878399,-0.8132576901947794,-0.8434009900214071,0.0,1.0,0.0,0.0,1.0
mlpt,3.0,0.3,rise,60,18,18,0,3,15,0,3,15,0,-0.8007204281736287,0.5019382881956833,-0.7509542873819599,0.16666666666666666,0.8333333333333334,0.0,0.16666666666666666,0.8333333333333334
mlpt,3.0,0.3,fall,40,18,18,0,18,0,0,18,0,0,0.4644843562982323,0.9667134290711284,0.7759656199857266,1.0,0.0,0.0,1.0,0.0
mlpt,3.0,0.3,fall,50,18,18,0,18,0,0,18,0,0,0.4653219230050762,0.9425964428547196,0.7620916120858627,1.0,0.0,0.0,1.0,0.0
mlpt,3.0,0.3,fall,60,18,18,0,18,0,0,18,0,0,0.4692857453561725,0.9218614699904027,0.7538874354902616,1.0,0.0,0.0,1.0,0.0
mlpt,3.0,1.0,rise,40,18,18,0,0,18,0,0,18,0,-0.8577509697137855,-0.7970587199766148,-0.8396426977558561,0.0,1.0,0.0,0.0,1.0
mlpt,3.0,1.0,rise,50,18,18,0,0,18,0,0,18,0,-0.8203149002614223,-0.7476148041226118,-0.7930989150224098,0.0,1.0,0.0,0.0,1.0
mlpt,3.0,1.0,rise,60,18,18,0,6,12,0,6,12,0,-0.6272510947778649,0.6324678682374119,-0.5730693915271978,0.3333333333333333,0.6666666666666666,0.0,0.3333333333333333,0.6666666666666666
mlpt,3.0,1.0,fall,40,18,18,0,18,0,0,18,0,0,1.1752998945395978,1.6443056330494752,1.4535550014562832,1.0,0.0,0.0,1.0,0.0
mlpt,3.0,1.0,fall,50,18,18,0,18,0,0,18,0,0,1.142572005187863,1.4751287321326665,1.290253364109911,1.0,0.0,0.0,1.0,0.0
mlpt,3.0,1.0,fall,60,18,18,0,18,0,0,18,0,0,1.0774709556676627,1.3439955149621232,1.1651241247860913,1.0,0.0,0.0,1.0,0.0
mlpt,3.0,3.0,rise,40,18,18,0,0,18,0,0,18,0,-0.8341082938524162,-0.7592588847966668,-0.811810475005201,0.0,1.0,0.0,0.0,1.0
mlpt,3.0,3.0,rise,50,18,18,0,0,18,0,0,18,0,-0.7640045560530699,-0.6844196439655779,-0.7436086890669948,0.0,1.0,0.0,0.0,1.0
mlpt,3.0,3.0,rise,60,18,18,0,18,0,0,18,0,0,0.6435207355114021,0.7145576077828237,0.6747927275637052,1.0,0.0,0.0,1.0,0.0
mlpt,3.0,3.0,fall,40,18,18,0,18,0,0,18,0,0,3.149611271772062,3.562051984009366,3.364936714732919,1.0,0.0,0.0,1.0,0.0
mlpt,3.0,3.0,fall,50,18,18,0,18,0,0,18,0,0,2.665970512698149,2.9737596624683107,2.847803784088293,1.0,0.0,0.0,1.0,0.0
mlpt,3.0,3.0,fall,60,18,18,0,18,0,0,18,0,0,2.179483590477339,2.6326459520873904,2.347398268121878,1.0,0.0,0.0,1.0,0.0
svb,0.01,0.01,rise,40,18,18,0,0,0,18,18,0,0,0.0040799852507855,0.008095705796843,0.00448884791628805,0.0,0.0,1.0,1.0,0.0
svb,0.01,0.01,rise,50,18,18,0,0,0,18,18,0,0,0.0040804760030009,0.0081211641071911,0.0044933940315887,0.0,0.0,1.0,1.0,0.0
svb,0.01,0.01,rise,60,18,18,0,0,0,18,18,0,0,0.0040807384572978,0.0081909337771098,0.00449205974791305,0.0,0.0,1.0,1.0,0.0
svb,0.01,0.01,fall,40,18,18,0,0,0,18,18,0,0,0.0041149283707602,0.0084776346897409,0.00456454629381,0.0,0.0,1.0,1.0,0.0
svb,0.01,0.01,fall,50,18,18,0,0,0,18,18,0,0,0.0041149230783439,0.0084932019338247,0.00456144359162215,0.0,0.0,1.0,1.0,0.0
svb,0.01,0.01,fall,60,18,18,0,0,0,18,18,0,0,0.0041149335014272,0.008519167511238,0.0045567963509246506,0.0,0.0,1.0,1.0,0.0
svb,0.01,0.03,rise,40,18,18,0,6,0,12,18,0,0,0.0042970001508414,0.0243859801145466,0.0079880001316699,0.3333333333333333,0.0,0.6666666666666666,1.0,0.0
svb,0.01,0.03,rise,50,18,18,0,6,0,12,18,0,0,0.0042982679296457,0.0244944792763454,0.00811740069738755,0.3333333333333333,0.0,0.6666666666666666,1.0,0.0
svb,0.01,0.03,rise,60,18,18,0,8,0,10,18,0,0,0.0042986119339868,0.0246071843302945,0.00816389062207065,0.4444444444444444,0.0,0.5555555555555556,1.0,0.0
svb,0.01,0.03,fall,40,18,18,0,9,0,9,18,0,0,0.0044658584642469,0.0289494233532914,0.0093438707049451,0.5,0.0,0.5,1.0,0.0
svb,0.01,0.03,fall,50,18,18,0,9,0,9,18,0,0,0.0044659035519272,0.0291973472025586,0.009175520048256499,0.5,0.0,0.5,1.0,0.0
svb,0.01,0.03,fall,60,18,18,0,9,0,9,18,0,0,0.0044659098417003,0.0295804490723933,0.008941240910198451,0.5,0.0,0.5,1.0,0.0
svb,0.01,0.1,rise,40,18,18,0,13,0,5,18,0,0,0.005874757199578,0.0737411803342381,0.02475964345805895,0.7222222222222222,0.0,0.2777777777777778,1.0,0.0
svb,0.01,0.1,rise,50,18,18,0,13,0,5,18,0,0,0.0058946580752512,0.0749274249443294,0.0273102793828139,0.7222222222222222,0.0,0.2777777777777778,1.0,0.0
svb,0.01,0.1,rise,60,18,18,0,14,0,4,18,0,0,0.0058969586115521,0.0755992007809914,0.03007213366534815,0.7777777777777778,0.0,0.2222222222222222,1.0,0.0
svb,0.01,0.1,fall,40,18,18,0,18,0,0,18,0,0,0.0113875699794578,0.1156353300427316,0.050727225971139156,1.0,0.0,0.0,1.0,0.0
svb,0.01,0.1,fall,50,18,18,0,18,0,0,18,0,0,0.0113876038178637,0.1159721199153186,0.04491268368554785,1.0,0.0,0.0,1.0,0.0
svb,0.01,0.1,fall,60,18,18,0,18,0,0,18,0,0,0.0113876090481301,0.1171672107319755,0.040072762954717595,1.0,0.0,0.0,1.0,0.0
svb,0.01,0.3,rise,40,18,18,0,18,0,0,18,0,0,0.0101281378571552,0.1403505246925213,0.0557716419695942,1.0,0.0,0.0,1.0,0.0
svb,0.01,0.3,rise,50,18,18,0,18,0,0,18,0,0,0.0103023141735751,0.1440848180951041,0.06402650648416836,1.0,0.0,0.0,1.0,0.0
svb,0.01,0.3,rise,60,18,18,0,18,0,0,18,0,0,0.0103835285989014,0.1462265202495885,0.0738455110911164,1.0,0.0,0.0,1.0,0.0
svb,0.01,0.3,fall,40,18,18,0,18,0,0,18,0,0,0.1028294789799595,0.3353648097949653,0.22521134436075396,1.0,0.0,0.0,1.0,0.0
svb,0.01,0.3,fall,50,18,18,0,18,0,0,18,0,0,0.1027201290184085,0.3157592117272469,0.1867854650218312,1.0,0.0,0.0,1.0,0.0
svb,0.01,0.3,fall,60,18,18,0,18,0,0,18,0,0,0.1021934795289412,0.3040373763198862,0.15661751385797645,1.0,0.0,0.0,1.0,0.0
svb,0.01,1.0,rise,40,18,18,0,18,0,0,18,0,0,0.0152353420379185,0.1941392483724914,0.0913609240779681,1.0,0.0,0.0,1.0,0.0
svb,0.01,1.0,rise,50,18,18,0,18,0,0,18,0,0,0.0157134905115777,0.2000270732292385,0.10898378847738519,1.0,0.0,0.0,1.0,0.0
svb,0.01,1.0,rise,60,18,18,0,18,0,0,18,0,0,0.0160009309286376,0.2075483613572574,0.121040229140929,1.0,0.0,0.0,1.0,0.0
svb,0.01,1.0,fall,40,18,18,0,18,0,0,18,0,0,0.7958214795473104,1.047433679278975,0.8827086241082214,1.0,0.0,0.0,1.0,0.0
svb,0.01,1.0,fall,50,18,18,0,18,0,0,18,0,0,0.680930923972934,0.8723243088995446,0.7495309704409058,1.0,0.0,0.0,1.0,0.0
svb,0.01,1.0,fall,60,18,18,0,18,0,0,18,0,0,0.5293693398592287,0.7597769930924714,0.6361804891193499,1.0,0.0,0.0,1.0,0.0
svb,0.01,3.0,rise,40,18,18,0,18,0,0,18,0,0,0.0178087445196556,0.2178990957388592,0.11381158368872389,1.0,0.0,0.0,1.0,0.0
svb,0.01,3.0,rise,50,18,18,0,18,0,0,18,0,0,0.0184737523122691,0.224810747889791,0.13470595787296097,1.0,0.0,0.0,1.0,0.0
svb,0.01,3.0,rise,60,18,18,0,18,0,0,18,0,0,0.0189014133875817,0.2512806053106755,0.1464216192677438,1.0,0.0,0.0,1.0,0.0
svb,0.01,3.0,fall,40,18,18,0,18,0,0,18,0,0,2.662805246924869,3.0072943783269523,2.800538099730276,1.0,0.0,0.0,1.0,0.0
svb,0.01,3.0,fall,50,18,18,0,18,0,0,18,0,0,2.06017781652542,2.6469986040599878,2.2196356535672734,1.0,0.0,0.0,1.0,0.0
svb,0.01,3.0,fall,60,18,18,0,18,0,0,18,0,0,1.567236088545422,2.290981396598511,1.7243832924404079,1.0,0.0,0.0,1.0,0.0
svb,0.03,0.01,rise,40,18,18,0,18,0,0,18,0,0,0.0114813968513207,0.0135838290025423,0.01201523423020605,1.0,0.0,0.0,1.0,0.0
svb,0.03,0.01,rise,50,18,18,0,18,0,0,18,0,0,0.0114663024131874,0.0136475904427352,0.01203395682416685,1.0,0.0,0.0,1.0,0.0
svb,0.03,0.01,rise,60,18,18,0,18,0,0,18,0,0,0.0114445622332122,0.0137317439257007,0.01203242444075265,1.0,0.0,0.0,1.0,0.0
svb,0.03,0.01,fall,40,18,18,0,18,0,0,18,0,0,0.0116906011962354,0.0139602842502762,0.01222494438049475,1.0,0.0,0.0,1.0,0.0
svb,0.03,0.01,fall,50,18,18,0,18,0,0,18,0,0,0.0116823440322528,0.0139686120141895,0.0122249348801354,1.0,0.0,0.0,1.0,0.0
svb,0.03,0.01,fall,60,18,18,0,18,0,0,18,0,0,0.0116725468143714,0.0139864234579332,0.012224766568682498,1.0,0.0,0.0,1.0,0.0
svb,0.03,0.03,rise,40,18,18,0,18,0,0,18,0,0,0.0123095155231469,0.0306137495211223,0.01530186583218925,1.0,0.0,0.0,1.0,0.0
svb,0.03,0.03,rise,50,18,18,0,18,0,0,18,0,0,0.0123149806452933,0.030708520565103,0.015387153445613101,1.0,0.0,0.0,1.0,0.0
svb,0.03,0.03,rise,60,18,18,0,18,0,0,18,0,0,0.0123181121882125,0.0309201724392861,0.0154190449899632,1.0,0.0,0.0,1.0,0.0
svb,0.03,0.03,fall,40,18,18,0,18,0,0,18,0,0,0.0126878193932418,0.0353166247449725,0.01660949649478665,1.0,0.0,0.0,1.0,0.0
svb,0.03,0.03,fall,50,18,18,0,18,0,0,18,0,0,0.012687846672069,0.0355613373107506,0.016484659424238948,1.0,0.0,0.0,1.0,0.0
svb,0.03,0.03,fall,60,18,18,0,18,0,0,18,0,0,0.0126878385716646,0.0359424080804806,0.016263157421623847,1.0,0.0,0.0,1.0,0.0
svb,0.03,0.1,rise,40,18,18,0,18,0,0,18,0,0,0.0138722270994976,0.0804039657712618,0.03216421468985785,1.0,0.0,0.0,1.0,0.0
svb,0.03,0.1,rise,50,18,18,0,18,0,0,18,0,0,0.0138960915174861,0.0815814477796963,0.03470434863929195,1.0,0.0,0.0,1.0,0.0
svb,0.03,0.1,rise,60,18,18,0,18,0,0,18,0,0,0.0139014136796121,0.0822397296581012,0.037379862973692,1.0,0.0,0.0,1.0,0.0
svb,0.03,0.1,fall,40,18,18,0,18,0,0,18,0,0,0.0194277241470826,0.1224735781862587,0.05777774557622235,1.0,0.0,0.0,1.0,0.0
svb,0.03,0.1,fall,50,18,18,0,18,0,0,18,0,0,0.0194277855421289,0.1228030778735239,0.0520673832829038,1.0,0.0,0.0,1.0,0.0
svb,0.03,0.1,fall,60,18,18,0,18,0,0,18,0,0,0.0194277785886209,0.1239927997116551,0.04731082396003045,1.0,0.0,0.0,1.0,0.0
svb,0.03,0.3,rise,40,18,18,0,18,0,0,18,0,0,0.018138753359739,0.1471665786353807,0.06338939806528125,1.0,0.0,0.0,1.0,0.0
svb,0.03,0.3,rise,50,18,18,0,18,0,0,18,0,0,0.0183169596578448,0.1508976586745495,0.07161642923071385,1.0,0.0,0.0,1.0,0.0
svb,0.03,0.3,rise,60,18,18,0,18,0,0,18,0,0,0.0184017370242007,0.1530333934306584,0.081393424016018,1.0,0.0,0.0,1.0,0.0
svb,0.03,0.3,fall,40,18,18,0,18,0,0,18,0,0,0.1102207531409784,0.3424087098718721,0.23226954511269143,1.0,0.0,0.0,1.0,0.0
svb,0.03,0.3,fall,50,18,18,0,18,0,0,18,0,0,0.1101121376541627,0.3227752125272588,0.19392741690172693,1.0,0.0,0.0,1.0,0.0
svb,0.03,0.3,fall,60,18,18,0,18,0,0,18,0,0,0.1095891235145258,0.3110292130168508,0.1637452564981972,1.0,0.0,0.0,1.0,0.0
svb,0.03,1.0,rise,40,18,18,0,18,0,0,18,0,0,0.0232894068675508,0.201045346115158,0.09919083903434156,1.0,0.0,0.0,1.0,0.0
svb,0.03,1.0,rise,50,18,18,0,18,0,0,18,0,0,0.0237742374138025,0.2069373969751789,0.1167843448408982,1.0,0.0,0.0,1.0,0.0
svb,0.03,1.0,rise,60,18,18,0,18,0,0,18,0,0,0.0240675672770568,0.214537815497601,0.1288208000326724,1.0,0.0,0.0,1.0,0.0
svb,0.03,1.0,fall,40,18,18,0,18,0,0,18,0,0,0.8022758593618722,1.0545486462898697,0.889811762645582,1.0,0.0,0.0,1.0,0.0
svb,0.03,1.0,fall,50,18,18,0,18,0,0,18,0,0,0.6880353671894612,0.8794400221856727,0.7560689317163513,1.0,0.0,0.0,1.0,0.0
svb,0.03,1.0,fall,60,18,18,0,18,0,0,18,0,0,0.5371579285396351,0.7661678232975282,0.6433583147450503,1.0,0.0,0.0,1.0,0.0
svb,0.03,3.0,rise,40,18,18,0,18,0,0,18,0,0,0.0258936766912146,0.2248543842350192,0.12175622992287485,1.0,0.0,0.0,1.0,0.0
svb,0.03,3.0,rise,50,18,18,0,18,0,0,18,0,0,0.0265677420205898,0.2317754663438667,0.14261771958450675,1.0,0.0,0.0,1.0,0.0
svb,0.03,3.0,rise,60,18,18,0,18,0,0,18,0,0,0.0270036858237369,0.2582896786192097,0.15433587988839603,1.0,0.0,0.0,1.0,0.0
svb,0.03,3.0,fall,40,18,18,0,18,0,0,18,0,0,2.6702659306691805,3.0131869847416257,2.808463484870807,1.0,0.0,0.0,1.0,0.0
svb,0.03,3.0,fall,50,18,18,0,18,0,0,18,0,0,2.067639422600532,2.652940216597877,2.2268164588191333,1.0,0.0,0.0,1.0,0.0
svb,0.03,3.0,fall,60,18,18,0,18,0,0,18,0,0,1.5747024054990892,2.296985941800544,1.7320369838639107,1.0,0.0,0.0,1.0,0.0
svb,0.1,0.01,rise,40,18,18,0,18,0,0,18,0,0,0.0266437386022524,0.0402707102375133,0.0357651497577529,1.0,0.0,0.0,1.0,0.0
svb,0.1,0.01,rise,50,18,18,0,18,0,0,18,0,0,0.026447886676143,0.0403288354871206,0.035896631757068406,1.0,0.0,0.0,1.0,0.0
svb,0.1,0.01,rise,60,18,18,0,18,0,0,18,0,0,0.0262035931274066,0.040392308260946,0.0360053233952426,1.0,0.0,0.0,1.0,0.0
svb,0.1,0.01,fall,40,18,18,0,18,0,0,18,0,0,0.027299776101808,0.0442597493717156,0.03732729047150145,1.0,0.0,0.0,1.0,0.0
svb,0.1,0.01,fall,50,18,18,0,18,0,0,18,0,0,0.0271946460224732,0.0442597504872561,0.03729914354328385,1.0,0.0,0.0,1.0,0.0
svb,0.1,0.01,fall,60,18,18,0,18,0,0,18,0,0,0.0270716847414617,0.0442597474283115,0.03704221968682745,1.0,0.0,0.0,1.0,0.0
svb,0.1,0.03,rise,40,18,18,0,18,0,0,18,0,0,0.035951131871071,0.0527594410052998,0.0398597864413354,1.0,0.0,0.0,1.0,0.0
svb,0.1,0.03,rise,50,18,18,0,18,0,0,18,0,0,0.0358141180485304,0.0532216308003391,0.03990149991043625,1.0,0.0,0.0,1.0,0.0
svb,0.1,0.03,rise,60,18,18,0,18,0,0,18,0,0,0.0356194686603511,0.0544323712194738,0.03994318680399525,1.0,0.0,0.0,1.0,0.0
svb,0.1,0.03,fall,40,18,18,0,18,0,0,18,0,0,0.037796926683809,0.0589794578092544,0.0424739118254637,1.0,0.0,0.0,1.0,0.0
svb,0.1,0.03,fall,50,18,18,0,18,0,0,18,0,0,0.0377352027397014,0.0591748811158743,0.0424739607339952,1.0,0.0,0.0,1.0,0.0
svb,0.1,0.03,fall,60,18,18,0,18,0,0,18,0,0,0.0376916667806719,0.0595309141683366,0.042473926104196605,1.0,0.0,0.0,1.0,0.0
svb,0.1,0.1,rise,40,18,18,0,18,0,0,18,0,0,0.0413483903443818,0.1016230273878363,0.0565719122597034,1.0,0.0,0.0,1.0,0.0
svb,0.1,0.1,rise,50,18,18,0,18,0,0,18,0,0,0.0414418874489893,0.1026633420624849,0.0590666362165022,1.0,0.0,0.0,1.0,0.0
svb,0.1,0.1,rise,60,18,18,0,18,0,0,18,0,0,0.0415034152611041,0.1031155935017718,0.0606459472894703,1.0,0.0,0.0,1.0,0.0
svb,0.1,0.1,fall,40,18,18,0,18,0,0,18,0,0,0.0481968192724377,0.1461579331898355,0.08089242672138969,1.0,0.0,0.0,1.0,0.0
svb,0.1,0.1,fall,50,18,18,0,18,0,0,18,0,0,0.0481968456721246,0.1463943163449487,0.07584638612777084,1.0,0.0,0.0,1.0,0.0
svb,0.1,0.1,fall,60,18,18,0,18,0,0,18,0,0,0.0481968418146987,0.1475174867656498,0.071555910407042,1.0,0.0,0.0,1.0,0.0
svb,0.1,0.3,rise,40,18,18,0,18,0,0,18,0,0,0.045801597074093,0.1684556574541503,0.0889492782042189,1.0,0.0,0.0,1.0,0.0
svb,0.1,0.3,rise,50,18,18,0,18,0,0,18,0,0,0.0460597326478205,0.1721371400865767,0.09720222745729555,1.0,0.0,0.0,1.0,0.0
svb,0.1,0.3,rise,60,18,18,0,18,0,0,18,0,0,0.0462124884603233,0.1741845976607722,0.10658954221409256,1.0,0.0,0.0,1.0,0.0
svb,0.1,0.3,fall,40,18,18,0,18,0,0,18,0,0,0.1363409975201057,0.3664630851341073,0.2562738392082464,1.0,0.0,0.0,1.0,0.0
svb,0.1,0.3,fall,50,18,18,0,18,0,0,18,0,0,0.1362359448082046,0.3465975220957631,0.2184178570006975,1.0,0.0,0.0,1.0,0.0
svb,0.1,0.3,fall,60,18,18,0,18,0,0,18,0,0,0.1357301826260633,0.3345734736506156,0.18833597018242926,1.0,0.0,0.0,1.0,0.0
svb,0.1,1.0,rise,40,18,18,0,18,0,0,18,0,0,0.0512446080348746,0.2227603535038755,0.1257713840709064,1.0,0.0,0.0,1.0,0.0
svb,0.1,1.0,rise,50,18,18,0,18,0,0,18,0,0,0.0518332304961296,0.2287012532149105,0.14324955612029633,1.0,0.0,0.0,1.0,0.0
svb,0.1,1.0,rise,60,18,18,0,18,0,0,18,0,0,0.0522187738616918,0.2372373639562926,0.15501270908777637,1.0,0.0,0.0,1.0,0.0
svb,0.1,1.0,fall,40,18,18,0,18,0,0,18,0,0,0.8248648701184762,1.0786679051161785,0.9150030654536656,1.0,0.0,0.0,1.0,0.0
svb,0.1,1.0,fall,50,18,18,0,18,0,0,18,0,0,0.7135800356805397,0.903569580094674,0.7806518847249266,1.0,0.0,0.0,1.0,0.0
svb,0.1,1.0,fall,60,18,18,0,18,0,0,18,0,0,0.5655559657958689,0.7877919595558267,0.6683434911065858,1.0,0.0,0.0,1.0,0.0
svb,0.1,3.0,rise,40,18,18,0,18,0,0,18,0,0,0.0540247701177258,0.246956533004162,0.1489020601758349,1.0,0.0,0.0,1.0,0.0
svb,0.1,3.0,rise,50,18,18,0,18,0,0,18,0,0,0.0548201720218604,0.2539900325157601,0.16946024188603065,1.0,0.0,0.0,1.0,0.0
svb,0.1,3.0,rise,60,18,18,0,18,0,0,18,0,0,0.05536585553225,0.2810032104796602,0.18125773043758492,1.0,0.0,0.0,1.0,0.0
svb,0.1,3.0,fall,40,18,18,0,18,0,0,18,0,0,2.6978334010217644,3.03263469902122,2.837825895269779,1.0,0.0,0.0,1.0,0.0
svb,0.1,3.0,fall,50,18,18,0,18,0,0,18,0,0,2.09521128935693,2.672622113169122,2.2523229047920577,1.0,0.0,0.0,1.0,0.0
svb,0.1,3.0,fall,60,18,18,0,18,0,0,18,0,0,1.6022951466718671,2.3169684119550165,1.759276097548291,1.0,0.0,0.0,1.0,0.0
svb,0.3,0.01,rise,40,18,18,0,18,0,0,18,0,0,0.0646047662321571,0.1194946117727134,0.09679408174186616,1.0,0.0,0.0,1.0,0.0
svb,0.3,0.01,rise,50,18,18,0,18,0,0,18,0,0,0.0634253396128599,0.1200453262782312,0.09749230840258175,1.0,0.0,0.0,1.0,0.0
svb,0.3,0.01,rise,60,18,18,0,18,0,0,18,0,0,0.0619686030266859,0.1206460064970937,0.09754938494028115,1.0,0.0,0.0,1.0,0.0
svb,0.3,0.01,fall,40,18,18,0,18,0,0,18,0,0,0.0684790176513812,0.1308529939346399,0.11012645561372694,1.0,0.0,0.0,1.0,0.0
svb,0.3,0.01,fall,50,18,18,0,18,0,0,18,0,0,0.0680386910383549,0.1308530218311037,0.1097818822422726,1.0,0.0,0.0,1.0,0.0
svb,0.3,0.01,fall,60,18,18,0,18,0,0,18,0,0,0.0675379520854307,0.1308530235619884,0.1093532631966777,1.0,0.0,0.0,1.0,0.0
svb,0.3,0.03,rise,40,18,18,0,18,0,0,18,0,0,0.0774642428332299,0.1246822438203798,0.1084949967241488,1.0,0.0,0.0,1.0,0.0
svb,0.3,0.03,rise,50,18,18,0,18,0,0,18,0,0,0.0763544567952223,0.1285133857159883,0.10843243754308265,1.0,0.0,0.0,1.0,0.0
svb,0.3,0.03,rise,60,18,18,0,18,0,0,18,0,0,0.0749437678461174,0.1314954323712527,0.10852988555034179,1.0,0.0,0.0,1.0,0.0
svb,0.3,0.03,fall,40,18,18,0,18,0,0,18,0,0,0.0823388426244288,0.1415209307315297,0.1187062833611919,1.0,0.0,0.0,1.0,0.0
svb,0.3,0.03,fall,50,18,18,0,18,0,0,18,0,0,0.0818320898411186,0.1394739188133791,0.11839162017741685,1.0,0.0,0.0,1.0,0.0
svb,0.3,0.03,fall,60,18,18,0,18,0,0,18,0,0,0.0812899765363814,0.137253948039594,0.1180588380357506,1.0,0.0,0.0,1.0,0.0
svb,0.3,0.1,rise,40,18,18,0,18,0,0,18,0,0,0.1090168584066531,0.1603926461189529,0.12110661865447381,1.0,0.0,0.0,1.0,0.0
svb,0.3,0.1,rise,50,18,18,0,18,0,0,18,0,0,0.109196655981429,0.1651247785729921,0.1220161162140595,1.0,0.0,0.0,1.0,0.0
svb,0.3,0.1,rise,60,18,18,0,18,0,0,18,0,0,0.1090976460422082,0.1715942113015366,0.12301324494735699,1.0,0.0,0.0,1.0,0.0
svb,0.3,0.1,fall,40,18,18,0,18,0,0,18,0,0,0.1251850386100006,0.2207022948324858,0.1416384183037243,1.0,0.0,0.0,1.0,0.0
svb,0.3,0.1,fall,50,18,18,0,18,0,0,18,0,0,0.1251100842218457,0.219994048258171,0.1402794907955461,1.0,0.0,0.0,1.0,0.0
svb,0.3,0.1,fall,60,18,18,0,18,0,0,18,0,0,0.1245600935352926,0.220421347497413,0.13900790769835197,1.0,0.0,0.0,1.0,0.0
svb,0.3,0.3,rise,40,18,18,0,18,0,0,18,0,0,0.1230103251113334,0.2240789693701251,0.1596803093271931,1.0,0.0,0.0,1.0,0.0
svb,0.3,0.3,rise,50,18,18,0,18,0,0,18,0,0,0.1245041741981598,0.2279766605067207,0.16757737378101445,1.0,0.0,0.0,1.0,0.0
svb,0.3,0.3,rise,60,18,18,0,18,0,0,18,0,0,0.1268391935535343,0.2337477751489353,0.17243707880688036,1.0,0.0,0.0,1.0,0.0
svb,0.3,0.3,fall,40,18,18,0,18,0,0,18,0,0,0.2087726279812263,0.4415256874747292,0.32290804492114267,1.0,0.0,0.0,1.0,0.0
svb,0.3,0.3,fall,50,18,18,0,18,0,0,18,0,0,0.2086852779157348,0.4206502718325609,0.28745964557079,1.0,0.0,0.0,1.0,0.0
svb,0.3,0.3,fall,60,18,18,0,18,0,0,18,0,0,0.2082648794745818,0.4072945845260795,0.260432507342083,1.0,0.0,0.0,1.0,0.0
svb,0.3,1.0,rise,40,18,18,0,18,0,0,18,0,0,0.1299567045433599,0.2810997369553356,0.19980375079742924,1.0,0.0,0.0,1.0,0.0
svb,0.3,1.0,rise,50,18,18,0,18,0,0,18,0,0,0.1320058573665558,0.288015039819933,0.21595525721568645,1.0,0.0,0.0,1.0,0.0
svb,0.3,1.0,rise,60,18,18,0,18,0,0,18,0,0,0.1348603539092784,0.3014888408639786,0.226706428680703,1.0,0.0,0.0,1.0,0.0
svb,0.3,1.0,fall,40,18,18,0,18,0,0,18,0,0,0.8855751031795225,1.153491144338464,0.9873880013342903,1.0,0.0,0.0,1.0,0.0
svb,0.3,1.0,fall,50,18,18,0,18,0,0,18,0,0,0.7851108298101048,0.978483008999132,0.8500235455679893,1.0,0.0,0.0,1.0,0.0
svb,0.3,1.0,fall,60,18,18,0,18,0,0,18,0,0,0.6459824895592536,0.8441587174667986,0.7340099944406927,1.0,0.0,0.0,1.0,0.0
svb,0.3,3.0,rise,40,18,18,0,18,0,0,18,0,0,0.1335860113403379,0.3071815999917026,0.22437018747991574,1.0,0.0,0.0,1.0,0.0
svb,0.3,3.0,rise,50,18,18,0,18,0,0,18,0,0,0.1359896184630304,0.3159642694594414,0.2432309418791048,1.0,0.0,0.0,1.0,0.0
svb,0.3,3.0,rise,60,18,18,0,18,0,0,18,0,0,0.1391866497947418,0.3452402777466651,0.2563915172312745,1.0,0.0,0.0,1.0,0.0
svb,0.3,3.0,fall,40,18,18,0,18,0,0,18,0,0,2.778350037710519,3.076657171987368,2.9291743794216725,1.0,0.0,0.0,1.0,0.0
svb,0.3,3.0,fall,50,18,18,0,18,0,0,18,0,0,2.1757440152219165,2.717573666425272,2.3168935055775917,1.0,0.0,0.0,1.0,0.0
svb,0.3,3.0,fall,60,18,18,0,18,0,0,18,0,0,1.682906008389105,2.363110598232308,1.8434050240240787,1.0,0.0,0.0,1.0,0.0
svb,1.0,0.01,rise,40,18,18,0,18,0,0,18,0,0,0.3231831178946115,0.4036579761295933,0.3676407146134555,1.0,0.0,0.0,1.0,0.0
svb,1.0,0.01,rise,50,18,18,0,18,0,0,18,0,0,0.3361832933556243,0.4110493331972213,0.37431206563140534,1.0,0.0,0.0,1.0,0.0
svb,1.0,0.01,rise,60,18,18,0,18,0,0,18,0,0,0.3456293241603214,0.4154871745304784,0.3838240519023963,1.0,0.0,0.0,1.0,0.0
svb,1.0,0.01,fall,40,18,18,0,18,0,0,18,0,0,0.2209183722863779,0.4259515415753676,0.3655722456226699,1.0,0.0,0.0,1.0,0.0
svb,1.0,0.01,fall,50,18,18,0,18,0,0,18,0,0,0.2350309718984293,0.4261468954933558,0.36828546701963827,1.0,0.0,0.0,1.0,0.0
svb,1.0,0.01,fall,60,18,18,0,18,0,0,18,0,0,0.2453660534777555,0.4263557182388164,0.37007810805672037,1.0,0.0,0.0,1.0,0.0
svb,1.0,0.03,rise,40,18,18,0,18,0,0,18,0,0,0.3368219360929213,0.4066494466527652,0.37717795910732616,1.0,0.0,0.0,1.0,0.0
svb,1.0,0.03,rise,50,18,18,0,18,0,0,18,0,0,0.3489976225047133,0.4155633536560209,0.38777782865450017,1.0,0.0,0.0,1.0,0.0
svb,1.0,0.03,rise,60,18,18,0,18,0,0,18,0,0,0.3577717886464522,0.4225533695891118,0.39535035768352084,1.0,0.0,0.0,1.0,0.0
svb,1.0,0.03,fall,40,18,18,0,18,0,0,18,0,0,0.235568121103062,0.4450251182954947,0.36824494600107927,1.0,0.0,0.0,1.0,0.0
svb,1.0,0.03,fall,50,18,18,0,18,0,0,18,0,0,0.2497615131978996,0.4445885891163792,0.3704495783212163,1.0,0.0,0.0,1.0,0.0
svb,1.0,0.03,fall,60,18,18,0,18,0,0,18,0,0,0.2585397398660969,0.4442512482575755,0.3714726325309252,1.0,0.0,0.0,1.0,0.0
svb,1.0,0.1,rise,40,18,18,0,18,0,0,18,0,0,0.3722108838832815,0.4339372904823217,0.4079778950953291,1.0,0.0,0.0,1.0,0.0
svb,1.0,0.1,rise,50,18,18,0,18,0,0,18,0,0,0.3836701710413654,0.4476852178860618,0.41404356516150176,1.0,0.0,0.0,1.0,0.0
svb,1.0,0.1,rise,60,18,18,0,18,0,0,18,0,0,0.3917846602250596,0.4572589147467256,0.4180769883256405,1.0,0.0,0.0,1.0,0.0
svb,1.0,0.1,fall,40,18,18,0,18,0,0,18,0,0,0.2572341900149633,0.5251045667470344,0.3941351525649839,1.0,0.0,0.0,1.0,0.0
svb,1.0,0.1,fall,50,18,18,0,18,0,0,18,0,0,0.259085965281967,0.5231807503117538,0.39407397150857354,1.0,0.0,0.0,1.0,0.0
svb,1.0,0.1,fall,60,18,18,0,18,0,0,18,0,0,0.2671875552943763,0.5219697481059851,0.39377181491111357,1.0,0.0,0.0,1.0,0.0
svb,1.0,0.3,rise,40,18,18,0,18,0,0,18,0,0,0.418405028225822,0.4816649485481027,0.43497967484211364,1.0,0.0,0.0,1.0,0.0
svb,1.0,0.3,rise,50,18,18,0,18,0,0,18,0,0,0.4268980453965338,0.4985679252685687,0.4444631936325098,1.0,0.0,0.0,1.0,0.0
svb,1.0,0.3,rise,60,18,18,0,18,0,0,18,0,0,0.4309276319177729,0.510806491161764,0.45225958212210016,1.0,0.0,0.0,1.0,0.0
svb,1.0,0.3,fall,40,18,18,0,18,0,0,18,0,0,0.3924131317472907,0.7414388147738391,0.5648908290001994,1.0,0.0,0.0,1.0,0.0
svb,1.0,0.3,fall,50,18,18,0,18,0,0,18,0,0,0.3925326530760937,0.7179768350834805,0.5428567026779887,1.0,0.0,0.0,1.0,0.0
svb,1.0,0.3,fall,60,18,18,0,18,0,0,18,0,0,0.3931054284134179,0.700118478145358,0.5280251973509297,1.0,0.0,0.0,1.0,0.0
svb,1.0,1.0,rise,40,18,18,0,18,0,0,18,0,0,0.4428038702951624,0.5370973740550286,0.4788803445543445,1.0,0.0,0.0,1.0,0.0
svb,1.0,1.0,rise,50,18,18,0,18,0,0,18,0,0,0.4515363963300409,0.5558979245182529,0.49420819676331756,1.0,0.0,0.0,1.0,0.0
svb,1.0,1.0,rise,60,18,18,0,18,0,0,18,0,0,0.4573898986621774,0.5700680375094285,0.5073658949860076,1.0,0.0,0.0,1.0,0.0
svb,1.0,1.0,fall,40,18,18,0,18,0,0,18,0,0,1.042925689369513,1.444773665093382,1.256007604422374,1.0,0.0,0.0,1.0,0.0
svb,1.0,1.0,fall,50,18,18,0,18,0,0,18,0,0,1.0051420553765635,1.2714384327470625,1.0842372048506137,1.0,0.0,0.0,1.0,0.0
svb,1.0,1.0,fall,60,18,18,0,18,0,0,18,0,0,0.8986468591589485,1.1375505697885562,0.9692925742817184,1.0,0.0,0.0,1.0,0.0
svb,1.0,3.0,rise,40,18,18,0,18,0,0,18,0,0,0.45086273622347,0.5693660618728638,0.5086497166027157,1.0,0.0,0.0,1.0,0.0
svb,1.0,3.0,rise,50,18,18,0,18,0,0,18,0,0,0.4608600007333039,0.5898481600473258,0.5267011649859901,1.0,0.0,0.0,1.0,0.0
svb,1.0,3.0,rise,60,18,18,0,18,0,0,18,0,0,0.4673680261160813,0.6059680270086976,0.5435738442756816,1.0,0.0,0.0,1.0,0.0
svb,1.0,3.0,fall,40,18,18,0,18,0,0,18,0,0,2.9818888455627848,3.364181314188046,3.1853814582941293,1.0,0.0,0.0,1.0,0.0
svb,1.0,3.0,fall,50,18,18,0,18,0,0,18,0,0,2.45169741391585,2.8295530819224863,2.614677274262392,1.0,0.0,0.0,1.0,0.0
svb,1.0,3.0,fall,60,18,18,0,18,0,0,18,0,0,1.9599983568499684,2.481371648621894,2.1008119237204332,1.0,0.0,0.0,1.0,0.0
svb,3.0,0.01,rise,40,18,18,0,18,0,0,18,0,0,1.2470889401415746,1.3158498320667953,1.2769386437993209,1.0,0.0,0.0,1.0,0.0
svb,3.0,0.01,rise,50,18,18,0,18,0,0,18,0,0,1.2074842681146387,1.2941106454733071,1.2521606787872464,1.0,0.0,0.0,1.0,0.0
svb,3.0,0.01,rise,60,18,18,0,18,0,0,18,0,0,1.1681727935096822,1.2715501612260105,1.227291980767433,1.0,0.0,0.0,1.0,0.0
svb,3.0,0.01,fall,40,18,18,0,18,0,0,18,0,0,0.4865365981524898,1.2792544392771503,1.1071719214397389,1.0,0.0,0.0,1.0,0.0
svb,3.0,0.01,fall,50,18,18,0,18,0,0,18,0,0,0.5312827334998964,1.278942718986937,1.1213604884907542,1.0,0.0,0.0,1.0,0.0
svb,3.0,0.01,fall,60,18,18,0,18,0,0,18,0,0,0.5312827301702963,1.2780212080539677,1.1300365685595843,1.0,0.0,0.0,1.0,0.0
svb,3.0,0.03,rise,40,18,18,0,18,0,0,18,0,0,1.25230520359923,1.321064893771707,1.2819417954883372,1.0,0.0,0.0,1.0,0.0
svb,3.0,0.03,rise,50,18,18,0,18,0,0,18,0,0,1.2136770436359974,1.3002208920413882,1.2581730249599856,1.0,0.0,0.0,1.0,0.0
svb,3.0,0.03,rise,60,18,18,0,18,0,0,18,0,0,1.175997580951778,1.2791992194076751,1.2349628990825798,1.0,0.0,0.0,1.0,0.0
svb,3.0,0.03,fall,40,18,18,0,18,0,0,18,0,0,0.5057269007664549,1.299842919512558,1.128239928542871,1.0,0.0,0.0,1.0,0.0
svb,3.0,0.03,fall,50,18,18,0,18,0,0,18,0,0,0.5132922392813768,1.299336063522449,1.142456970046236,1.0,0.0,0.0,1.0,0.0
svb,3.0,0.03,fall,60,18,18,0,18,0,0,18,0,0,0.5132922455271642,1.2989370641270723,1.1511841608054363,1.0,0.0,0.0,1.0,0.0
svb,3.0,0.1,rise,40,18,18,0,18,0,0,18,0,0,1.266153133708928,1.334717620489202,1.2939609664568832,1.0,0.0,0.0,1.0,0.0
svb,3.0,0.1,rise,50,18,18,0,18,0,0,18,0,0,1.230794161968565,1.3164404685061506,1.2712463286231062,1.0,0.0,0.0,1.0,0.0
svb,3.0,0.1,rise,60,18,18,0,18,0,0,18,0,0,1.1978249208723972,1.2997014661240094,1.253036746104614,1.0,0.0,0.0,1.0,0.0
svb,3.0,0.1,fall,40,18,18,0,18,0,0,18,0,0,0.4934070979590448,1.380507755572606,1.2023271218401386,1.0,0.0,0.0,1.0,0.0
svb,3.0,0.1,fall,50,18,18,0,18,0,0,18,0,0,0.4934126638894902,1.3775543029702515,1.2146929969813283,1.0,0.0,0.0,1.0,0.0
svb,3.0,0.1,fall,60,18,18,0,18,0,0,18,0,0,0.4945109817405071,1.3745006112489508,1.2219557403400505,1.0,0.0,0.0,1.0,0.0
svb,3.0,0.3,rise,40,18,18,0,18,0,0,18,0,0,1.2868524360527434,1.3579463817399966,1.3134785301968355,1.0,0.0,0.0,1.0,0.0
svb,3.0,0.3,rise,50,18,18,0,18,0,0,18,0,0,1.2608973060474,1.3447979322553685,1.2938548595088597,1.0,0.0,0.0,1.0,0.0
svb,3.0,0.3,rise,60,18,18,0,18,0,0,18,0,0,1.2368334156861098,1.336150229850619,1.2790539680755473,1.0,0.0,0.0,1.0,0.0
svb,3.0,0.3,fall,40,18,18,0,18,0,0,18,0,0,0.5728112621221806,1.5892479218535227,1.3826367243478537,1.0,0.0,0.0,1.0,0.0
svb,3.0,0.3,fall,50,18,18,0,18,0,0,18,0,0,0.5837133033029911,1.565257618642764,1.370914082679513,1.0,0.0,0.0,1.0,0.0
svb,3.0,0.3,fall,60,18,18,0,18,0,0,18,0,0,0.6278573028193661,1.5444205043874044,1.3650573455777906,1.0,0.0,0.0,1.0,0.0
svb,3.0,1.0,rise,40,18,18,0,18,0,0,18,0,0,1.3149295487451962,1.3949703912682836,1.345045637773847,1.0,0.0,0.0,1.0,0.0
svb,3.0,1.0,rise,50,18,18,0,18,0,0,18,0,0,1.3022317168171342,1.3919683940271286,1.334114275901248,1.0,0.0,0.0,1.0,0.0
svb,3.0,1.0,rise,60,18,18,0,18,0,0,18,0,0,1.2968650058159077,1.398193950298324,1.3315081505257724,1.0,0.0,0.0,1.0,0.0
svb,3.0,1.0,fall,40,18,18,0,18,0,0,18,0,0,1.296478181356493,2.2735975740622645,2.0651162189240235,1.0,0.0,0.0,1.0,0.0
svb,3.0,1.0,fall,50,18,18,0,18,0,0,18,0,0,1.301179863890641,2.104531199239324,1.903078819141983,1.0,0.0,0.0,1.0,0.0
svb,3.0,1.0,fall,60,18,18,0,18,0,0,18,0,0,1.3068770248881671,1.9734826651945696,1.7797858292662077,1.0,0.0,0.0,1.0,0.0
svb,3.0,3.0,rise,40,18,18,0,18,0,0,18,0,0,1.3361305882924368,1.428136577164199,1.373583157052816,1.0,0.0,0.0,1.0,0.0
svb,3.0,3.0,rise,50,18,18,0,18,0,0,18,0,0,1.328777341985199,1.43604080050053,1.3744431876138687,1.0,0.0,0.0,1.0,0.0
svb,3.0,3.0,rise,60,18,18,0,18,0,0,18,0,0,1.3365198213827512,1.4576795068332713,1.385986133493154,1.0,0.0,0.0,1.0,0.0
svb,3.0,3.0,fall,40,18,18,0,18,0,0,18,0,0,3.4594009647281343,4.197680799662498,3.9718575194555097,1.0,0.0,0.0,1.0,0.0
svb,3.0,3.0,fall,50,18,18,0,18,0,0,18,0,0,3.051112726133092,3.582327313559148,3.3637336643504208,1.0,0.0,0.0,1.0,0.0
svb,3.0,3.0,fall,60,18,18,0,18,0,0,18,0,0,2.6541210795105843,3.0866357495676584,2.8760523448636497,1.0,0.0,0.0,1.0,0.0
