Distance_(microns),eve,en,mlpt,hb,kr,gt,svb,cad,runt,odd
0,233.0,165.57142857142858,391.85714285714283,392.57142857142856,205.21428571428572,514.9285714285714,643.7857142857143,205.42857142857142,370.0,271.0
1,251.52380952380952,206.28571428571428,428.6666666666667,444.8095238095238,214.85714285714286,643.4761904761905,711.7142857142857,263.3809523809524,370.23809523809524,276.95238095238096
2,326.1666666666667,205.41666666666666,419.2083333333333,489.0833333333333,194.95833333333334,623.7916666666666,688.5833333333334,215.375,380.9166666666667,280.1666666666667
3,319.92857142857144,216.75,407.60714285714283,506.0357142857143,201.85714285714286,640.3214285714286,787.2857142857143,233.71428571428572,381.39285714285717,294.89285714285717
4,309.03225806451616,210.7741935483871,410.19354838709677,477.1290322580645,199.32258064516128,598.1612903225806,713.1935483870968,230.58064516129033,358.5806451612903,283.741935483871
5,272.77142857142854,232.85714285714286,373.9428571428571,479.9428571428571,190.4,599.7142857142857,684.4571428571429,234.14285714285714,367.74285714285713,280.0
6,235.0,220.02,352.6,464.24,196.92,558.28,670.58,223.22,350.76,266.52
7,249.89473684210526,199.98245614035088,370.94736842105266,492.7543859649123,189.87719298245614,593.438596491228,713.2280701754386,247.6140350877193,361.94736842105266,277.0
8,264.44262295081967,209.19672131147541,377.40983606557376,509.7049180327869,205.18032786885246,629.8688524590164,701.983606557377,245.50819672131146,361.4754098360656,271.327868852459
9,286.56060606060606,217.4848484848485,384.07575757575756,534.1515151515151,196.5151515151515,641.7424242424242,696.7272727272727,234.28787878787878,344.5151515151515,289.0
10,292.53521126760563,238.1549295774648,374.2676056338028,566.9718309859155,202.3661971830986,716.4225352112676,706.2253521126761,230.54929577464787,360.14084507042253,292.71830985915494
11,334.3066666666667,243.14666666666668,360.88,600.8,205.17333333333335,740.6666666666666,714.4666666666667,216.10666666666665,380.88,296.9866666666667
12,341.39240506329116,250.36708860759492,355.26582278481015,605.493670886076,202.08860759493672,705.506329113924,715.379746835443,234.83544303797467,372.73417721518985,308.7848101265823
13,319.2142857142857,267.3809523809524,361.1309523809524,631.7142857142857,211.32142857142858,686.9642857142857,740.0357142857143,242.26190476190476,385.5238095238095,310.1309523809524
14,325.29213483146066,253.3932584269663,330.1685393258427,619.2022471910112,203.67415730337078,645.7977528089888,752.5955056179776,243.1123595505618,365.5056179775281,304.0
15,299.7173913043478,260.64130434782606,315.6195652173913,579.7173913043479,203.56521739130434,656.25,733.195652173913,249.08695652173913,380.8478260869565,290.25
16,277.16494845360825,250.84536082474227,290.45360824742266,566.0618556701031,203.42268041237114,648.7216494845361,717.2061855670103,258.0515463917526,389.64948453608247,296.22680412371136
17,281.87254901960785,258.5,271.70588235294116,563.4705882352941,203.97058823529412,624.0980392156863,719.656862745098,236.33333333333334,380.3921568627451,299.1372549019608
18,269.8301886792453,266.1132075471698,260.8018867924528,545.811320754717,199.66037735849056,667.7641509433962,736.311320754717,237.62264150943398,379.27358490566036,294.3490566037736
19,253.5818181818182,282.6272727272727,254.61818181818182,551.8727272727273,202.1909090909091,709.3,736.0181818181818,220.73636363636365,377.7818181818182,292.74545454545455
20,253.68421052631578,283.5964912280702,254.7982456140351,548.5263157894736,199.64912280701753,721.2368421052631,725.2280701754386,229.99122807017545,391.3070175438597,293.89473684210526
21,252.23076923076923,291.5128205128205,254.98290598290598,570.8119658119658,198.67521367521368,681.1709401709402,715.1965811965812,231.54700854700855,394.7350427350427,305.0769230769231
22,243.72881355932202,284.97457627118644,248.47457627118644,595.7372881355932,206.0593220338983,656.4915254237288,730.771186440678,225.82203389830508,405.2542372881356,300.6186440677966
23,232.23333333333332,289.8,242.65833333333333,622.875,211.04166666666666,670.4416666666667,747.9,244.425,399.4916666666667,319.275
24,231.827868852459,285.827868852459,238.6639344262295,635.639344262295,206.44262295081967,681.1147540983607,761.6967213114754,272.5081967213115,404.87704918032784,317.155737704918
25,228.98360655737704,291.9918032786885,230.2622950819672,639.5901639344262,203.86065573770492,695.327868852459,740.4180327868852,270.2295081967213,392.8032786885246,323.39344262295083
26,233.368,284.688,232.056,619.08,212.496,749.528,737.288,258.712,399.528,314.776
27,218.16666666666666,305.22222222222223,230.11904761904762,594.8015873015873,215.27777777777777,763.4920634920635,729.0,247.5873015873016,391.2857142857143,316.07142857142856
28,208.2734375,299.3046875,229.5703125,613.7890625,210.5625,772.25,723.640625,233.8515625,393.734375,307.65625
29,218.8139534883721,313.27131782945736,234.75193798449612,603.8372093023256,211.52713178294573,763.4341085271318,722.7906976744187,254.51937984496124,397.50387596899225,313.29457364341084
30,215.17557251908397,319.2977099236641,226.22137404580153,613.9160305343512,214.36641221374046,724.4885496183206,754.1526717557252,240.54198473282443,403.381679389313,316.6793893129771
31,210.5563909774436,317.98496240601503,227.8421052631579,621.4962406015038,209.18796992481202,720.5714285714286,752.781954887218,222.7218045112782,409.09774436090225,310.2706766917293
32,210.28358208955223,316.6044776119403,235.06716417910448,645.276119402985,208.70149253731344,756.455223880597,755.5373134328358,236.98507462686567,407.1044776119403,316.47014925373134
33,210.65925925925927,327.3925925925926,230.6074074074074,676.0518518518519,216.0,823.325925925926,752.5259259259259,248.77777777777777,404.52592592592595,324.54814814814813
34,208.9485294117647,333.8897058823529,228.4485294117647,659.1470588235294,214.47794117647058,828.25,761.125,244.4191176470588,418.24264705882354,331.15441176470586
35,225.54014598540147,335.992700729927,232.4087591240876,672.4963503649635,210.96350364963504,821.2481751824818,750.07299270073,225.93430656934308,410.11678832116786,347.8029197080292
36,221.63970588235293,359.70588235294116,237.89705882352942,658.75,210.35294117647058,795.6985294117648,758.1102941176471,222.77205882352942,428.24264705882354,336.36764705882354
37,222.1231884057971,352.27536231884056,232.768115942029,642.3333333333334,212.231884057971,796.7173913043479,765.1376811594203,222.66666666666666,439.9347826086956,325.4855072463768
38,215.58992805755395,302.158273381295,226.46043165467626,633.136690647482,220.55395683453239,779.884892086331,758.2014388489208,229.98561151079136,435.58273381294964,321.80575539568343
39,224.98581560283688,286.11347517730496,225.8368794326241,642.4539007092199,221.31914893617022,794.7304964539007,766.9645390070922,223.3049645390071,439.51063829787233,314.97872340425533
40,221.14893617021278,288.12056737588654,234.5035460992908,642.6382978723404,207.89361702127658,787.5886524822695,767.7517730496454,220.75886524822695,438.4468085106383,316.63120567375887
41,212.4822695035461,288.5390070921986,231.1631205673759,631.7234042553191,210.53191489361703,737.2907801418439,745.4113475177305,231.97163120567376,447.0567375886525,317.4326241134752
42,211.55633802816902,272.03521126760563,230.29577464788733,618.6830985915493,203.8732394366197,742.7605633802817,749.3239436619718,231.5211267605634,437.63380281690144,323.36619718309856
43,213.48951048951048,259.3356643356643,227.7762237762238,646.9090909090909,203.82517482517483,727.0909090909091,736.3146853146853,229.93006993006992,435.1958041958042,320.9160839160839
44,215.23076923076923,260.83916083916085,228.4825174825175,632.2867132867133,203.04195804195805,711.4475524475524,721.4755244755245,218.37062937062936,435.041958041958,319.6293706293706
45,203.6993006993007,263.72027972027973,229.7062937062937,617.5314685314685,201.08391608391608,752.5104895104895,708.5594405594405,212.83216783216784,436.35664335664336,314.83216783216784
46,209.1875,257.8541666666667,227.875,599.9861111111111,209.35416666666666,732.7777777777778,709.4444444444445,204.09027777777777,443.0486111111111,297.3125
47,199.89583333333334,257.8611111111111,221.22916666666666,597.6944444444445,202.98611111111111,684.3263888888889,714.25,205.36805555555554,436.4861111111111,302.6875
48,198.15972222222223,249.40972222222223,218.01388888888889,609.1597222222222,199.98611111111111,659.2916666666666,701.7152777777778,215.65277777777777,440.52777777777777,304.4861111111111
49,182.1164383561644,251.18493150684932,222.32876712328766,589.7054794520548,206.33561643835617,670.917808219178,694.2602739726027,211.47260273972603,431.2945205479452,299.027397260274
50,180.7054794520548,259.94520547945206,222.17123287671234,565.1164383561644,197.9931506849315,661.8904109589041,663.1986301369863,206.18493150684932,443.13013698630135,305.6232876712329
51,176.12925170068027,265.4421768707483,216.34013605442178,562.1700680272108,196.16326530612244,655.047619047619,658.0,215.2925170068027,446.9591836734694,294.5986394557823
52,175.10204081632654,263.17687074829934,214.72108843537416,580.0884353741496,202.08843537414967,633.6122448979592,680.4965986394558,225.72108843537416,437.94557823129253,296.9795918367347
53,176.99324324324326,255.22972972972974,217.74324324324326,598.3851351351351,203.1283783783784,651.9594594594595,667.0405405405405,222.40540540540542,426.11486486486484,290.10135135135135
54,178.25850340136054,249.71428571428572,215.0952380952381,611.1836734693877,203.91836734693877,659.734693877551,670.1632653061224,202.24489795918367,425.04761904761904,281.70068027210885
55,187.88666666666666,241.86666666666667,216.05333333333334,589.5933333333334,207.07333333333332,659.56,660.7,197.02666666666667,433.29333333333335,284.6666666666667
56,184.4437086092715,236.31788079470198,212.97350993377484,577.8476821192053,200.66887417218544,655.6490066225166,638.4370860927153,198.3774834437086,430.03973509933775,290.7748344370861
57,193.55555555555554,239.19607843137254,213.52941176470588,554.2222222222222,197.59477124183007,680.2745098039215,648.9607843137255,204.8235294117647,431.01307189542484,286.6143790849673
58,181.79617834394904,234.62420382165604,213.35031847133757,553.1464968152866,195.89171974522293,661.1656050955414,637.5414012738853,208.15923566878982,417.26751592356686,277.343949044586
59,175.69565217391303,238.0310559006211,210.88198757763976,559.3540372670808,196.54658385093168,671.5093167701864,617.0062111801242,211.85714285714286,430.32919254658384,277.6024844720497
60,182.4814814814815,240.02469135802468,212.0,561.3827160493827,199.02469135802468,639.5864197530864,616.6728395061729,211.17283950617283,427.2283950617284,267.87654320987656
61,190.56172839506172,225.91975308641975,216.320987654321,554.895061728395,196.96913580246914,649.5185185185185,633.2716049382716,212.78395061728395,436.91975308641975,279.5432098765432
62,201.33128834355827,230.42944785276075,220.93251533742333,566.3312883435583,194.66871165644173,636.4110429447853,634.0736196319018,216.30674846625766,436.3312883435583,269.3865030674847
63,209.69325153374234,240.88343558282207,220.09815950920245,553.9079754601227,196.0245398773006,613.9754601226994,625.9509202453987,212.72392638036808,438.4355828220859,278.5398773006135
64,207.79012345679013,242.8148148148148,218.23456790123456,543.0370370370371,198.62345679012347,623.3827160493827,658.4753086419753,220.1358024691358,446.7901234567901,279.3395061728395
65,217.77777777777777,238.01234567901236,215.08641975308643,568.5061728395061,198.80864197530863,657.7901234567901,664.0679012345679,223.06172839506172,468.58641975308643,283.62345679012344
66,230.76543209876544,236.3148148148148,222.52469135802468,581.358024691358,201.77777777777777,666.1851851851852,668.8271604938271,213.76543209876544,473.21604938271605,294.88271604938274
67,220.2530864197531,226.66666666666666,222.96913580246914,650.4135802469136,204.5,686.9444444444445,668.9629629629629,221.12345679012347,487.9382716049383,296.7098765432099
68,235.840490797546,236.8957055214724,219.68098159509202,728.1656441717791,210.04907975460122,662.2208588957055,677.9693251533743,236.03067484662577,491.55214723926383,290.00613496932516
69,252.30061349693253,232.48466257668713,224.69938650306747,773.8098159509202,211.95092024539878,664.1472392638037,679.760736196319,253.30674846625766,496.58895705521473,307.25766871165644
70,263.77777777777777,238.09876543209876,224.52469135802468,774.320987654321,211.01234567901236,687.3148148148148,675.9135802469136,259.14814814814815,516.0493827160494,305.95061728395063
71,267.81595092024537,242.7914110429448,231.2638036809816,783.7975460122699,205.73006134969324,685.5214723926381,689.638036809816,245.86503067484662,518.760736196319,317.82208588957053
72,290.1963190184049,242.2085889570552,231.66257668711657,773.3067484662577,201.72392638036808,675.3251533742331,684.0552147239264,242.3435582822086,538.3435582822086,315.83435582822085
73,318.8036809815951,250.50306748466258,228.1042944785276,768.2883435582822,204.94478527607362,668.0306748466257,669.4539877300614,256.680981595092,523.4539877300614,320.50306748466255
74,313.23312883435585,252.66871165644173,232.64417177914112,768.319018404908,203.2638036809816,652.1472392638037,665.6687116564417,280.4049079754601,549.5030674846626,325.9325153374233
75,360.609756097561,264.4512195121951,231.3048780487805,809.2743902439024,200.2439024390244,640.0121951219512,641.3353658536586,300.5914634146341,574.1585365853658,332.0487804878049
76,388.5365853658537,262.859756097561,229.89634146341464,831.5243902439024,203.5121951219512,667.1951219512196,656.4756097560976,308.640243902439,586.969512195122,349.280487804878
77,399.7865853658537,272.890243902439,231.4512195121951,848.5548780487804,199.59756097560975,647.469512195122,668.2378048780488,300.9329268292683,589.8414634146342,359.0792682926829
78,435.7560975609756,279.7134146341463,230.1341463414634,854.6768292682926,202.54268292682926,648.0975609756098,643.7743902439024,300.9390243902439,589.920731707317,369.6646341463415
79,424.75,285.3353658536585,223.3658536585366,870.2926829268292,203.890243902439,664.6646341463414,643.5182926829268,305.7073170731707,592.530487804878,385.6219512195122
80,411.2012195121951,297.0670731707317,224.3719512195122,858.8414634146342,203.3231707317073,642.420731707317,642.5548780487804,302.1951219512195,586.1768292682926,381.7256097560976
81,426.820987654321,309.21604938271605,222.46296296296296,826.358024691358,202.4814814814815,619.8456790123457,631.3641975308642,298.5246913580247,598.8641975308642,394.64814814814815
82,397.58641975308643,305.320987654321,216.25925925925927,790.9135802469136,198.0,632.8518518518518,634.074074074074,299.5308641975309,590.425925925926,403.38271604938274
83,385.9012345679012,298.67283950617286,216.04320987654322,804.283950617284,196.90123456790124,595.1543209876543,611.9382716049382,308.820987654321,594.6666666666666,409.5987654320988
84,385.2760736196319,300.83435582822085,212.79754601226995,813.2515337423313,195.95705521472394,616.0245398773006,607.4539877300614,315.0552147239264,576.0245398773006,431.66257668711654
85,346.1951219512195,291.5060975609756,207.10365853658536,816.5731707317074,197.39634146341464,639.2987804878048,618.5914634146342,318.0365853658537,576.3780487804878,427.7073170731707
86,337.0061728395062,290.1975308641975,209.41975308641975,796.1975308641976,201.65432098765433,646.283950617284,635.2037037037037,318.5987654320988,590.0432098765432,443.61728395061726
87,316.3024691358025,295.94444444444446,209.3148148148148,810.6913580246913,195.53703703703704,623.5185185185185,634.5123456790124,321.5740740740741,588.5432098765432,452.0679012345679
88,292.9938271604938,293.18518518518516,216.06172839506172,819.5493827160494,197.60493827160494,592.5185185185185,651.4876543209876,316.9691358024691,592.820987654321,447.5061728395062
89,284.3105590062112,292.6335403726708,209.54658385093168,840.1801242236024,200.5527950310559,634.7826086956521,650.7950310559006,305.3354037267081,586.6583850931677,453.0869565217391
90,276.49068322981367,276.45341614906835,205.63975155279502,877.3105590062112,200.48447204968943,619.6459627329192,655.8012422360248,308.6024844720497,587.5465838509317,471.0807453416149
91,292.39375,287.825,208.80625,882.2375,201.88125,596.50625,642.7125,309.36875,594.90625,464.04375
92,290.53125,279.94375,214.78125,885.7375,203.74375,595.225,644.3,318.6625,595.325,467.44375
93,278.69182389937106,296.188679245283,210.42767295597486,879.5345911949686,205.44654088050314,588.4716981132076,632.0503144654089,337.7169811320755,584.9559748427673,476.1069182389937
94,263.5822784810127,270.53164556962025,210.34177215189874,924.753164556962,204.62025316455697,593.5443037974684,644.7405063291139,332.19620253164555,565.3481012658228,487.246835443038
95,259.69620253164555,263.32911392405066,214.30379746835442,990.1075949367089,207.0759493670886,574.7341772151899,669.1772151898734,342.1898734177215,557.6582278481013,484.6835443037975
96,238.79617834394904,262.1656050955414,211.9235668789809,1024.0573248407643,209.64968152866243,582.891719745223,664.2866242038217,389.312101910828,546.8343949044586,485.54140127388536
97,233.05732484076432,257.7261146496815,209.15923566878982,1024.407643312102,206.77707006369425,579.108280254777,657.4904458598726,421.18471337579615,534.1210191082803,489.5541401273885
98,232.87820512820514,256.6474358974359,209.52564102564102,1038.1025641025642,209.48717948717947,571.1217948717949,651.9038461538462,407.21794871794873,537.4551282051282,494.1666666666667
99,222.55128205128204,260.59615384615387,210.76282051282053,997.8397435897435,213.89102564102564,588.4679487179487,656.4166666666666,381.5,508.79487179487177,484.62179487179486
100,215.82467532467533,253.83766233766235,212.11688311688312,994.1103896103896,212.0,576.8961038961039,656.3636363636364,385.6363636363636,502.64935064935065,487.83116883116884
101,207.4935064935065,252.34415584415584,217.2922077922078,1016.3246753246754,206.4025974025974,559.9675324675325,665.3896103896104,396.9805194805195,505.07142857142856,501.7402597402597
102,200.99346405228758,241.83006535947712,213.45751633986927,1077.2156862745098,205.56209150326796,535.5032679738562,653.7516339869281,411.96078431372547,480.93464052287584,494.562091503268
103,202.05228758169935,240.88888888888889,211.01960784313727,1085.2745098039215,209.6078431372549,521.0261437908497,647.7320261437909,423.2875816993464,478.2549019607843,475.6862745098039
104,192.26315789473685,231.76315789473685,206.97368421052633,1050.296052631579,206.42105263157896,529.9407894736842,647.0855263157895,416.0921052631579,465.11842105263156,459.2368421052632
105,197.01986754966887,233.25827814569536,203.1523178807947,1014.2649006622516,203.33774834437085,533.4238410596026,639.1456953642385,389.96026490066225,451.96026490066225,460.112582781457
106,201.69333333333333,236.57333333333332,203.84,1013.0866666666667,200.74666666666667,524.8733333333333,639.6533333333333,373.54,429.3066666666667,448.74666666666667
107,204.8255033557047,232.6778523489933,208.14093959731542,1006.4295302013422,210.71140939597316,518.8523489932886,643.255033557047,377.08053691275165,430.3758389261745,436.22147651006713
108,199.09395973154363,232.95973154362417,207.3221476510067,996.744966442953,215.1006711409396,511.87919463087246,638.5771812080537,385.8859060402685,420.33557046979865,415.1006711409396
109,204.1891891891892,224.1418918918919,209.4527027027027,1006.9797297297297,215.6891891891892,514.0,641.2635135135135,387.5,408.2567567567568,404.9662162162162
110,196.77702702702703,222.16216216216216,210.4391891891892,981.3040540540541,216.47297297297297,503.94594594594594,651.4324324324324,412.6554054054054,402.18243243243245,387.4662162162162
111,199.64864864864865,215.9189189189189,201.1283783783784,961.7567567567568,216.80405405405406,484.2027027027027,653.2364864864865,420.0945945945946,393.1081081081081,361.4932432432432
112,214.40136054421768,215.21768707482994,204.0,991.3877551020408,218.33333333333334,502.42857142857144,689.6938775510204,414.18367346938777,394.82312925170066,339.78231292517006
113,228.08843537414967,216.08163265306123,206.59183673469389,1011.9591836734694,221.38095238095238,504.10884353741494,687.5850340136054,443.4149659863946,394.95238095238096,337.4421768707483
114,244.57823129251702,214.52380952380952,205.89115646258503,1044.1972789115646,220.60544217687075,489.08843537414964,698.374149659864,429.2721088435374,385.5986394557823,326.3741496598639
115,250.1360544217687,215.8231292517007,213.9387755102041,1058.857142857143,221.10204081632654,477.4625850340136,698.3673469387755,429.68027210884355,388.80272108843536,315.4625850340136
116,263.6734693877551,204.82993197278913,215.60544217687075,1059.7414965986395,216.99319727891157,489.2857142857143,713.9387755102041,443.7959183673469,388.25850340136054,315.72108843537416
117,303.90344827586205,202.15172413793104,214.04137931034484,1072.4068965517242,218.6344827586207,504.31724137931036,690.8275862068965,451.0551724137931,383.77241379310345,314.0827586206897
118,333.51724137931035,207.73793103448276,210.17241379310346,1054.448275862069,218.4896551724138,487.151724137931,708.7931034482758,444.6137931034483,373.4896551724138,304.48275862068965
119,353.26206896551724,206.80689655172415,205.84137931034482,1044.7310344827586,219.02068965517242,464.55172413793105,706.2137931034483,436.13793103448273,368.4206896551724,300.8
120,381.4825174825175,201.87412587412587,213.1118881118881,1027.5734265734266,219.36363636363637,484.4475524475524,689.3216783216783,452.7132867132867,372.44055944055947,295.5874125874126
121,391.1818181818182,206.7762237762238,208.95804195804195,1004.951048951049,218.4055944055944,480.4195804195804,693.7902097902098,455.9020979020979,374.3076923076923,292.64335664335664
122,444.6363636363636,209.8951048951049,211.06993006993008,1038.3636363636363,222.02797202797203,472.7762237762238,697.3216783216783,451.57342657342656,360.27972027972027,291.09090909090907
123,484.77464788732397,209.26760563380282,212.55633802816902,1076.5140845070423,224.80985915492957,488.72535211267603,686.2535211267606,462.59154929577466,366.1056338028169,290.78169014084506
124,509.35664335664336,199.979020979021,222.34965034965035,1061.972027972028,225.4125874125874,465.12587412587413,698.9440559440559,469.3286713286713,361.32167832167835,286.5874125874126
125,541.6013986013986,205.06993006993008,220.28671328671328,1034.118881118881,226.01398601398603,455.75524475524475,675.6013986013986,467.93706293706293,349.0769230769231,270.2867132867133
126,551.8402777777778,203.8125,223.61805555555554,1007.5069444444445,228.59027777777777,468.65277777777777,709.3958333333334,461.9791666666667,350.30555555555554,277.38194444444446
127,626.3263888888889,211.63888888888889,222.96527777777777,994.2291666666666,244.52083333333334,453.8958333333333,706.4652777777778,474.68055555555554,353.7083333333333,283.49305555555554
128,633.6413793103449,207.05517241379312,217.0,1011.4344827586207,256.88965517241377,448.0344827586207,691.6896551724138,467.84137931034485,349.15862068965515,277.11034482758623
129,637.9791666666666,214.31944444444446,217.72916666666666,1021.0833333333334,260.4791666666667,464.59027777777777,732.0277777777778,479.3333333333333,351.7638888888889,282.63194444444446
130,688.7931034482758,212.26896551724138,217.46896551724137,1018.4068965517241,271.8,470.57241379310346,735.9448275862069,477.84137931034485,347.6551724137931,279.2206896551724
131,692.2206896551725,214.10344827586206,218.6551724137931,1057.3172413793104,278.78620689655173,465.42758620689654,728.303448275862,476.24827586206897,359.8965517241379,272.2344827586207
132,705.9054054054054,217.5472972972973,224.21621621621622,1066.445945945946,293.68243243243245,482.1621621621622,715.2432432432432,461.7905405405405,366.22972972972974,274.2567567567568
133,721.5637583892617,216.45637583892616,224.36241610738256,1086.9530201342282,315.77852348993287,490.48993288590606,733.8859060402684,467.751677852349,354.758389261745,272.758389261745
134,716.94,218.76666666666668,226.00666666666666,1060.9333333333334,338.81333333333333,472.96666666666664,734.78,470.04,352.46666666666664,285.3666666666667
135,744.8609271523179,217.82781456953643,225.3046357615894,1035.6887417218543,354.50331125827813,478.2582781456954,745.4701986754967,472.0198675496689,354.49006622516555,282.3841059602649
136,705.0592105263158,219.01973684210526,230.625,1020.1184210526316,378.29605263157896,480.95394736842104,758.453947368421,494.3092105263158,369.60526315789474,275.4605263157895
137,690.1381578947369,224.45394736842104,231.73026315789474,1036.8157894736842,414.4144736842105,475.2171052631579,776.9868421052631,476.8421052631579,361.9342105263158,279.19736842105266
138,702.0,237.66233766233765,234.83116883116884,1075.9415584415585,428.8766233766234,486.05194805194805,795.7987012987013,512.5324675324675,367.33116883116884,280.0584415584416
139,718.7077922077922,231.38311688311688,233.4935064935065,1105.1233766233765,452.7077922077922,502.81168831168833,812.974025974026,553.9415584415584,361.4935064935065,285.7857142857143
140,758.825806451613,234.7290322580645,233.43225806451613,1097.4516129032259,478.9741935483871,502.4451612903226,782.8645161290323,518.9096774193548,365.9612903225806,292.26451612903224
141,786.6153846153846,231.0,239.28846153846155,1095.0064102564102,486.40384615384613,506.84615384615387,824.1602564102565,501.4935897435897,363.8269230769231,289.72435897435895
142,801.5064102564103,239.57692307692307,243.8397435897436,1119.1346153846155,531.9166666666666,487.8397435897436,820.7051282051282,499.71794871794873,370.12179487179486,295.9935897435897
143,817.3417721518987,241.41139240506328,243.86708860759492,1122.6962025316457,579.7848101265823,493.0,819.632911392405,526.5379746835443,383.34177215189874,300.0886075949367
144,801.9119496855346,255.77987421383648,237.76729559748426,1106.6352201257862,624.622641509434,504.9308176100629,794.5283018867924,536.3396226415094,390.42138364779873,292.39622641509436
145,819.71875,248.925,238.5,1116.14375,632.025,488.9375,808.30625,500.825,385.5375,307.79375
146,833.0434782608696,257.6894409937888,241.08074534161491,1135.7701863354037,648.9503105590062,505.4347826086956,827.9689440993789,480.2049689440994,392.7888198757764,289.19875776397515
147,807.1913580246913,261.25308641975306,240.25925925925927,1074.4259259259259,667.3086419753087,486.0,795.8703703703703,489.7283950617284,392.9691358024691,292.75925925925924
148,764.9079754601227,263.6871165644172,243.95092024539878,1033.5950920245398,688.1349693251534,492.69325153374234,803.7423312883435,491.65644171779144,389.4233128834356,290.83435582822085
149,739.8353658536586,250.609756097561,248.54268292682926,1015.4573170731708,715.2317073170732,478.7987804878049,808.0548780487804,500.5670731707317,405.4390243902439,284.9939024390244
150,712.5636363636364,251.71515151515152,244.1939393939394,983.1454545454545,749.5212121212121,486.9030303030303,826.7818181818182,513.8,407.4909090909091,290.90909090909093
151,664.1736526946107,259.21556886227546,241.9760479041916,1012.0538922155689,736.5508982035929,483.45508982035926,820.8682634730538,544.5808383233533,419.2814371257485,290.2455089820359
152,679.6130952380952,253.2202380952381,245.36309523809524,1013.2619047619048,714.1904761904761,480.2916666666667,791.4761904761905,536.3511904761905,418.9583333333333,276.625
153,662.9644970414201,251.55029585798817,244.58579881656806,1005.3313609467456,698.887573964497,493.38461538461536,798.6213017751479,505.63313609467457,425.6390532544379,277.6508875739645
154,643.4588235294118,250.85882352941175,241.64117647058825,991.2117647058824,731.0941176470589,489.52941176470586,834.4058823529411,513.2705882352941,421.8764705882353,272.1294117647059
155,636.2411764705882,259.04117647058825,239.21176470588236,1011.7882352941176,743.1705882352941,498.5352941176471,845.8470588235294,494.75882352941176,434.7647058823529,273.97058823529414
156,643.7017543859649,267.94736842105266,242.7485380116959,1002.7836257309941,764.1578947368421,505.50877192982455,845.0760233918129,511.7134502923977,448.09941520467834,278.6374269005848
157,654.719298245614,268.0409356725146,245.70760233918128,990.6959064327485,767.53216374269,505.83040935672517,842.1812865497076,521.8538011695906,450.85380116959067,277.19883040935673
158,649.3430232558139,273.55232558139534,239.97093023255815,975.9418604651163,763.5058139534884,495.44767441860466,849.1744186046511,511.8546511627907,464.8488372093023,276.34302325581393
159,604.5406976744187,262.8139534883721,244.93023255813952,988.4011627906976,794.8953488372093,495.22093023255815,832.2558139534884,519.9941860465116,485.5581395348837,281.22093023255815
160,610.2485549132948,273.3468208092485,237.71676300578034,965.3236994219653,808.9826589595376,489.19075144508673,830.514450867052,549.0462427745665,468.52601156069363,276.0693641618497
161,601.2183908045977,274.3965517241379,239.9367816091954,918.3563218390805,826.7816091954023,490.97701149425285,798.3678160919541,562.919540229885,465.632183908046,272.4367816091954
162,600.2471264367816,263.8448275862069,238.1206896551724,920.0977011494252,801.9770114942529,468.2298850574713,779.7701149425287,579.2528735632184,482.81609195402297,273.92528735632186
163,580.5852272727273,264.47159090909093,232.52272727272728,896.0965909090909,798.7159090909091,486.2443181818182,788.4488636363636,546.8579545454545,490.41477272727275,274.71590909090907
164,561.0681818181819,260.92045454545456,236.6534090909091,887.4488636363636,785.6931818181819,463.70454545454544,782.0625,540.9431818181819,491.3068181818182,274.39772727272725
165,553.8409090909091,257.91477272727275,236.9943181818182,850.6761363636364,822.5681818181819,462.5738636363636,771.2727272727273,525.0568181818181,494.03977272727275,273.10227272727275
166,522.4406779661017,251.45197740112994,233.4632768361582,839.4463276836158,811.8587570621469,473.61581920903956,756.4632768361582,502.76271186440675,485.3954802259887,275.47457627118644
167,482.6214689265537,256.271186440678,233.3502824858757,808.7005649717514,817.7062146892655,465.819209039548,759.0960451977401,497.55367231638417,496.1638418079096,272.50282485875704
168,480.19209039548025,257.20338983050846,228.01694915254237,791.7740112994351,833.5649717514125,462.8135593220339,779.3220338983051,506.3333333333333,506.71751412429376,275.7457627118644
169,454.6553672316384,245.1129943502825,234.51977401129943,782.5762711864406,881.3728813559322,470.61581920903956,791.1468926553672,517.9604519774011,501.2316384180791,273.8926553672316
170,442.73595505617976,250.7078651685393,233.73033707865167,749.4887640449438,856.9719101123595,472.6123595505618,771.2134831460675,503.29213483146066,503.76404494382024,272.0561797752809
171,443.0561797752809,241.35955056179776,233.30337078651687,746.3539325842696,868.7359550561798,455.46629213483146,735.0505617977528,522.4662921348314,510.24719101123594,269.7977528089888
172,456.2022471910112,241.57303370786516,230.07865168539325,746.938202247191,873.2134831460675,451.4325842696629,742.4943820224719,538.1011235955057,497.32022471910113,276.37640449438203
173,458.6368715083799,244.83240223463687,231.3240223463687,725.3128491620112,866.7765363128492,453.97206703910615,751.7206703910615,510.75977653631287,483.0223463687151,261.35754189944134
174,449.35555555555555,240.8,230.61666666666667,705.2611111111111,885.9388888888889,444.72777777777776,746.1722222222222,489.21666666666664,476.6666666666667,263.15
175,454.5722222222222,241.08333333333334,229.45,678.4888888888889,858.8388888888888,437.9166666666667,734.4166666666666,478.93888888888887,486.4222222222222,262.18333333333334
176,438.0,249.54444444444445,228.9,688.15,846.0833333333334,441.48333333333335,712.1055555555556,464.81111111111113,499.27222222222224,262.43333333333334
177,441.3222222222222,243.54444444444445,232.05,691.1277777777777,852.1777777777778,449.89444444444445,713.9666666666667,445.8722222222222,518.6555555555556,270.7944444444444
178,423.92857142857144,240.33516483516485,228.2967032967033,656.6483516483516,851.9835164835165,462.2362637362637,716.0384615384615,450.5274725274725,503.72527472527474,269.032967032967
179,430.4835164835165,239.12087912087912,227.54395604395606,642.3571428571429,849.3131868131868,460.44505494505495,715.7197802197802,450.9340659340659,506.1208791208791,265.18131868131866
180,422.97802197802196,237.05494505494505,226.92857142857142,643.489010989011,860.967032967033,448.532967032967,720.1153846153846,462.2032967032967,492.74725274725273,258.7912087912088
181,427.97802197802196,233.65934065934067,231.5,624.8296703296703,882.054945054945,448.032967032967,732.2307692307693,440.3296703296703,502.989010989011,260.84065934065933
182,446.0,236.37362637362637,230.6813186813187,618.1153846153846,872.8186813186813,458.74725274725273,724.8516483516484,435.2967032967033,509.5989010989011,258.6208791208791
183,447.3387978142076,229.05464480874318,229.53551912568307,624.0273224043716,863.4918032786885,452.8251366120219,712.5355191256831,413.4535519125683,499.1366120218579,270.1857923497268
184,449.8142076502732,235.47540983606558,231.53005464480876,623.9726775956284,851.0983606557377,443.8415300546448,709.7814207650273,422.6666666666667,498.5136612021858,274.40983606557376
185,445.9398907103825,230.9672131147541,226.13114754098362,603.1912568306011,886.0054644808744,438.2021857923497,716.24043715847,451.5027322404372,511.76502732240436,280.0273224043716
186,454.6521739130435,229.5054347826087,221.79891304347825,596.0434782608696,871.7228260869565,448.44565217391306,692.0434782608696,440.07065217391306,508.5271739130435,277.8967391304348
187,445.67934782608694,224.41304347826087,226.21195652173913,596.9184782608696,871.804347826087,442.6467391304348,700.304347826087,449.3532608695652,502.6032608695652,278.33152173913044
188,465.6756756756757,221.44324324324324,230.26486486486488,591.7783783783784,863.5837837837838,430.6756756756757,697.4,425.0918918918919,512.7837837837837,284.38378378378377
189,453.87567567567567,225.0810810810811,227.61081081081082,589.3675675675676,851.9081081081081,447.4216216216216,704.7243243243244,422.65405405405403,517.9405405405405,273.6972972972973
190,460.6756756756757,226.9081081081081,224.15135135135134,588.9135135135135,833.1297297297298,438.427027027027,709.0054054054054,410.427027027027,518.9351351351352,282.8810810810811
191,478.4216216216216,221.57837837837837,232.8054054054054,587.2648648648649,845.5621621621622,439.95675675675676,706.5297297297298,425.37297297297295,520.2054054054054,291.02702702702703
192,498.4945652173913,227.2391304347826,228.7663043478261,579.0326086956521,856.5597826086956,431.8641304347826,697.0869565217391,426.4945652173913,530.9945652173913,296.54891304347825
193,479.7567567567568,225.23783783783784,236.5837837837838,563.0540540540541,876.5297297297298,442.43783783783783,716.6054054054053,441.33513513513515,531.0216216216216,304.4810810810811
194,476.3763440860215,235.13978494623655,236.68817204301075,556.3279569892474,922.3225806451613,442.1290322580645,743.252688172043,429.0967741935484,520.7043010752689,313.1720430107527
195,505.48924731182797,238.31720430107526,233.94086021505376,542.6774193548387,940.0752688172043,455.3333333333333,760.5483870967741,429.26881720430106,530.4139784946236,317.5430107526882
196,524.241935483871,236.20430107526883,235.6505376344086,579.3978494623656,941.4731182795699,477.5537634408602,746.7150537634409,434.76344086021504,536.1612903225806,322.5967741935484
197,560.2620320855615,239.3048128342246,239.06951871657753,643.3689839572193,944.5026737967914,479.9251336898396,745.2245989304813,437.5668449197861,542.4598930481284,325.05882352941177
198,558.3882978723404,234.64893617021278,239.63297872340425,667.5744680851063,920.5053191489362,458.8829787234043,733.1489361702128,422.47872340425533,548.6329787234042,321.21276595744683
199,564.5531914893617,233.04787234042553,241.5531914893617,655.5425531914893,897.3617021276596,452.26063829787233,708.6808510638298,412.13829787234044,550.3617021276596,327.79787234042556
200,542.6436170212766,238.93085106382978,239.15425531914894,617.2553191489362,894.1329787234042,456.97340425531917,726.9893617021277,382.98936170212767,559.6755319148937,330.1808510638298
201,537.3386243386243,230.57671957671957,234.74074074074073,600.2063492063492,876.2645502645503,454.968253968254,754.4761904761905,403.4550264550264,553.973544973545,334.06349206349205
202,507.3157894736842,227.12105263157895,233.43684210526317,619.8315789473684,876.8315789473684,459.12105263157895,740.7894736842105,398.2473684210526,547.9263157894737,332.0684210526316
203,498.18518518518516,229.0899470899471,231.68253968253967,628.1746031746031,861.5079365079365,448.85714285714283,736.5608465608466,414.6137566137566,548.984126984127,337.83068783068785
204,491.37566137566137,230.46560846560845,234.71428571428572,594.3333333333334,869.2910052910053,433.4179894179894,732.5925925925926,427.72486772486775,554.8677248677249,341.010582010582
205,517.5396825396825,235.77777777777777,232.2962962962963,573.8783068783068,869.6031746031746,429.81481481481484,738.8835978835979,417.14814814814815,557.8994708994709,351.6507936507937
206,514.6421052631579,234.4842105263158,234.02105263157895,561.3526315789474,873.9473684210526,430.4684210526316,733.6578947368421,428.9842105263158,553.1578947368421,336.3421052631579
207,497.3157894736842,227.15263157894736,230.5157894736842,567.2210526315789,852.1157894736842,430.4842105263158,743.3473684210526,443.85263157894735,557.8684210526316,338.53684210526313
208,479.08947368421053,238.17894736842106,232.5842105263158,560.1157894736842,861.7526315789473,434.4736842105263,726.9421052631579,443.9315789473684,542.9,347.2894736842105
209,462.0740740740741,237.015873015873,228.005291005291,546.4656084656085,865.6243386243386,431.4232804232804,725.2116402116402,463.6296296296296,534.7883597883598,353.1375661375661
210,447.57894736842104,236.1421052631579,221.3578947368421,546.2842105263157,850.0473684210526,434.35263157894735,741.0684210526316,465.2631578947368,533.0736842105263,362.68947368421055
211,427.1684210526316,235.6263157894737,227.2,554.3473684210526,873.9315789473684,447.67894736842106,776.7631578947369,468.68947368421055,534.5631578947368,351.1842105263158
212,432.5078534031414,232.80104712041884,229.9476439790576,544.0471204188482,900.0575916230366,424.3193717277487,769.5340314136125,474.30366492146595,535.9162303664922,357.6178010471204
213,412.5833333333333,230.04166666666666,221.953125,561.6927083333334,898.1145833333334,447.828125,775.8541666666666,489.40625,522.078125,360.59375
214,402.8385416666667,228.36458333333334,226.94270833333334,538.390625,878.5364583333334,429.2864583333333,775.1875,464.9427083333333,526.0416666666666,369.1302083333333
215,376.9947916666667,232.04166666666666,221.92708333333334,521.8541666666666,878.9166666666666,419.40625,805.5989583333334,458.9947916666667,528.4583333333334,366.1354166666667
216,363.421875,232.34375,227.47395833333334,519.4895833333334,900.7135416666666,416.109375,791.1666666666666,462.8072916666667,527.6041666666666,376.7291666666667
217,354.12371134020617,224.10824742268042,232.34536082474227,507.47938144329896,909.9845360824743,414.37113402061857,789.8350515463917,499.63917525773195,522.1340206185567,367.5360824742268
218,336.0618556701031,220.2164948453608,224.47938144329896,501.75773195876286,915.1185567010309,423.13917525773195,813.4742268041238,507.30927835051546,517.6649484536083,370.0103092783505
219,315.91282051282053,221.57435897435897,216.5794871794872,495.16923076923075,920.1076923076923,425.4512820512821,778.1333333333333,529.6205128205128,530.2820512820513,382.7641025641026
220,303.93333333333334,221.06153846153848,217.26666666666668,501.06666666666666,917.8,418.7230769230769,778.2666666666667,528.9179487179487,525.3589743589744,388.6307692307692
221,280.4948979591837,220.45408163265307,221.1530612244898,509.7295918367347,915.1581632653061,410.9183673469388,780.9795918367347,521.0918367346939,505.96938775510205,410.28061224489795
222,274.0969387755102,218.94387755102042,222.58673469387756,491.36224489795916,918.4336734693877,428.3112244897959,790.015306122449,494.2448979591837,504.67857142857144,396.40816326530614
223,262.16751269035535,221.87309644670052,227.00507614213197,475.43654822335026,945.3705583756346,423.7817258883249,792.4416243654822,481.79187817258884,495.1827411167513,399.89340101522845
224,256.11557788944725,222.42211055276383,225.18090452261308,466.5678391959799,960.1859296482412,419.643216080402,808.9849246231156,482.9849246231156,497.2211055276382,413.23115577889445
225,235.76262626262627,224.86868686868686,223.06060606060606,455.5858585858586,987.3484848484849,420.7171717171717,837.1969696969697,505.3989898989899,497.25252525252523,408.72222222222223
226,224.17085427135677,213.47236180904522,225.41708542713567,434.7386934673367,976.3115577889447,419.30150753768845,839.1859296482412,532.7286432160804,502.26633165829145,413.1457286432161
227,215.75879396984925,217.6281407035176,235.50251256281408,423.8291457286432,983.7085427135678,416.09547738693465,844.1809045226131,549.6231155778894,493.1206030150754,425.3718592964824
228,226.34,223.85,234.515,418.83,1005.27,416.995,855.815,540.325,492.585,429.35
229,214.84,222.23,231.625,434.15,1021.87,424.595,840.58,541.415,488.19,442.305
230,214.1138613861386,224.93564356435644,236.80693069306932,424.2178217821782,1028.2920792079208,427.54455445544556,854.1782178217821,549.1633663366337,490.3712871287129,441.3960396039604
231,202.96039603960395,231.82673267326732,239.6138613861386,441.83663366336634,1040.920792079208,436.6485148514852,887.7227722772277,580.7970297029703,490.2524752475247,433.06435643564356
232,209.6089108910891,227.9950495049505,245.53960396039605,437.3762376237624,1056.1930693069307,430.4257425742574,901.019801980198,622.0940594059406,487.11386138613864,434.23267326732673
233,209.064039408867,228.84729064039408,253.51231527093597,433.1231527093596,1056.3694581280788,433.42364532019707,896.2364532019704,624.4581280788177,475.7783251231527,434.2463054187192
234,217.3694581280788,234.0935960591133,256.0344827586207,414.66995073891627,1097.463054187192,422.871921182266,926.6600985221675,600.0541871921182,474.64039408866995,426.9655172413793
235,216.33823529411765,231.76960784313727,267.01960784313724,420.5637254901961,1098.9607843137255,416.70098039215685,922.5245098039215,613.7696078431372,469.3382352941176,421.5098039215686
236,227.74019607843138,230.14705882352942,267.90686274509807,398.4166666666667,1106.6519607843138,410.19607843137254,925.0539215686274,639.6470588235294,462.77941176470586,426.5833333333333
237,240.38048780487804,232.45365853658538,268.1609756097561,392.52682926829266,1140.780487804878,414.4341463414634,920.1414634146341,639.9121951219512,453.5317073170732,427.3707317073171
238,245.0341463414634,235.4390243902439,263.6585365853659,397.9463414634146,1148.0536585365853,421.64878048780486,919.7365853658537,644.9073170731707,452.6292682926829,425.4146341463415
239,252.34466019417476,241.71844660194174,270.33009708737865,394.49029126213594,1117.8592233009708,429.56310679611653,927.2961165048544,647.9126213592233,446.9514563106796,425.07766990291265
240,256.5024154589372,232.743961352657,274.8647342995169,374.7487922705314,1109.608695652174,429.8550724637681,941.6135265700483,649.975845410628,436.1062801932367,417.29468599033817
241,256.6280193236715,234.23671497584542,268.39130434782606,378.15458937198065,1091.6666666666667,434.64251207729467,986.1739130434783,652.9371980676328,438.0144927536232,411.28985507246375
242,239.87922705314008,236.56038647342996,270.79227053140096,381.1835748792271,1069.9951690821256,440.42028985507244,972.7487922705315,648.5410628019324,440.5024154589372,397.0193236714976
243,251.1346153846154,229.14903846153845,276.6682692307692,371.2644230769231,1086.3942307692307,419.4567307692308,991.5480769230769,640.7451923076923,437.24038461538464,392.80288461538464
244,250.16746411483254,236.6555023923445,282.1531100478469,382.36842105263156,1116.3014354066986,421.0956937799043,1002.0526315789474,664.9090909090909,421.60287081339715,391.8325358851675
245,269.85645933014354,230.34928229665073,289.3492822966507,369.2488038277512,1144.1818181818182,425.29665071770336,1026.8277511961724,696.6555023923445,434.2105263157895,387.17703349282294
246,274.20952380952383,225.24761904761905,292.8142857142857,368.45238095238096,1131.9666666666667,418.93333333333334,1020.5857142857143,688.4047619047619,447.9714285714286,380.16190476190474
247,289.4075829383886,216.46919431279622,294.8388625592417,374.5876777251185,1144.5924170616113,420.66350710900474,1077.4170616113745,690.5829383886256,422.9952606635071,384.71090047393363
248,294.13744075829385,219.07582938388626,301.09478672985784,366.5308056872038,1117.4597156398104,444.70616113744074,1091.0947867298578,701.6492890995261,416.7156398104265,377.3080568720379
249,317.2535211267606,218.6338028169014,319.0610328638498,364.6525821596244,1078.24882629108,434.17840375586854,1063.3474178403756,700.5399061032864,411.32394366197184,371.46948356807513
250,331.82159624413146,214.90140845070422,315.90140845070425,355.76525821596243,1080.4413145539907,431.94835680751174,1046.0516431924882,687.5962441314554,405.80281690140845,362.3943661971831
251,346.7089201877934,216.8732394366197,334.21596244131456,372.8356807511737,1090.8826291079813,427.88262910798124,1076.1455399061033,699.7230046948357,411.53521126760563,364.5680751173709
252,380.1121495327103,217.88785046728972,345.47196261682245,384.3644859813084,1084.3878504672898,422.28504672897196,1076.0093457943926,704.3551401869158,424.23364485981307,356.25233644859816
253,401.8232558139535,215.13953488372093,360.86046511627904,376.25116279069766,1062.0046511627907,422.6697674418605,1118.0651162790698,688.753488372093,409.24651162790695,366.3953488372093
254,410.77777777777777,218.9814814814815,353.3796296296296,358.51851851851853,1049.3055555555557,433.3703703703704,1115.3796296296296,668.5138888888889,413.9675925925926,362.10185185185185
255,417.9861111111111,210.5,362.3796296296296,353.7824074074074,1031.736111111111,414.2638888888889,1106.638888888889,659.7268518518518,415.9583333333333,351.5833333333333
256,423.39170506912444,206.0921658986175,369.778801843318,364.7834101382488,1040.2718894009217,423.4009216589862,1111.3179723502303,661.258064516129,408.80645161290323,341.1336405529954
257,426.64976958525347,217.4147465437788,378.55299539170505,359.815668202765,1058.6866359447004,416.9216589861751,1111.8801843317972,653.5990783410139,412.86175115207374,338.8847926267281
258,468.04128440366975,222.8394495412844,380.9036697247706,360.9678899082569,1057.8761467889908,441.7110091743119,1070.4587155963302,668.1743119266055,390.6284403669725,334.0963302752294
259,486.4840182648402,227.986301369863,399.4063926940639,362.82648401826486,1053.3835616438357,452.63013698630135,1110.2922374429224,694.5433789954338,391.78995433789953,345.06392694063925
260,498.4633027522936,229.0183486238532,413.3119266055046,371.6743119266055,1069.7477064220184,444.07339449541286,1119.3211009174313,711.2798165137615,403.1743119266055,345.0642201834862
261,512.7798165137615,222.151376146789,421.54128440366975,371.60091743119267,1069.1926605504586,430.151376146789,1148.1146788990825,727.0412844036697,397.74311926605503,334.802752293578
262,541.4977168949772,226.26940639269407,438.6164383561644,371.76255707762556,1045.6392694063927,416.07762557077626,1133.5159817351598,725.7579908675799,392.76255707762556,330.7671232876712
263,534.8036529680365,217.76255707762556,457.4840182648402,356.86301369863014,1034.6712328767123,413.28767123287673,1102.2602739726028,741.4383561643835,387.2648401826484,326.1004566210046
264,524.9727272727273,216.3181818181818,445.7,369.27272727272725,1041.65,413.3818181818182,1111.2045454545455,735.8681818181818,390.4818181818182,319.8590909090909
265,527.5227272727273,218.0090909090909,459.1090909090909,372.73636363636365,1033.8636363636363,432.9045454545454,1129.7227272727273,724.4772727272727,388.3863636363636,324.2772727272727
266,529.9592760180996,212.7737556561086,442.6244343891403,367.59276018099547,1023.9909502262443,438.99095022624437,1129.633484162896,703.7194570135747,389.0180995475113,315.7239819004525
267,541.1945701357466,214.33484162895928,442.6244343891403,364.91402714932127,1035.1221719457014,431.8778280542986,1153.6289592760181,701.2217194570136,387.61990950226243,315.2217194570136
268,557.5158371040724,224.90950226244343,460.0769230769231,368.11764705882354,1052.5746606334842,427.3348416289593,1155.3303167420815,714.8371040723982,389.5656108597285,313.46153846153845
269,555.4343891402715,216.55656108597285,463.57013574660635,389.60633484162895,1033.4298642533936,443.7556561085973,1140.923076923077,732.4253393665158,402.31674208144796,316.131221719457
270,545.7466063348417,217.01809954751133,464.00452488687785,415.0904977375566,1007.4072398190045,443.8552036199095,1160.1493212669684,721.8552036199095,398.289592760181,310.0904977375566
271,555.9321266968326,218.45248868778282,461.5972850678733,395.10407239819006,994.3529411764706,471.0,1149.5203619909503,695.737556561086,396.868778280543,303.3031674208145
272,560.2567567567568,216.67567567567568,471.536036036036,377.6081081081081,976.4684684684685,474.3018018018018,1109.7432432432433,702.6081081081081,396.15765765765764,301.39639639639637
273,576.5,211.23423423423424,472.02702702702703,361.8873873873874,962.4324324324324,457.3018018018018,1122.5675675675675,689.0495495495495,404.9099099099099,304.0990990990991
274,561.3828828828829,217.13063063063063,465.93693693693695,365.94594594594594,955.918918918919,464.2027027027027,1139.4234234234234,690.8198198198198,403.2162162162162,299.5810810810811
275,565.6981981981982,212.5900900900901,461.1666666666667,360.72522522522524,937.8873873873874,461.76126126126127,1096.4594594594594,705.6756756756756,405.72522522522524,302.6981981981982
276,576.6981981981982,214.1891891891892,462.3918918918919,355.57207207207205,921.0360360360361,451.3873873873874,1088.4504504504505,707.7657657657658,404.8738738738739,294.2837837837838
277,566.0045045045046,215.62612612612614,454.1936936936937,363.8198198198198,917.1351351351351,442.1306306306306,1083.4054054054054,710.072072072072,401.26576576576576,291.18918918918916
278,575.7085201793722,214.50224215246638,471.82511210762334,349.1165919282511,917.9686098654709,457.3811659192825,1063.8430493273543,726.4529147982063,401.09417040358744,293.8789237668162
279,576.3408071748879,216.67713004484304,486.1390134529148,329.8744394618834,907.1390134529148,464.62331838565024,1076.372197309417,726.1659192825113,394.13004484304935,282.1659192825112
280,565.5964125560538,219.70403587443946,486.8385650224215,332.7578475336323,904.0807174887892,480.96860986547085,1068.3587443946187,703.8385650224216,399.19730941704034,281.26008968609864
281,560.2767857142857,214.04017857142858,501.4419642857143,339.79017857142856,916.21875,484.53125,1055.142857142857,695.5848214285714,405.57589285714283,285.8794642857143
282,571.1919642857143,210.94642857142858,501.17857142857144,357.9955357142857,939.2232142857143,497.20089285714283,1088.486607142857,701.9017857142857,410.4107142857143,290.5625
283,570.5112107623319,203.54708520179372,496.53811659192826,352.6726457399103,923.5022421524664,514.0538116591928,1114.8206278026905,698.1434977578475,416.6547085201794,290.00448430493276
284,586.8355555555555,208.10666666666665,508.59555555555556,357.82666666666665,890.2133333333334,499.68,1109.8577777777778,696.8488888888888,419.62666666666667,282.87555555555554
285,603.4666666666667,219.48,534.8133333333334,340.56444444444446,884.5511111111111,505.96,1130.3022222222223,701.8577777777778,419.74666666666667,287.8177777777778
286,595.9466666666667,219.29777777777778,539.2666666666667,348.43111111111114,909.9866666666667,521.0177777777777,1144.3866666666668,722.6222222222223,410.0711111111111,284.1022222222222
287,571.3495575221239,213.61946902654867,535.4823008849557,364.30973451327435,903.1504424778761,522.5088495575221,1143.2920353982302,709.070796460177,424.6592920353982,285.64159292035396
288,569.1155555555556,216.85333333333332,541.36,379.2,896.2355555555556,526.9466666666667,1116.0577777777778,705.2977777777778,437.4977777777778,288.9377777777778
289,558.2177777777778,218.30666666666667,555.9822222222223,402.18666666666667,885.3244444444445,504.5733333333333,1100.671111111111,674.8533333333334,429.7911111111111,284.22222222222223
290,572.8,217.21333333333334,540.4444444444445,422.82666666666665,876.5466666666666,496.59555555555556,1102.2577777777778,664.8844444444444,432.9066666666667,280.05333333333334
291,586.8672566371681,216.68141592920355,552.1017699115044,389.1504424778761,851.4159292035398,496.5486725663717,1089.5796460176991,655.6194690265487,431.9867256637168,277.98230088495575
292,574.1585903083701,218.352422907489,550.762114537445,364.75770925110135,851.9471365638766,511.6916299559471,1085.5154185022027,640.3788546255506,428.8898678414097,266.0
293,582.1447368421053,218.19298245614036,555.3377192982456,361.17105263157896,880.25,505.7894736842105,1104.3552631578948,657.0438596491229,431.68859649122805,271.0
294,591.4605263157895,223.01754385964912,545.6798245614035,373.68859649122805,878.6315789473684,511.62719298245617,1135.2412280701753,676.7675438596491,435.3201754385965,273.2368421052632
295,615.5570175438596,222.67543859649123,546.9122807017544,370.39912280701753,872.2236842105264,520.5921052631579,1141.4736842105262,692.3377192982456,442.87280701754383,274.2368421052632
296,608.1228070175439,215.390350877193,568.0526315789474,374.63157894736844,866.8552631578947,530.9956140350877,1134.9298245614036,704.2280701754386,446.7456140350877,281.2368421052632
297,589.240174672489,218.292576419214,576.353711790393,372.5764192139738,858.5065502183406,534.0786026200873,1142.5152838427948,702.061135371179,446.1965065502183,271.95633187772927
298,611.0130434782609,219.50434782608696,577.8086956521739,369.76521739130436,836.1869565217391,509.2826086956522,1142.995652173913,701.395652173913,442.54782608695655,263.74782608695654
299,612.3766233766233,223.71428571428572,595.5238095238095,366.6017316017316,825.5974025974026,533.6233766233767,1129.021645021645,697.952380952381,444.8225108225108,263.987012987013
300,618.1515151515151,216.9004329004329,592.7056277056278,364.4069264069264,829.4329004329004,532.4069264069265,1111.2640692640693,704.3982683982684,442.27705627705626,266.71861471861473
301,589.1422413793103,217.35344827586206,568.8706896551724,354.3318965517241,832.6637931034483,531.9137931034483,1135.9439655172414,714.8318965517242,467.61206896551727,263.54741379310343
302,576.5258620689655,217.16379310344828,580.2413793103449,339.88793103448273,849.4784482758621,554.7543103448276,1145.7025862068965,744.4353448275862,476.1163793103448,260.51293103448273
303,568.1931330472103,218.30042918454936,560.6523605150214,339.0257510729614,869.2961373390558,544.9613733905579,1127.038626609442,776.2961373390558,480.90557939914163,262.725321888412
304,575.5470085470085,218.47435897435898,577.465811965812,344.7692307692308,871.5982905982906,539.6367521367522,1138.076923076923,786.4145299145299,482.35897435897436,265.87179487179486
305,557.2820512820513,209.23931623931625,608.9059829059829,334.9871794871795,872.1367521367522,543.1153846153846,1163.9871794871794,772.9358974358975,484.6666666666667,267.8931623931624
306,563.2179487179487,214.9145299145299,619.3931623931624,329.7478632478632,900.2905982905983,540.8632478632478,1190.542735042735,770.9188034188035,484.8247863247863,265.1837606837607
307,549.7106382978724,212.71063829787235,606.2340425531914,328.7276595744681,902.0553191489362,564.672340425532,1180.2851063829787,780.4553191489362,501.17021276595744,266.7191489361702
308,521.8270042194093,208.44725738396625,609.9957805907173,320.2489451476793,905.7805907172996,583.1054852320675,1181.831223628692,789.282700421941,511.28691983122366,273.7974683544304
309,509.2236286919831,209.55274261603375,629.0759493670886,316.5822784810127,921.7679324894515,602.789029535865,1193.6033755274261,810.7426160337553,510.67932489451476,276.2067510548523
310,510.7510548523207,211.38396624472574,629.9915611814346,310.8902953586498,970.9029535864979,616.4261603375527,1184.717299578059,821.8691983122363,522.8396624472574,272.9620253164557
311,508.1715481171548,213.52719665271965,639.7991631799163,304.8702928870293,967.1506276150627,623.1715481171548,1189.6276150627616,794.1715481171548,530.1966527196653,271.5439330543933
312,499.38912133891216,217.60669456066947,645.9372384937238,294.418410041841,990.9372384937238,632.8661087866109,1183.8661087866108,814.1799163179917,529.6987447698745,289.6276150627615
313,512.3933054393306,217.55648535564853,675.5439330543933,289.81589958159,960.7531380753138,656.8033472803347,1202.0125523012553,812.3221757322176,541.4644351464435,313.27196652719664
314,516.2887029288703,218.76987447698744,715.5523012552301,284.4937238493724,927.8284518828452,649.1589958158996,1211.26359832636,794.7824267782427,547.5230125523012,295.6317991631799
315,536.850622406639,216.25726141078837,712.8921161825726,287.8713692946058,920.4854771784233,654.9253112033196,1227.759336099585,823.5560165975104,560.0331950207469,297.5560165975104
316,555.5269709543569,218.95850622406638,728.6390041493776,298.31120331950206,932.4896265560166,657.551867219917,1208.9004149377593,828.7136929460581,563.6016597510373,294.54771784232366
317,538.2614107883818,212.36929460580913,743.5186721991702,295.1161825726141,953.045643153527,696.1286307053942,1212.3029045643154,845.8713692946058,571.551867219917,297.7717842323651
318,525.2448132780083,211.79253112033194,732.6721991701245,289.81742738589213,963.8298755186722,762.3941908713693,1264.8464730290457,871.7136929460581,561.0414937759336,317.28215767634856
319,517.9294605809129,212.21161825726142,731.5435684647302,284.5228215767635,939.5892116182573,715.9377593360996,1226.3402489626556,841.8755186721992,566.6058091286307,307.8008298755187
320,526.3801652892562,206.4793388429752,727.3181818181819,276.0413223140496,902.2190082644628,672.8140495867768,1178.3595041322315,843.0867768595041,561.5867768595041,295.6900826446281
321,513.4115226337449,210.21810699588477,731.1152263374486,269.6296296296296,894.8395061728395,672.7777777777778,1161.477366255144,837.4979423868313,566.4814814814815,289.95061728395063
322,511.8312757201646,207.3744855967078,745.2674897119341,275.16460905349794,873.3086419753087,689.5761316872428,1146.798353909465,775.3991769547325,569.7860082304527,292.5843621399177
323,514.1111111111111,215.06172839506172,734.7119341563786,272.61316872427983,871.1028806584362,684.3868312757202,1121.045267489712,765.1810699588477,562.6090534979423,292.5925925925926
324,514.2921810699588,210.9917695473251,716.5843621399177,248.02880658436214,846.201646090535,666.835390946502,1107.9341563786008,765.6748971193416,554.477366255144,290.2181069958848
325,494.12757201646093,201.37860082304528,727.2427983539095,245.61316872427983,836.8724279835391,646.7901234567901,1078.1440329218108,741.0,573.3374485596707,295.3168724279835
326,469.38271604938274,202.02057613168725,729.3168724279835,245.6872427983539,848.074074074074,647.9300411522634,1070.687242798354,744.0534979423868,548.3086419753087,299.93004115226336
327,456.52868852459017,200.12295081967213,718.360655737705,241.40983606557376,824.1147540983607,645.5491803278688,1102.733606557377,770.389344262295,557.922131147541,303.14344262295083
328,440.2734693877551,201.30612244897958,709.3510204081633,246.8938775510204,827.3877551020408,641.1061224489796,1116.3510204081633,779.469387755102,561.5673469387755,299.5265306122449
329,446.7877551020408,196.35102040816327,712.1755102040817,249.94285714285715,817.0734693877552,649.8979591836735,1096.3673469387754,801.861224489796,565.1918367346939,300.35102040816327
330,434.0285714285714,202.75510204081633,715.465306122449,235.934693877551,825.4204081632653,679.5714285714286,1071.7918367346938,791.7428571428571,567.7591836734694,301.8897959183673
331,456.67755102040815,201.4530612244898,726.7632653061224,233.0122448979592,819.665306122449,709.5265306122449,1104.1591836734694,798.8,574.0897959183674,306.58775510204083
332,452.48163265306124,205.84897959183672,766.9959183673469,243.4816326530612,810.1836734693877,729.1428571428571,1127.8938775510203,785.0408163265306,576.3877551020408,313.3142857142857
333,457.58367346938775,210.20408163265307,789.2122448979592,256.25714285714287,800.2897959183673,756.3102040816326,1171.2448979591836,806.6163265306122,588.2326530612245,317.0081632653061
334,463.9551020408163,215.55102040816325,788.5836734693878,263.8612244897959,816.6979591836734,743.3102040816326,1177.595918367347,792.7836734693877,593.3510204081633,314.8326530612245
335,473.59591836734694,218.8530612244898,791.0122448979591,261.1551020408163,825.7673469387755,722.0897959183674,1162.6367346938775,800.0163265306122,589.0530612244899,320.31020408163266
336,469.0857142857143,214.3265306122449,796.8204081632653,258.43673469387755,819.3428571428572,747.9306122448979,1127.6734693877552,773.0163265306122,573.5673469387755,320.7755102040816
337,460.2204081632653,212.5183673469388,791.5469387755102,256.63673469387754,820.8163265306123,746.269387755102,1101.5836734693878,778.8653061224489,578.269387755102,316.9877551020408
338,447.1183673469388,222.4326530612245,785.6775510204081,266.6857142857143,798.3551020408163,714.6530612244898,1108.8857142857144,768.4612244897959,568.9755102040816,325.52244897959184
339,427.3061224489796,210.76734693877552,788.7714285714286,250.71428571428572,765.8367346938776,695.6408163265306,1117.8204081632653,774.665306122449,567.5673469387755,333.0979591836735
340,438.5061728395062,212.96707818930042,784.2880658436214,240.94650205761317,747.4567901234568,697.0041152263375,1133.374485596708,763.8518518518518,570.4156378600823,331.51851851851853
341,444.02880658436214,219.13168724279836,765.0246913580247,250.71604938271605,771.0411522633744,729.8971193415638,1113.320987654321,740.1975308641976,563.2181069958848,329.6502057613169
342,432.69135802469134,213.7201646090535,775.074074074074,254.47736625514403,762.7860082304527,701.4855967078189,1090.9135802469136,760.687242798354,561.2222222222222,319.43621399176953
343,413.5514403292181,212.03703703703704,755.3909465020577,255.20164609053498,743.448559670782,687.551440329218,1057.5102880658437,737.2469135802469,544.4650205761317,317.4938271604938
344,388.8971193415638,211.18106995884773,736.9465020576132,254.90946502057614,715.3086419753087,708.5884773662551,1040.477366255144,720.8312757201646,547.6213991769547,318.2716049382716
345,388.49794238683126,210.23045267489712,724.0329218106996,254.86008230452674,691.716049382716,719.3086419753087,1029.1358024691358,717.2674897119341,543.3786008230453,317.5473251028807
346,366.8057851239669,212.49586776859505,719.702479338843,254.82644628099175,682.3677685950413,740.6528925619834,1067.1611570247933,716.7603305785124,535.3305785123966,336.297520661157
347,368.6776859504132,213.61157024793388,743.0785123966942,242.77685950413223,678.1280991735537,747.2148760330579,1090.6487603305786,729.095041322314,529.3842975206611,340.7685950413223
348,365.7427385892116,217.67634854771785,754.6763485477178,247.87966804979254,662.5892116182573,771.5186721991702,1096.8630705394191,759.2116182572614,510.0,360.8215767634855
349,374.4149377593361,213.36514522821577,752.2738589211618,247.65145228215766,663.0788381742739,773.8921161825726,1037.3983402489628,782.9502074688796,522.6514522821577,360.9502074688797
350,366.45,216.075,760.1708333333333,248.575,657.3875,772.3375,1014.0708333333333,768.7375,545.225,363.7875
351,364.55230125523013,219.70292887029288,778.7029288702929,253.2928870292887,643.7698744769874,782.1464435146444,1024.6987447698746,762.5062761506276,537.9246861924686,369.1422594142259
352,356.92436974789916,225.2310924369748,788.7689075630252,264.75210084033614,642.6638655462185,790.5588235294117,1032.218487394958,784.2226890756302,510.03361344537814,365.76050420168065
353,347.24050632911394,226.957805907173,775.6962025316456,276.3333333333333,636.9451476793249,810.5443037974684,1012.282700421941,786.1223628691984,509.1729957805907,375.9324894514768
354,329.45106382978724,230.0,773.2212765957447,265.6212765957447,617.731914893617,849.6680851063829,1051.872340425532,785.5021276595745,526.2723404255319,379.0425531914894
355,336.8212765957447,221.84255319148937,783.3659574468085,271.22127659574465,620.2425531914894,832.4425531914893,1070.9234042553192,798.8936170212766,520.2127659574468,386.663829787234
356,341.15811965811963,219.82905982905982,774.3461538461538,264.13675213675214,632.017094017094,833.9615384615385,1063.440170940171,791.6581196581196,503.5683760683761,405.4059829059829
357,354.29741379310343,230.42672413793105,796.6896551724138,260.01293103448273,619.323275862069,853.2068965517242,1052.625,805.1465517241379,508.5344827586207,428.05172413793105
358,352.8304347826087,233.7391304347826,797.1173913043478,262.3652173913043,621.9173913043478,868.5608695652174,1078.2695652173913,828.5478260869565,508.82173913043476,427.495652173913
359,351.6637554585153,228.2052401746725,801.3187772925764,263.03930131004364,600.9650655021834,854.3362445414847,1073.8078602620087,835.3275109170306,503.414847161572,423.0
360,356.2456140350877,224.25877192982455,814.859649122807,268.24122807017545,586.4649122807018,825.4956140350877,1050.0350877192982,841.75,503.0921052631579,422.82894736842104
361,354.6991150442478,229.0,809.5309734513274,265.7787610619469,577.9955752212389,860.3141592920354,1046.1194690265486,812.2256637168142,489.61504424778764,431.9070796460177
362,353.0755555555556,230.75555555555556,793.3466666666667,275.6355555555556,572.1155555555556,823.4222222222222,1063.1022222222223,813.6311111111111,503.43111111111114,440.4088888888889
363,365.5112107623318,233.97757847533632,802.9551569506726,269.9103139013453,577.493273542601,822.7937219730942,1059.627802690583,805.1255605381166,501.3408071748879,444.5067264573991
364,364.1210762331838,231.03139013452915,796.8609865470852,275.5291479820628,580.9865470852018,781.2286995515695,1018.0852017937219,814.6278026905829,476.03139013452915,429.11210762331837
365,366.0814479638009,227.99547511312218,813.3665158371041,267.1628959276018,580.0859728506788,735.9819004524887,1007.3122171945702,837.4072398190045,469.20361990950227,416.7239819004525
366,351.11415525114154,227.17808219178082,801.4474885844749,271.662100456621,556.1278538812785,688.8584474885845,980.9041095890411,827.9132420091324,460.0593607305936,412.39269406392697
367,341.0045871559633,222.4678899082569,783.9220183486239,271.26605504587155,541.8577981651376,690.5229357798165,983.0366972477065,836.954128440367,445.0642201834862,400.76605504587155
368,330.712962962963,227.67592592592592,764.6527777777778,265.6111111111111,543.1296296296297,703.6805555555555,989.1342592592592,822.6342592592592,433.962962962963,398.5925925925926
369,334.00925925925924,221.94444444444446,730.9074074074074,261.037037037037,534.1527777777778,729.550925925926,986.3379629629629,811.2592592592592,429.68518518518516,400.8703703703704
370,338.6121495327103,224.8785046728972,712.8551401869158,263.4906542056075,534.6682242990654,783.7570093457944,1008.2710280373832,812.7336448598131,441.58878504672896,395.04672897196264
371,320.1179245283019,218.78301886792454,722.3584905660377,263.0990566037736,519.7216981132076,792.6367924528302,1001.816037735849,811.0330188679245,432.6698113207547,396.6320754716981
372,322.18009478672985,224.18957345971563,724.4691943127962,257.07109004739334,507.0379146919431,758.2322274881517,974.8436018957347,769.5829383886256,429.5308056872038,388.66824644549763
373,309.16190476190474,222.90952380952382,714.1476190476191,253.4904761904762,485.31904761904764,762.2571428571429,960.6095238095238,762.7809523809524,416.9047619047619,395.6952380952381
374,313.7799043062201,216.7799043062201,707.8564593301436,258.3062200956938,467.27272727272725,783.3540669856459,979.7751196172248,752.6842105263158,433.9665071770335,385.64593301435406
375,304.873786407767,219.31553398058253,703.3737864077669,265.43689320388347,458.68932038834953,742.3446601941747,981.9466019417475,739.0679611650486,428.34466019417476,374.50485436893206
376,301.96585365853656,225.05365853658537,691.2243902439025,268.91219512195124,443.4829268292683,723.6048780487805,1008.7658536585366,736.0439024390244,425.4926829268293,373.0243902439024
377,292.17910447761193,220.29353233830847,699.7611940298508,253.90049751243782,436.12935323383084,755.5771144278607,1040.5721393034826,732.6865671641791,423.910447761194,379.32338308457713
378,288.885,226.69,696.63,247.53,439.835,803.775,1052.345,755.49,429.325,387.415
379,293.86934673366835,223.2964824120603,708.4371859296482,244.0,436.1859296482412,792.9497487437186,1098.5276381909548,782.2311557788945,436.6884422110553,379.36180904522615
380,300.9035532994924,224.15736040609136,705.8883248730964,243.27918781725887,431.3248730964467,772.2893401015228,1070.1319796954315,764.4213197969543,427.005076142132,377.88324873096445
381,311.3061224489796,231.4387755102041,705.9081632653061,265.4030612244898,445.11224489795916,766.219387755102,1055.9591836734694,755.765306122449,439.17857142857144,378.76020408163265
382,307.07894736842104,227.5,726.2315789473685,264.31052631578945,457.6736842105263,758.1526315789474,1043.7526315789473,783.7263157894737,432.7157894736842,374.36842105263156
383,311.3783783783784,231.47027027027028,707.7459459459459,251.7135135135135,460.6972972972973,746.2486486486487,1046.9891891891891,809.3081081081081,424.05945945945945,382.35675675675674
384,295.3888888888889,229.9777777777778,683.6555555555556,251.37777777777777,444.3,720.9,1047.4555555555555,794.1833333333333,434.7,383.94444444444446
385,282.3448275862069,224.8793103448276,656.4885057471264,251.9712643678161,439.2931034482759,713.6149425287356,1044.683908045977,810.5057471264367,420.42528735632186,369.5402298850575
386,280.8511904761905,222.14285714285714,649.1607142857143,255.16071428571428,429.6488095238095,784.0,1085.8035714285713,835.9404761904761,416.3452380952381,363.8988095238095
387,280.37888198757764,230.86335403726707,648.8385093167702,260.832298136646,447.72670807453414,806.5652173913044,1138.3540372670807,838.6459627329192,412.99378881987576,376.30434782608694
388,289.3677419354839,233.34193548387097,664.1548387096774,255.40645161290323,444.1290322580645,791.2322580645161,1166.2129032258065,851.5806451612904,424.18064516129033,370.5806451612903
389,305.81756756756755,230.55405405405406,680.1148648648649,263.22297297297297,452.5743243243243,759.8445945945946,1084.304054054054,859.6418918918919,427.5743243243243,366.9121621621622
390,302.86805555555554,238.02777777777777,677.5069444444445,258.61805555555554,437.0,809.125,1058.1805555555557,795.0486111111111,429.25694444444446,376.2291666666667
391,309.9714285714286,231.43571428571428,662.5571428571428,255.57857142857142,434.8285714285714,741.9,1032.6357142857144,816.9571428571429,433.77142857142854,374.62857142857143
392,319.51824817518246,234.72262773722628,650.8540145985402,243.55474452554745,436.59124087591243,713.4744525547445,1060.051094890511,812.1532846715329,416.24817518248176,366.42335766423355
393,291.0074074074074,228.57777777777778,642.9111111111112,243.77037037037036,441.0,746.6518518518518,1069.2222222222222,803.7333333333333,414.68888888888887,380.1259259259259
394,279.8421052631579,230.54135338345864,641.3308270676691,246.69172932330827,425.7368421052632,783.8195488721805,1082.9924812030076,827.8796992481203,421.1278195488722,364.8496240601504
395,264.92248062015506,229.70542635658916,639.5038759689922,237.63565891472868,407.8914728682171,816.062015503876,1087.5116279069769,845.0232558139535,428.5968992248062,366.5968992248062
396,282.2142857142857,222.81746031746033,611.8253968253969,240.34126984126985,386.22222222222223,777.4206349206349,1041.3253968253969,789.1190476190476,410.62698412698415,347.91269841269843
397,259.05,221.98333333333332,588.5916666666667,240.4,373.10833333333335,695.6833333333333,1025.8416666666667,764.4833333333333,390.6666666666667,349.10833333333335
398,263.1946902654867,206.1946902654867,547.0265486725664,245.30973451327435,359.070796460177,671.7522123893805,910.5486725663717,748.7168141592921,387.2654867256637,344.3274336283186
399,242.56190476190477,202.63809523809525,519.5809523809523,239.15238095238095,364.4,652.2952380952381,861.3619047619047,744.5809523809523,369.42857142857144,330.37142857142857
400,246.4851485148515,199.73267326732673,519.9306930693069,225.5148514851485,365.4257425742574,650.5742574257425,855.3069306930693,767.4158415841584,384.56435643564356,340.46534653465346
