gene,draw,SSE,exceeds_observed,optimizer_success,successful_starts,retry,total_nfev,T,splice,decay,gain
svb,1,0.03206575025795753,False,True,2,False,33,0.20346662187034303,1.3660206703960804,1.0205107225463836,1.088861916024413
svb,2,0.04992238097316795,False,True,2,False,36,0.43914598915745995,0.9695117561054966,0.7617032973839105,1.1441981026957957
svb,3,0.064010380198628,False,True,2,False,25,0.005000000001366,1.256517378476715,0.8926328426193718,1.107318275404364
svb,4,0.0965520626346167,True,True,2,False,44,0.0811821985279195,1.3898472847987529,1.2086239725507424,1.1116670923160303
svb,5,0.0547754772558546,False,True,2,False,38,0.2641109044564478,1.3564292616242448,0.9396046833965934,1.0824962209770288
svb,6,0.0529220071824269,False,True,2,False,45,1.1118815031731355,1.2708827071406037,0.6820529024548214,1.0032850534240605
svb,7,0.0574842242012345,False,True,2,False,29,0.5028246087868992,1.2275986475395717,0.6627808569077704,1.0772984613438168
svb,8,0.0344604880351701,False,True,2,False,24,0.1557732328675694,1.2759667280468925,0.9708627360530868,1.076458187146787
svb,9,0.0337296341524106,False,True,2,False,33,0.4621893344424211,1.3806918546656397,0.8686550953224836,1.093905800065737
svb,10,0.0678770064299192,False,True,2,False,26,0.0149379934114817,1.3409228968727382,1.3839353970065331,1.1173781846604245
svb,11,0.0502410251233056,False,True,2,False,39,0.4746936413537791,1.2325555126256451,1.1746383938819065,1.1230367536365025
svb,12,0.0336877716521294,False,True,2,False,34,0.1438522285131963,1.1768714339858068,1.2187018417888011,1.1098832337001865
svb,13,0.0609032832116832,False,True,2,False,44,0.9563460346010024,1.4355620613839235,0.4069796640523289,0.9987602054313016
svb,14,0.0641859383502437,False,True,2,False,60,0.0341994168199495,1.4625883644999544,1.2344880346966138,1.1576922806129584
svb,15,0.0553486569841979,False,True,2,False,36,0.0117577397740822,1.2068376098877054,1.073837397928648,1.2024716364108916
svb,16,0.0410972959681435,False,True,2,False,27,0.0050000000002796,1.398406537682965,1.1839765196737544,1.1594085662099631
svb,17,0.0430693824018061,False,True,2,False,17,0.005,1.5719590576363291,1.201249009885866,1.1651720370846212
svb,18,0.0667526432921452,False,True,2,False,29,0.2431964574690939,1.296551149581793,0.6833457889526237,1.071597388240836
svb,19,0.0494509636832426,False,True,2,False,64,0.0050000000019523,1.5066649391881184,0.8704685526474184,1.1330307307551843
svb,20,0.0309086466678915,False,True,2,False,20,0.0050000000000546,1.156436651181871,1.267262711160951,1.1847534233897217
svb,21,0.0993309083022832,True,True,2,False,23,0.4220924195484951,1.3646525570199142,1.0635749524796787,1.1039207474423152
svb,22,0.0341574473217069,False,True,2,False,24,0.0050000451494866,1.3568541836663022,1.1909488668448394,1.133992526484083
svb,23,0.0314131534899931,False,True,2,False,52,1.2700298203652616,1.4454850332304607,0.3644465170065507,1.0826181361331284
svb,24,0.0404210153172445,False,True,2,False,41,0.0050000000011189,1.4884654370932624,1.0613754586078012,1.1484275550241323
svb,25,0.0330620139635688,False,True,2,False,24,0.3431656953473413,1.3433546309508075,1.0938513524204172,1.123985521654349
svb,26,0.0525564847768577,False,True,2,False,24,0.0142898591423974,1.2105989994663755,1.1694587625927249,1.219051536429955
svb,27,0.0302535880248214,False,True,2,False,17,0.0050000000066981,1.2612679136149767,0.8999700192791351,1.1636540318540138
svb,28,0.0605281073818971,False,True,2,False,28,0.0050000000123472,1.4123869396589182,0.9863823951848776,1.102471332460812
svb,29,0.0459492243980785,False,True,2,False,20,0.0050000000197704,1.2670138116775065,1.1408965254052317,1.195516946710972
svb,30,0.0420902965978165,False,True,2,False,24,0.0050000000073955,1.3489837591687506,1.01293956984971,1.0715257923580397
svb,31,0.0375962414981827,False,True,2,False,18,0.0050000344835017,1.3682730676569268,1.10863322147928,1.162318600738825
svb,32,0.0309844168590882,False,True,2,False,42,0.0536818660045552,1.5634960295836025,0.9943319538602324,1.0777676335495998
svb,33,0.0325804201647839,False,True,2,False,43,0.130892965070179,1.4155776136825362,1.2663422046645012,1.119715683672079
svb,34,0.0454839933427281,False,True,2,False,28,0.0702355053936287,1.4659802799934651,1.2357775768022787,1.149843108861971
svb,35,0.0485043492443832,False,True,2,False,22,0.005033611679707,1.3463762698903945,1.1420634194734856,1.144816028963784
svb,36,0.0516392627549437,False,True,2,False,66,0.0050000000000004,1.2633575871810343,0.9747751457750348,1.1459521272945992
svb,37,0.0387834377597007,False,True,2,False,32,0.0050000024308457,1.3131407861455795,1.2126406506961278,1.1632291320577464
svb,38,0.0483802649737115,False,True,2,False,26,0.1194838126609353,1.274815231211726,1.1928779169968315,1.1561219404591898
svb,39,0.0450406731284606,False,True,1,False,120,0.0050000000004158,1.6041123070930954,1.210096841041808,1.1107643194427632
svb,40,0.0379785094114332,False,True,2,False,19,0.243183725990065,1.1615822275560388,1.139675183471464,1.1176571758567004
svb,41,0.0440140646156601,False,True,2,False,44,0.0050000000000002,1.4282121888333994,1.1785001969325193,1.0711265947425193
svb,42,0.0499483174061403,False,True,2,False,23,0.0050000000001211,1.2456757736153257,1.0629836715995276,1.117965202046486
svb,43,0.0483273550914669,False,True,2,False,40,0.2880569536015628,1.6053049387128302,1.0324092915332803,1.061915525890426
svb,44,0.0253167090225944,False,True,2,False,23,0.2539928669896515,1.1007854708949332,0.961822781496744,1.1568718314581208
svb,45,0.1163094419273925,True,True,2,False,30,0.3540527220551513,1.2526000904211123,0.9460161249186602,1.092339624457772
svb,46,0.043536607395384,False,True,2,False,28,0.2259374087759006,1.4325153832531228,1.0455256853889694,1.176551141321054
svb,47,0.0332689917133007,False,True,2,False,45,0.084141130647175,1.1353525243381783,1.1050364039494154,1.0947678110778296
svb,48,0.0495138005114516,False,True,2,False,22,0.0050000000000208,1.3693616221886675,0.9621863780516802,1.0950856940402864
svb,49,0.0564941144073683,False,True,2,False,29,0.2572754838681697,1.2670331088200577,0.8756001644703046,1.1818281431668227
svb,50,0.0652621440504422,False,True,2,False,23,0.0050003839617246,1.3825172112347648,1.1614323640320856,1.1038530060672966
svb,51,0.0536521541478591,False,True,2,False,48,0.0050000000000004,1.4027899658582612,1.0061543503717996,1.086789455010179
svb,52,0.0466575512469586,False,True,2,False,23,0.281621931521462,1.128992557778405,1.0457555278445172,1.210706754364953
svb,53,0.0443136275907945,False,True,2,False,37,0.749433853587884,1.4036112641508762,0.715746865599433,1.0473880346527122
svb,54,0.053595688505965,False,True,2,False,36,1.0884782097694397,1.507581500512927,0.3984292924180712,0.9705208575215464
svb,55,0.0276520421022925,False,True,2,False,19,0.1007737116032246,1.5329354693044228,1.0365374075299132,1.0792536733681146
svb,56,0.0301442874714868,False,True,2,False,58,0.0050000000021646,1.3035299468430837,1.1933995183097308,1.1918129220965077
svb,57,0.0292629286949453,False,True,2,False,40,0.9670165430935372,1.496497680520467,0.4573940910813012,1.075274826719795
svb,58,0.0397968025621661,False,True,2,False,89,1.649458255686454,1.2160410363973038,0.0100000000004161,1.059489661898295
svb,59,0.0235995393644581,False,True,2,False,19,0.0050000000002995,1.326145904809282,1.2427143682585997,1.1203547265062013
svb,60,0.0760258069875593,True,True,2,False,17,0.005,1.4585173629860273,0.9816958019947456,1.0964493193973843
svb,61,0.0222182652026989,False,True,2,False,46,1.1398806851397671,1.4001019757523732,0.3498191113901636,1.101259409511525
svb,62,0.0447465977741785,False,True,2,False,24,0.0121380350289938,1.3460099143268471,1.018305356219298,1.07118969395414
svb,63,0.0326332013711482,False,True,2,False,35,0.1008402727743499,1.3557805312424316,1.3735319193463835,1.1490912357879193
svb,64,0.0492675116687343,False,True,2,False,20,0.1193871897145188,1.2656813242718628,0.8993173669118057,1.0635975556571642
svb,65,0.0331822545458961,False,True,2,False,33,0.9321718405625116,1.3337871001067336,0.4523959929448168,1.1037330539024062
svb,66,0.0530539239322258,False,True,2,False,37,0.3727662614467931,1.2036898433622896,0.978635062947814,1.0789744686441067
svb,67,0.0633427117443733,False,True,2,False,52,1.6861158655593458,1.27652961770934,0.032929197091926,1.034868515859568
svb,68,0.0484284729307318,False,True,2,False,22,0.0050000000000911,1.169909534749707,1.206927232273469,1.0805750210349507
svb,69,0.0630827212132505,False,True,2,False,22,0.2526865815279858,1.1694176222151562,1.1517955006425131,1.120794846190496
svb,70,0.0515441710805452,False,True,2,False,34,0.0273200722234677,1.282247740899275,0.9149083322229796,1.0706829471429151
svb,71,0.0359698889622791,False,True,2,False,29,0.0050000000000447,1.3661993646334745,1.033966338726639,1.172819859007523
svb,72,0.0606180489816609,False,True,2,False,23,0.0138771181551483,1.472046879464479,1.08666907513399,1.1440197992110717
svb,73,0.0410508265559393,False,True,2,False,35,0.1831957151832303,1.4791535023406808,0.9141835011787162,1.1016059801330778
svb,74,0.0482104303976071,False,True,2,False,73,0.0050000000000392,1.8849027684905624,0.9680815536606128,1.1455254949561542
svb,75,0.0508169730350055,False,True,2,False,35,0.0050000000000009,1.3475405869522463,0.97479160186098,1.0658918185256754
svb,76,0.0504310219794685,False,True,2,False,29,0.1359747653008408,1.1880585984698422,1.0532424210603464,1.1171348383888118
svb,77,0.0362556080327498,False,True,2,False,20,0.0746533301446372,1.155443757042665,1.0169109603887565,1.179488581794767
svb,78,0.0288195398830802,False,True,2,False,29,0.1635648822899747,1.281413061862674,0.9740446755449712,1.1408348198315907
svb,79,0.0273860138540999,False,True,2,False,39,0.3157083002621718,1.2929973009388358,1.0583567848052282,1.1089369753473022
svb,80,0.0348059412287762,False,True,2,False,20,0.0895886077764878,1.5063391657333116,1.074251111244556,1.0844107231264462
svb,81,0.0129083768134429,False,True,2,False,22,0.0712068314880648,1.2729917413885703,0.9494714169677606,1.0852054325054257
svb,82,0.099246821056999,True,True,2,False,17,0.0050000014906915,1.3468893061051284,0.9260603571078544,1.1520373147621723
svb,83,0.0579070144003912,False,True,2,False,19,0.1208354284256201,1.1775730884207565,1.1360759489337806,1.2018111767737285
svb,84,0.0679373927676463,False,True,2,False,25,0.0050000057508235,1.2331210672790456,1.1929692975131525,1.1423323525202276
svb,85,0.050021152755638,False,True,2,False,41,0.6972998474798624,1.2181676487402144,0.8161296748294169,1.1471381952990205
svb,86,0.0520027430044896,False,True,2,False,45,0.0050000000000147,1.3685497512866451,0.8313077407847925,1.103600395726199
svb,87,0.0538834359864336,False,True,2,False,37,1.3464662598595711,1.3648191095018982,0.5954949369066969,1.0104986437663297
svb,88,0.0603102758108504,False,True,2,False,21,0.2233891091268058,1.2041308095408914,0.949891080830677,1.080550067439279
svb,89,0.0401112454914743,False,True,2,False,48,0.0050606770184339,1.272960024371984,1.0977822279702871,1.1093463811532425
svb,90,0.0387115645443823,False,True,2,False,39,0.085013407688202,1.263453160018011,1.188699388071512,1.0915399497788791
svb,91,0.0502462682160237,False,True,2,False,39,0.0461862205984163,1.280112105380671,1.0638674942149575,1.1475573655622766
svb,92,0.076303142207267,True,True,2,False,31,1.0836865523871402,1.2611067798805184,0.9024092488677412,1.0440935767278712
svb,93,0.0949238104332689,True,True,2,False,19,0.0050000000003151,1.2501716620479757,1.0598254508459624,1.1723278986041576
svb,94,0.0383725337110872,False,True,2,False,30,0.0050000017145121,1.2756415497694082,1.0321991675076612,1.122283775583095
svb,95,0.0355905334224004,False,True,2,False,24,0.0050000000405802,1.4746866324670451,1.099575968400935,1.1405693317291
svb,96,0.0670352408757146,False,True,2,False,23,0.2216194057216007,1.6634290854225124,1.2618193486287763,1.1922140617701504
svb,97,0.0310529797606461,False,True,2,False,48,0.0347551943525971,1.3010638231519729,1.0962108526187897,1.122460810300706
svb,98,0.0431700299501247,False,True,2,False,20,0.005000000001179,1.460040661386922,1.1985110891238715,1.1124529159476615
svb,99,0.0772700234582409,True,True,2,False,27,0.005,1.2473464297804913,1.0105191780762006,1.1664951990321404
svb,100,0.079985407161586,True,True,2,False,47,0.0051190211111521,1.2036253774916317,0.977233030420424,1.1471309194895556
svb,101,0.0341111456383507,False,True,2,False,21,0.0050000000000008,1.3050550583594975,1.1420193775684693,1.2481655695660512
svb,102,0.045534001160551,False,True,2,False,77,0.005000000000053,1.282984790727877,1.0657482610292484,1.187938267552993
svb,103,0.057665943999596,False,True,2,False,23,0.0700546085511154,1.336773694440029,0.827538889654985,1.106012384638619
svb,104,0.0463556106269831,False,True,2,False,22,0.0050000000150857,1.287376891649591,1.1329422836454548,1.1114324819066468
svb,105,0.0385948263343993,False,True,2,False,23,0.1621913204263931,1.3996285021135129,1.1161943492337605,1.127528242505148
svb,106,0.0401368806829388,False,True,2,False,25,0.0050001278762458,1.226626840972774,0.981034563538605,1.1341938953529194
svb,107,0.0362865514686289,False,True,2,False,22,0.0050000000008781,1.345476368392805,1.0079017090137197,1.0995745247484638
svb,108,0.0440537568056288,False,True,2,False,46,1.5453592692851323,1.3971258962083917,0.2321067004297879,0.9969887929298252
svb,109,0.0417878858538373,False,True,2,False,21,0.0050000000000939,1.13941475418256,1.0399530058175377,1.124125230883679
svb,110,0.1070715503964232,True,True,2,False,24,0.0050000000006209,1.5257107609191896,0.9947322579365664,1.0979951623142723
svb,111,0.0419875080385998,False,True,2,False,35,0.0050000001083811,1.3692709956208562,1.0214587524950447,1.1359571591800022
svb,112,0.0259589984280504,False,True,2,False,25,0.2286672523984362,1.3257739966161288,1.0609069171412644,1.0880008255188232
svb,113,0.0224659906561159,False,True,2,False,35,0.0050000000010134,1.367185651306429,1.2741043133028174,1.0927115768523863
svb,114,0.0219379432471959,False,True,2,False,36,0.6105607837698119,1.2779216044984871,0.7742745401633965,1.069645442624907
svb,115,0.054252676407616,False,True,2,False,55,0.7690496821476702,1.3716557456855265,0.5869557045851015,1.0248635271150064
svb,116,0.0445942050363518,False,True,2,False,29,0.3009615189590377,1.2923175885338305,0.9673665010397856,0.9900939230501576
svb,117,0.0417405256922081,False,True,2,False,39,0.0050000000017402,1.310269106029292,0.9761823782946129,1.1131199326998924
svb,118,0.0588518078483859,False,True,2,False,22,0.005000000175726,1.267300826396382,1.0961927322694425,1.1938974279144428
svb,119,0.0681973929379934,False,True,2,False,55,1.2220765283964716,1.4114746323033127,0.2093937343405538,1.0532277283885398
svb,120,0.0464826449969666,False,True,2,False,29,0.1368311577184491,0.9000506747508055,1.012377185377547,1.188213988091536
svb,121,0.0382209839452182,False,True,2,False,61,0.0050000000009408,1.3632111535613909,0.9054463917538952,1.123792971810854
svb,122,0.0546985678257003,False,True,2,False,105,0.0050001006444076,1.4586219105247644,1.137515815259815,1.133593849223029
svb,123,0.0438612006735606,False,True,2,False,37,0.2941206199978186,1.0020560479336793,0.7367845318916323,1.097561048795205
svb,124,0.0493266135964871,False,True,2,False,32,0.0050000000731089,1.3607632627054331,0.9998799995155924,1.0858212465794204
svb,125,0.0452308581228945,False,True,2,False,28,0.149352466006152,1.3045262760791636,0.9406685369182456,1.0894919147882236
svb,126,0.0223772584399086,False,True,2,False,20,0.0162186607088616,1.3859062914407057,0.9061206014343242,1.1262605522587792
svb,127,0.0408286616949654,False,True,2,False,46,0.0054973206878433,1.2389389736995804,1.1787570280697566,1.1093640208515134
svb,128,0.0405632270811141,False,True,2,False,25,0.0873211851813403,1.5189759741267566,0.9878056772727702,1.111063573863441
svb,129,0.036265526783804,False,True,2,False,29,0.0050000000000293,1.344203724217834,0.8957354723541678,1.051391621162492
svb,130,0.0390830071762083,False,True,2,False,34,0.0509514895058719,1.5153751872283494,1.1591240065135215,1.1216949132341794
svb,131,0.0379200322013939,False,True,2,False,21,0.0050000000000122,1.3076459708474957,1.2440510547749974,1.1914658436327077
svb,132,0.0556423879843343,False,True,2,False,23,0.0050000000000027,1.16453903167095,0.9231315477641782,1.0869288332242202
svb,133,0.0542642291375161,False,True,2,False,26,0.1544545375160421,1.1990078308854362,1.2881337685193135,1.1177333842503887
svb,134,0.0500263421859129,False,True,2,False,26,0.005,1.355390823708802,1.052292927454006,1.1285219178368977
svb,135,0.0312982713909501,False,True,2,False,40,0.0979116394812668,1.3216527798454978,1.0364629615098844,1.0655851966406775
svb,136,0.039285337498832,False,True,2,False,26,0.0050000000000003,1.0641648315029426,1.221223743458665,1.195744303814601
svb,137,0.0346097592181946,False,True,2,False,60,0.6395081721692513,1.133113909131766,0.879678604919232,1.0687235357608122
svb,138,0.0885592452134284,True,True,2,False,23,0.1605883029533021,1.2497575298376506,0.9476027591534116,1.1373265113497155
svb,139,0.0656737610943727,False,True,2,False,59,0.670540302839485,1.1907974615785075,0.76998360345668,1.20503154592603
svb,140,0.0559105471194617,False,True,2,False,27,0.203322001156666,1.1054106954820189,0.9325742104047752,1.1485389161182884
svb,141,0.0725150754652695,False,True,2,False,48,0.1505281170745788,1.148832802362998,1.0360257012595622,1.1589505842017978
svb,142,0.0582623663871538,False,True,2,False,39,1.213368024577708,1.326541719519614,0.377234520320202,1.0173202173865297
svb,143,0.053945847373577,False,True,2,False,30,0.358884448552477,1.280298166052492,0.8866452051239482,1.091333781997128
svb,144,0.0707139048067041,False,True,2,False,62,0.3468335039063718,1.5318473920783129,0.6056132808551475,1.0373252559351478
svb,145,0.0365706510551654,False,True,2,False,28,0.4275810409052679,1.2375840109217724,0.676517040599893,1.0812419889147005
svb,146,0.065433613105227,False,True,2,False,31,0.3497260176963476,1.3467965554403531,0.8023463779128049,1.129715014942807
svb,147,0.0325993369368445,False,True,2,False,42,0.7634775636112481,1.4492757710490474,0.8262676733888885,1.096308058910338
svb,148,0.0554516581096746,False,True,2,False,18,0.005000000775428,1.784845396171315,0.9874090041860752,1.029221700680644
svb,149,0.0441004585214385,False,True,2,False,21,0.0050000000003977,1.2877318162572062,1.0757825938489685,1.1687091332744686
svb,150,0.0590659157855845,False,True,2,False,26,0.0677853216103321,0.9893509675635628,1.0815597491011948,1.1254727221815677
svb,151,0.0472058611365616,False,True,2,False,54,0.0941168444885545,1.404938772180119,1.0059901168937675,1.1095817786641382
svb,152,0.0565946145851051,False,True,2,False,19,0.005,1.1980781352939742,1.112508378887485,1.0769020401106248
svb,153,0.0348067392508721,False,True,2,False,26,0.1599067506443244,1.3351090362299245,1.1520603381984489,1.11567758222686
svb,154,0.0453572320327178,False,True,2,False,28,0.4021705739376254,1.2289711962099072,0.7942650763681413,1.0234907518985488
svb,155,0.0914038936957696,True,True,2,False,20,0.0464172266692777,1.29897167352568,1.1432747977817972,1.0987179566822625
svb,156,0.0238877051175895,False,True,2,False,45,0.9335269211354849,1.1390210274515056,0.4354227538094775,1.0056442665229757
svb,157,0.0365914916608019,False,True,2,False,24,0.1334611895041436,1.144448101184155,1.3674285538257358,1.181592153567745
svb,158,0.0371469279125088,False,True,2,False,144,0.005011810868848,1.2562849420093336,1.1108943695165532,1.139718356630755
svb,159,0.0364115629977349,False,True,2,False,23,0.0050000099864497,1.2969051655288084,1.0397087426651306,1.076726079760052
svb,160,0.06037657658598,False,True,2,False,28,0.0050000000000048,1.2359240538801957,1.2023101799081422,1.151043586018053
svb,161,0.0464917718829774,False,True,2,False,119,0.0050000026785558,1.1888008184100698,1.0470983989023068,1.0679528968517642
svb,162,0.0585572972697136,False,True,2,False,24,0.2124911463455412,1.3204680845601258,1.1460100467079064,1.150028012334322
svb,163,0.0489550607214327,False,True,2,False,19,0.0638790422572633,1.3473834470864168,0.9859846641384064,1.128381473850152
svb,164,0.0378921285115965,False,True,2,False,23,0.0050003351499499,1.267322333573493,1.1979874136296775,1.2196624549796813
svb,165,0.0778384381008816,True,True,2,False,18,0.0050000012576094,1.3211637282275872,0.8271245312602731,1.0740655635619645
svb,166,0.0277256021524957,False,True,2,False,38,0.7160277684975462,1.36205972496791,0.7134490142907137,1.0830821005372464
svb,167,0.042884019899398,False,True,2,False,20,0.1773654870841855,1.316719674581568,1.1565852675354282,1.1394591806743406
svb,168,0.047865194838872,False,True,2,False,52,0.3328214950744271,1.1787559508335557,0.9180665076540352,1.096130034155118
svb,169,0.0489294856483843,False,True,2,False,55,0.005727456021122,1.4639452512529516,1.126973727035316,1.155737271812432
svb,170,0.0496485534344624,False,True,2,False,30,0.0058477921790062,1.2137529374478413,0.9712112791110732,1.099161048234055
svb,171,0.0402718083659375,False,True,2,False,48,0.1053466658437067,1.4718810819443149,1.12736882655508,1.1172535598092073
svb,172,0.0610918987326302,False,True,2,False,46,0.0050000000011493,1.3151207052102678,0.9019671233043894,1.1540490132548908
svb,173,0.0723667819705628,False,True,2,False,25,0.0050000000048605,1.0579330602967083,1.1077350890085014,1.1741946445483509
svb,174,0.0593382906777725,False,True,2,False,17,0.0050000112625438,1.3341172693842591,1.0504661579595798,1.0928700668310167
svb,175,0.074742108867738,True,True,2,False,32,0.0050000008236783,1.4471747145496998,1.153621761778327,1.1551793215356667
svb,176,0.0554103541447992,False,True,2,False,19,0.005,1.3734667037832884,1.0690691163502273,1.0612302002343157
svb,177,0.0340942595897955,False,True,2,False,23,0.0245308214676326,1.446366015816012,0.8488441432990439,1.1427078044226997
svb,178,0.061237669877067,False,True,2,False,18,0.0050000001411812,1.2872383038514192,0.9675787799093104,1.1383216841092592
svb,179,0.1032802898133569,True,True,2,False,32,0.1886285086271824,1.3424817972937657,1.0172167357146322,1.154270079888813
svb,180,0.0290591716831858,False,True,2,False,33,1.218468920285174,1.1458816107259056,0.4809802911064201,1.0142147325317563
svb,181,0.0306531242677697,False,True,2,False,22,0.2526666008017726,1.2784623984204273,1.1796206111334815,1.085192110285001
svb,182,0.0557731665235091,False,True,2,False,22,0.1315648755965395,1.243538562095454,1.2422250591621675,1.148667638559838
svb,183,0.0305415236642803,False,True,2,False,54,0.0050000000000091,1.394524698136895,1.0998580797662794,1.137492589042912
svb,184,0.056298939913179,False,True,2,False,58,0.0050000000000037,1.366962853548271,1.1335414986418086,1.152495078219742
svb,185,0.0433774644319756,False,True,2,False,59,0.1309816296521535,1.5010949609518054,0.890722329637321,1.0651944222957657
svb,186,0.0342895363569588,False,True,2,False,25,0.1897282187115674,1.3542084743314395,1.05010511976415,1.1458201541512782
svb,187,0.0482119130059854,False,True,2,False,49,0.0842321767923604,1.1107560266205754,0.9748438860921252,1.1927006846807071
svb,188,0.043646940417822,False,True,2,False,38,0.0050153197037201,1.1673334729902545,1.1015005659324195,1.070018422365646
svb,189,0.0436850805540802,False,True,2,False,99,0.0050000000017308,1.3896390121171207,1.0954187856514657,1.055301763373379
svb,190,0.0730621838473748,False,True,2,False,19,0.0050000000126121,1.3319964469043148,1.0053256885802015,1.1652257084305129
svb,191,0.0828301968140765,True,True,2,False,37,0.4856987123145321,0.9071955334822964,0.7512532631129585,1.0854330525302027
svb,192,0.0476021742609398,False,True,2,False,51,0.0050000000004189,1.4550450836697657,0.9025748607969086,1.084859513058519
svb,193,0.0451036971025496,False,True,2,False,28,0.0050000000002333,0.9833305902106464,1.0993169037481827,1.196181128433658
svb,194,0.0523645429440429,False,True,2,False,36,0.0976671785868754,1.2462496292511225,1.3392500798464242,1.1152551206633787
svb,195,0.0341118221564643,False,True,2,False,31,0.0050000169246011,1.2374093677497011,0.9981763066179048,1.1350366955890168
svb,196,0.0470903809786647,False,True,2,False,31,0.5048241499473579,1.3217648477750168,0.9040647590734217,1.103791235310635
svb,197,0.0496442427175596,False,True,2,False,29,0.005,1.2439635999665637,1.2281792813519687,1.1563972181578996
svb,198,0.0369878068218558,False,True,2,False,32,0.0050000000117342,1.4280143059825987,0.8802365176317871,1.1024551590170206
svb,199,0.0343222055504735,False,True,2,False,30,0.0164450823900349,1.3582337963320086,1.1996695009490068,1.1299264204184956
