Distance_(microns),svbint,krint,svb,mlptint,eve-en,cad,kr,mlpt,gt
0,258.7029702970297,286.1923076923077,214.65384615384616,322.84615384615387,149.84615384615384,270.65384615384613,181.80769230769232,1206.7307692307693,633.2692307692307
1,270.0576923076923,278.94444444444446,212.22222222222223,341.8888888888889,164.19444444444446,246.75,184.66666666666666,1016.8611111111111,633.1944444444445
2,275,272.1162790697674,218.34883720930233,359.4651162790698,183.65116279069767,229.04651162790697,197.8372093023256,959.3255813953489,624.7674418604652
3,280.7567567567568,279.92,232.06,330.1,204.81632653061226,221.44,202.58,916.38,616.7
4,286.5689655172414,292.60377358490564,239.32075471698113,309.3888888888889,232.24528301886792,221.0188679245283,214.54716981132074,886.8148148148148,644.7037037037037
5,288.0163934426229,289.8305084745763,228.66101694915255,328.9491525423729,246.25423728813558,216.4406779661017,208.67796610169492,814.2711864,687.4576271
6,279.96774193548384,301.2950819672131,242.29508196721312,340.95081967213116,260.1639344262295,226.01639344262296,213.3278689,755.4262295081967,731.5737704918033
7,270.468254,293.0923076923077,258.8,328.16923076923075,261.4923076923077,238.47692307692307,215.69230769230768,715.5538461538462,744.5846153846154
8,280.37984496124034,306.55882352941177,263.63235294117646,315.7647058823529,255.55882352941177,256.69117647058823,216.88235294117646,682.5441176470588,761.7205882352941
9,290.8560606060606,293.71232876712327,255.6986301369863,297.7945205479452,239.68493150684932,255.0958904109589,208.36986301369862,660.9041095890411,733.5068493150685
10,305.1119402985075,290.2894736842105,250.96052631578948,307.3421052631579,239.25,255.57894736842104,209.5921052631579,690.4605263157895,751.4736842105264
11,308.59124087591243,294.36708860759495,252.08860759493672,325.17721518987344,239.62025316455697,257.0253164556962,211.91139240506328,700.1265823,793.4430379746835
12,319.59712230215825,290.51807228915663,275.7590361445783,334.69879518072287,238.75903614457832,248.20481927710844,212.3855421686747,700.6024096385543,821.0481927710844
13,316.9718309859155,291.43023255813955,292.1162790697674,371.54651162790697,241.09302325581396,239.56976744186048,221.98837209302326,706.6976744186046,838.4069767441861
14,335.4344827586207,288.46067415730334,278.8426966292135,397.2584269662921,237.8876404494382,229.73033707865167,225.14606741573033,707.5056179775281,824.4269662921348
15,334.52027027027026,293.39130434782606,264.5326086956522,405.7826086956522,229.52173913043478,224.52173913043478,218.25,748.7065217391304,805.6630434782609
16,305.5960264900662,294.22680412371136,267.8556701030928,380.4742268041237,209.51546391752578,223.38144329896906,207.79381443298968,769.4123711340206,776.0618556701031
17,291.2026144,289.51485148514854,276.87,367.7524752475247,205.07,232.39,207.92079207920793,821.6831683168317,787.6831683168317
18,282.7741935483871,283.6730769230769,270.33653846153845,363.03846153846155,199.09615384615384,222.79807692307693,212.03846153846155,853.1346153846154,792.4519230769231
19,280.1019108280255,286.99074074074076,263.60185185185185,375.8333333333333,193.08333333333334,224.36111111111111,214.25925925925927,867.7685185185185,774.4907407407408
20,279.44099378881987,290.2162162162162,257.963964,386.73873873873873,189.73873873873873,230.4144144144144,215.02702702702703,836.2432432432432,765.4414414414415
21,283.5950920245399,295.5689655172414,252.66379310344828,395.7844827586207,183.70689655172413,236.04310344827587,211.00862068965517,819.1896551724138,758.8793103448276
22,292.80120481927713,300.0163934426229,250.71311475409837,398.2950819672131,181.18032786885246,235.81147540983608,205.2622950819672,818.8114754,748.0245901639345
23,284.26190476190476,305.71774193548384,257.1693548387097,402.94354838709677,185.08870967741936,236.05645161290323,205.54032258064515,850.983871,762.4919355
24,269.9,306.8888888888889,252.5952380952381,409.3253968253968,186.79365079365078,230.20634920634922,208.4206349206349,874.7063492063492,774.5952380952381
25,266.5,301.2015503875969,244.67441860465115,418.0077519379845,188.8139534883721,222.30232558139534,211.62790697674419,864.3953488372093,754.0620155
26,278.65714285714284,305.25,243.90151515151516,405.5681818181818,188.77272727272728,213.93939393939394,215.37878787878788,840.0454545454545,729.8636363636364
27,273.54802259887003,308.2761194029851,247.6492537313433,398.4104478,191.52238805970148,208.1417910447761,216.84328358208955,816.3432835820895,731.3432835820895
28,270.19444444444446,302.93430656934305,254.61313868613138,410.13868613138686,189.1167883211679,206.47445255474452,210.84671532846716,798.4379562043796,734.6350364963504
29,278.0497237569061,313.44604316546764,265.9064748201439,434.294964,181.41007194244605,214.63309352517985,208,792.4244604316547,753.5827338129496
30,281.45108695652175,303.0769230769231,277.0839160839161,449.034965,182.11971830985917,215.55944055944056,212.09859154929578,801.0979020979021,743.1328671328671
31,279.7903225806452,310.62068965517244,287.24827586206897,472.92413793103447,185.54166666666666,220.02777777777777,216.15172413793104,836.9448275862069,739.4068965517241
32,273.7754010695187,309.3783783783784,281.22972972972974,481.5302013422819,184.46621621621622,217.03378378378378,215.39864864864865,822.6912751677852,725.7046979865772
33,273.5291005291005,304.2251655629139,278.2913907284768,490.6821192,187.95364238410596,216.94039735099338,216.66887417218544,792.9403973509934,704.205298
34,270.6649214659686,302.18954248366015,277.2352941176471,484.5947712418301,188.7450980392157,205.33333333333334,220.2810458,780.9803921568628,695.7712418300654
35,265.7886597938144,308.30967741935484,271.8322580645161,476.73548387096776,187.89032258064515,199.00645161290322,224.47096774193548,792.2774193548387,731.3225806451613
36,265.4278606965174,309.9936305732484,266.03821656050957,460.5031847133758,186.77707006369425,201.63057324840764,222.47770700636943,765.6496815286624,741.1146496815287
37,270.28155339805824,308.59627329192546,261.85714285714283,443.0124223602484,186.95652173913044,207.4472049689441,218.62111801242236,728.1863354037267,725.0310559006211
38,273.09952606635073,304.81595092024537,267.63803680981596,433.60736196319016,191.07361963190183,214.19631901840492,219.19018404907976,735.3865030674847,722.6073619631902
39,291.1121495327103,303.68674698795184,269.49397590361446,422.3072289156627,192.2289156626506,216.85542168674698,220.0421686746988,758.3855421686746,729.6927710843373
40,301.5917431,302.6666666666667,268.2261904761905,419.4642857142857,190.11309523809524,218.89285714285714,223.50595238095238,763.1607142857143,739.6428571428571
41,322.46666666666664,299.88235294117646,269.4647058823529,426.4529411764706,186.43529411764706,217.74117647058824,226.08823529411765,730.4176470588235,739.7764705882353
42,327.6523605150215,300.49418604651163,276.6162790697674,414.3953488372093,185.02906976744185,214.36046511627907,228.11046511627907,660.8662790697674,744.4651162790698
43,313.48936170212767,295.5542857142857,278.4342857142857,380.45714285714286,183.52,212.59428571428572,226.58285714285714,589.4742857142858,742.4514285714286
44,300.3544303797468,298.35593220338984,269.84180790960454,351.50847457627117,183.37853107344634,211.27683615819208,223.78531073446328,544.6723163841808,740.5932203389831
45,299.54430379746833,302.43333333333334,265.4,349.1,182.58333333333334,208.1888888888889,218.7111111111111,527.6833333333333,734.3444444444444
46,297.06808510638297,310.50276243093924,271.58011049723757,366.58011049723757,184.88950276243094,207.60773480662982,219.0110497237569,552.2099447513813,736.8563535911602
47,293.52991452991455,304.57608695652175,276.82608695652175,367.4728260869565,184.22282608695653,203.7336956521739,218.19021739130434,542.3695652173913,732.7173913043479
48,293.89224137931035,303.0860215053763,274.3494623655914,355,184.4247311827957,201.67741935483872,221.3548387096774,522.9301075268817,745.2956989247311
49,284.9741379310345,306.14438502673795,266.9037433,339.7433155080214,185.91978609625667,202.3957219251337,223.45989304812835,516.1871658,752.0588235294117
50,279.0686695,302.3121693121693,268.33862433862436,334.86772486772486,188.6931216931217,202.74603174603175,223.1851851851852,508.33862433862436,757.6507936507936
51,284.38528138528136,305.1308901,265.35602094240835,333.3717277486911,190.80104712041884,203.87958115183247,223.38219895287958,502.67015706806285,769.1570680628272
52,296.64224137931035,301.55670103092785,257.62886597938143,322.5154639175258,189.9742268041237,204.53608247422682,228.08247422680412,506.0618556701031,785.7164948453608
53,311.12875536480686,296.8905472636816,247.4278606965174,310.1393034825871,188.975,202.68,229.7462686567164,502.97512437810946,792.2238806
54,317.42489270386267,299.7524272,248.52912621359224,314.4466019417476,186.94174757281553,198.35436893203882,229.7378640776699,500.2475728,797.8155339805825
55,320.42241379310343,298.22748815165875,261.1706161137441,309.0331753554502,185.39810426540285,197.20853080568722,225.38388625592418,493.7867298578199,785.5592417061612
56,326.85775862068965,299.8878504672897,274.4766355140187,311.6214953271028,190.31308411214954,201.28971962616822,222.53271028037383,494.41121495327104,772.6214953271028
57,318.6896551724138,299.4036697247706,273.5642201834862,309.73853211009174,196.94495412844037,201.27522935779817,220.2981651376147,498.9082569,768.9495412844037
58,304.27272727272725,305.80444444444447,272.73333333333335,302.28,199.74666666666667,196.54222222222222,220.2711111111111,473.8222222222222,767.5466666666666
59,310.2294372294372,299.07296137339057,271.2746781,293.58369098712444,199.60944206008583,193.4978540772532,220.1587982832618,435.87982832618025,766.7467811158798
60,318.73160173160176,299.4723404255319,267.45106382978724,288.8936170212766,202.0212765957447,199.82978723404256,224.03404255319148,424.6723404255319,771.7744680851064
61,316.2801724137931,295.3375527,262.9194915254237,284.42616033755274,206.72033898305085,201.3644068,227.45991561181435,423.44725738396625,760.8312236
62,311.7012987012987,296.65822784810126,261.70338983050846,285.57383966244726,211.77966101694915,201.32203389830508,228.13080168776372,422.9198312236287,757.2616033755274
63,320.8874458874459,296.8723404255319,263.1489361702128,294.84255319148934,213.06382978723406,199.8808510638298,228.66382978723405,414.55744680851063,766.2085106382979
64,313.6913043478261,298.3205128205128,262.20940170940173,301.9230769230769,213.44871794871796,201.9059829059829,229.72649572649573,394.54273504273505,778.8076923076923
65,305.1703056768559,299.8836206896552,258.4396551724138,295.96120689655174,214.4094827586207,207.42241379310346,232.38793103448276,380.5948275862069,789.1422413793103
66,302.7423580786026,308.0948275862069,259.51293103448273,294.9353448275862,215.71120689655172,210.51293103448276,233.46120689655172,370.45258620689657,765.1982759
67,319.0219298245614,302.6566524,272.81974248927037,299.3733905579399,218.62660944206007,214.96995708154506,234.42060085836908,361.79399141630904,742.1545064377682
68,336.7719298245614,303.27705627705626,274.86147186147184,292.9220779220779,224.4025974025974,223.03030303030303,242.12554112554113,357.23376623376623,756.9307359
69,337.6842105263158,301.45258620689657,264.8448275862069,274.8103448275862,231.61637931034483,221.20258620689654,245,356.23706896551727,762.0905172413793
70,335.7368421052632,299.3047210300429,263.7424892703863,270.84120171673817,238.72532188841203,216.0686695,241.56223175965664,356.3476394849785,765.8068669527897
71,327.9026548672566,299.77682403433477,266.27896995708153,274.5450643776824,239.26180257510728,209.72532188841203,238.16738197424894,354.6137339055794,761.2489270386266
72,310.8185840707965,307.23275862068965,270.76724137931035,277.92672413793105,238.05172413793105,203.89224137931035,237.80603448275863,356.57758620689657,754.5818965517242
73,295.96,309.29741379310343,272.5646551724138,276.00431034482756,238.4051724137931,202.17672413793105,233.14655172413794,357.3448275862069,762.6982759
74,296.0982142857143,308.12068965517244,270.0991379310345,273.3965517241379,237.8793103448276,204.9051724137931,228.41379310344828,350.82327586206895,780.5818965517242
75,299.5973451327434,307.5108225108225,265.7359307359307,272.5021645021645,241.35497835497836,206.7099567099567,225.3160173160173,335.5800865800866,785.7099567099567
76,311.81333333333333,306.1861471861472,267.24675324675326,269.6623376623377,247.57142857142858,207.67099567099567,223.12554112554113,319.1038961038961,771.5584415584416
77,300.58666666666664,307.97402597402595,273.8874458874459,269.6190476190476,256.8528138528139,211.64069264069263,224.27272727272728,311.987013,775.952381
78,284.8666666666667,304.8663793103448,274.2715517241379,272.8103448275862,263.32327586206895,211.64224137931035,225.8793103448276,310.5344827586207,764.8491379310345
79,277.08035714285717,307.68831168831167,273.8095238095238,279.06493506493507,272.5064935064935,212.36363636363637,226.4069264069264,305.46753246753246,746.7099567099567
80,279.82959641255604,312.17316017316017,266.8138528138528,282.4848484848485,280.79653679653677,214.56277056277057,225.8138528138528,291.7099567099567,743.2857142857143
81,286.0135135135135,313.5130434782609,264.5695652173913,282.2,285.1391304347826,219.45652173913044,227.22608695652173,288.05652173913046,751.0782608695653
82,291.65,311.26200873362444,268.10480349344977,282.29257641921396,288.1528384279476,226.51965065502182,229.38427947598254,296.0087336244541,752.9956331877729
83,289.6363636363636,309.50218340611355,270.0829694323144,278.86899563318775,288.66812227074234,232.4410480349345,231.74235807860262,297.32751091703057,734.8689956331878
84,289.68636363636364,306.6578947368421,274.9429824561403,269.28508771929825,295.1578947368421,237.4517543859649,238.1184210526316,289.70175438596493,734.4122807017544
85,293.4840182648402,306.7236842105263,278.1403509,262.92105263157896,302.62719298245617,235.12280701754386,238.40350877192984,276.32751091703057,733.3640350877193
86,305.95433789954336,306.5131578947368,285.7631578947368,269.7061403508772,308.6535087719298,233.72368421052633,236.87719298245614,268.5219298245614,717.1491228070175
87,327.0046296296296,303.86842105263156,289.6359649122807,277.5175438596491,308.10526315789474,235.08771929824562,234.66228070175438,263.93859649122805,691.9912280701755
88,339.02777777777777,308.7212389380531,296.54424778761063,284.6637168141593,307.74778761061947,241.27433628318585,237.93362831858408,267.65486725663715,697.5486725663717
89,325.09722222222223,307.89823008849555,300.3893805309734,284.43362831858406,300.7212389380531,243.00884955752213,240.89823008849558,261.1991150442478,701.7300884955753
90,336.4859813084112,304.0311111111111,295.59555555555556,283.12,293.72,249.84,242.67555555555555,253.32888888888888,720.6666666666666
91,333.02803738317755,305.7455357142857,285.66964285714283,276.02232142857144,287,264.67857142857144,243.28125,248.52232142857142,752.4866071428571
92,342.14622641509436,300.6106194690266,275.9778761061947,262.8805309734513,279.83185840707966,273.2079646017699,244.6769911504425,242.02654867256638,760.3230088495575
93,333.7323943661972,292.5511111111111,271.67555555555555,258.87555555555554,272.32,268.3377777777778,248.13777777777779,236.5377777777778,738.4355555555555
94,317.7952380952381,293.5911111111111,269.7688888888889,262.1822222222222,269.53333333333336,259.53333333333336,245.90666666666667,232.34070796460176,693.9203539823009
95,315.34134615384613,299.11555555555555,266.90222222222224,269.1911111111111,270.8222222222222,256.6666666666667,239.89777777777778,230.00444444444443,658.36
96,329.93689320388347,299.17857142857144,273.89732142857144,264.2455357142857,271.45535714285717,259.89285714285717,236.71428571428572,222.16071428571428,643.0714285714286
97,346.38916256157637,298.39910313901345,283.3497757847534,255.4573991,272.80717488789236,262.1659192825112,234.9372197309417,215.4170403587444,636.3183856502242
98,336.09183673469386,298.8018018018018,285.35585585585585,250.06756756756758,274.34234234234236,262.93693693693695,235.68018018018017,213.97747747747746,632.4504504504505
99,311.0744680851064,307.0181818181818,282.71363636363634,249.8181818181818,273.6181818181818,267.7,240.3181818181818,217.45,639.4272727272727
100,304.06417112299465,314.5772727272727,271.9727272727273,250.48181818181817,267.6090909090909,271.74545454545455,243.29545454545453,215.8590909090909,647.8772727272727
101,305.3048128342246,318.05,273.75454545454545,248.55,262.56363636363636,275.3272727272727,246.38181818181818,211.15454545454546,653.3863636363636
102,297.6559139784946,320.28767123287673,283.6621005,250.50228310502283,262.0273973,281.7990867579909,246.99543378995435,207.74429223744292,646.1141552511416
103,311.0864864864865,315.16438356164383,292.94520547945206,253.1415525114155,262.3744292237443,286.5433789954338,245.3744292237443,205.1415525114155,638.8538812785388
104,328.92972972972973,315.1666666666667,299.10185185185185,261.837963,267.3333333333333,291.50925925925924,251.62037037037038,206.83333333333334,651.7962962962963
105,327.0652173913044,317.43518518518516,292.9259259259259,259.1574074074074,276.8009259259259,291.97222222222223,254.77314814814815,208.5601851851852,650.1435185185185
106,318.20652173913044,310.2638888888889,282.2083333333333,253.84259259259258,280.31944444444446,283.9490740740741,253.09259259259258,206.46296296296296,635.7916666666666
107,336.67934782608694,313.0841121495327,282.0327102803738,250.61682242990653,275.35981308411215,280.36915887850466,253.59345794392524,203.4626168224299,613.3411214953271
108,353.0326086956522,313.63084112149534,283.6261682242991,250.34579439252337,267.6869158878505,280.85981308411215,254.7336448598131,201.07476635514018,589.8738318
109,362.81720430107526,316.1886792,283.27358490566036,249.66981132075472,261.12735849056605,282.6933962264151,259.7122641509434,207.22169811320754,583.0283018867924
110,394.2043010752688,315.7511737089202,285.15023474178406,246.1455399061033,253.1455399061033,281.2863849765258,257.6713615023474,208.85915492957747,575.4882629107981
111,422.40106951871655,314.6047619047619,288.9952380952381,246.26190476190476,250.2952380952381,276.70952380952383,252.83333333333334,204.42380952380952,581.2428571428571
112,436.8663101604278,315.28846153846155,288.03365384615387,246.62980769230768,248.9903846153846,277.97115384615387,251.01442307692307,200.6153846153846,586.4038461538462
113,422.2620320855615,311.1407766990291,282.44174757281553,249.3737864,249.16990291262135,284.86893203883494,251.80582524271844,197.42233009708738,583.6990291262136
114,439.5132275132275,307.42364532019707,281.0344827586207,248.4729064039409,247.50738916256157,291.86699507389164,248.82758620689654,197.58620689655172,588.5517241
115,493.5473684210526,297.0051020408163,281.9387755102041,242.85204081632654,236.90816326530611,292.6683673469388,240.76020408163265,197.22448979591837,590.9642857142857
116,512.3979057591623,301.48936170212767,295.4255319148936,246.94148936170214,241.23936170212767,311.81382978723406,244.37765957446808,199.93085106382978,597.9734042553191
117,492.2552083333333,301.9144385026738,302.05882352941177,248.79679144385025,250.75935828877004,312.0534759358289,246.1657754010695,198.71122994652407,575.2834225
118,486.40932642487047,303.03208556149735,310.96256684491976,249.4866310160428,259.45454545454544,315.2245989304813,247.6577540106952,203.11229946524065,572.1336898395722
119,464.09326424870466,301.5430107526882,312.0430107526882,243.84408602150538,263.7526882,330.02150537634407,249.70430107526883,204.51612903225808,558.483871
120,417.0670103092784,304.38378378378377,300.3783783783784,241.51351351351352,264.9945945945946,332.05405405405406,251.17837837837837,206.25945945945946,533.1297297297298
121,437.9846153846154,304.8054054054054,291.58378378378376,242.1081081081081,265.1135135135135,331.64864864864865,250.25405405405405,205.01081081081082,518.6756756756756
122,447.5846153846154,303.48369565217394,297.91847826086956,242.1195652173913,270.92934782608694,339.8532608695652,254.03804347826087,204.41847826086956,513.5923913043479
123,430.53846153846155,317.32608695652175,313.6521739130435,242.65217391304347,277.6358695652174,351.9347826086956,256.23369565217394,204.95652173913044,521.5489130434783
124,400.7653061,334.6141304347826,327.23369565217394,240.28804347826087,279.9945652173913,360.44565217391306,257.5217391304348,207.69565217391303,539.0054347826087
125,399.1363636363636,321.7826086956522,331.8967391304348,238.42391304347825,285.6576086956522,368.9021739130435,261.1141304347826,206.1141304347826,547.6195652173913
126,454.5527638190955,314.6720430107527,325.48924731182797,236.78494623655914,295.2795698924731,373.2473118,263.4247311827957,199.69354838709677,529.7096774193549
127,528.075,328.0483870967742,319.9623655913978,236.83870967741936,304.4731182795699,385.3817204301075,267.64516129032256,198.39247311827958,512.1182795698925
128,533.85,338.40106951871655,329.80213903743316,235.48128342245988,309.0481283,398.37433155080214,276.75935828877004,199.54010695187165,506.5401069518717
129,513.36,363.4598930481283,343.3529411764706,238.64705882352942,310.81283422459893,407.4866310160428,289.7700534759358,201.12299465240642,499.7914438502674
130,494.355,365.55080213903744,351.89304812834223,241.80748663101605,312.6470588235294,409.85561497326205,299.1818181818182,200.97860962566844,490.5187165775401
131,480.55223880597015,350.51851851851853,353.8783068783069,243.64021164021165,318.48148148148147,413.58730158730157,302.5978835978836,201.17989417989418,479.67724867724866
132,475.7142857142857,347.0578947368421,357.88947368421054,246.60526315789474,330.35263157894735,430.61052631578946,298.8263157894737,201.53157894736842,468.82105263157894
133,453.9359606,351.8219895287958,367.81675392670155,248.53403141361255,348.565445,446.34031413612564,296.29842931937173,199.9633507853403,471.8691099
134,453.6237623762376,360.4270833333333,377.9791666666667,246.79166666666666,363.515625,443.9322916666667,302.390625,199.953125,474.8854166666667
135,482.95073891625617,362.99481865284974,391.1865284974093,245.12953367875647,365.2020725388601,441.37823834196894,319.0518134715026,202.13989637305698,473.95854922279796
136,488.6157635,343.67875647668393,411.24870466321244,244.59585492227978,364.46632124352334,445.79274611398966,326.94300518134713,203.00518134715026,479.34715025906735
137,501.0640394,333.87113402061857,419.72680412371136,242.35051546391753,367.6958762886598,448.88659793814435,323.5360824742268,202.20103092783506,475.95360824742266
138,510.9852941176471,338.51794871794874,421.3076923076923,238.04615384615386,378.83589743589744,458.5487179487179,324.2717948717949,201.65128205128204,470.7435897435897
139,522.1764705882352,336.84615384615387,418.35897435897436,239.36923076923077,393.4102564102564,475.9384615384615,333.81538461538463,203.56923076923076,470.2358974358974
140,532.3725490196078,350.10769230769233,407.9846153846154,241.31794871794872,404.42051282051284,492.42051282051284,346.85128205128206,203.69230769230768,466.05128205128204
141,519.9951456,382.8469387755102,401.1479591836735,242.42857142857142,407.1173469387755,502.58673469387753,356.7704081632653,200.18367346938774,461.65816326530614
142,528.9121951219512,411.64141414141415,404.5959595959596,236.2929292929293,402.0151515151515,504.0353535353535,358.3939393939394,199.17676767676767,462.3787878787879
143,523.6553398058253,422.0100502512563,406.48743718592965,234.52763819095478,397.1457286432161,498.4221105527638,356.84422110552765,202.45226130653268,460.36683417085425
144,508.38048780487804,423.175,392.28,235.69,395.82,498.725,361.1,205.145,454.3
145,492.43203883495147,412.68,395.695,239.095,402.73,515.77,377.535,207.9,453.105
146,453.9609756097561,420.305,411.88,240.775,408.74,523.875,394.715,209.07,454.58
147,426.15942028985506,419.03,424.21,244.385,411.195,531.005,406.86,208.615,461.08
148,407.19806763285027,409.5422885572139,423.4676616915423,245.20398009950247,405.8258706467662,526.2835820895523,406.7512437810945,207.681592,473.4278606965174
149,403.2173913043478,405.0738916256158,430.58620689655174,241.47783251231527,402.0689655172414,531.4679802955665,403.2068965517241,207.7487684729064,477.0197044334975
150,403.31067961165047,400.6600985221675,443.5024630541872,241.56650246305418,399.4334975369458,546.1280788,411.29064039408865,207.38916256157634,473.0394088669951
151,384.88349514563106,397.66336633663366,445.68811881188117,241.5742574257426,400.2029702970297,540.2524752475248,422.48514851485146,205.88118811881188,467.7920792079208
152,369.40776699029124,406.8472906403941,435.7586206896552,238.01970443349754,403.9655172413793,522.0837438423646,420.41379310344826,207.26600985221674,459.92118226600985
153,363.3349514563107,413.0837438423645,436.4926108374384,241.05418719211823,413.09852216748766,524.6256157635468,413.2857142857143,213.03940886699507,462.2857142857143
154,357.1747572815534,416.32512315270935,439.04926108374383,240.70443349753694,424.0049261083744,525.1527093596059,408.0935960591133,217.76847290640393,464.13300492610836
155,359.0242718446602,406.3480392156863,438.95588235294116,240.49019607843138,432.8627450980392,514.4901960784314,411.72549019607845,217,459.1666666666667
156,369.13106796116506,402.12254901960785,444.6519607843137,243.34313725490196,442.53921568627453,516.2009803921569,435.7843137254902,212.9313725490196,455.4901960784314
157,381.6116504854369,413.3872549019608,460.6421568627451,245.2058823529412,449.42926829268293,529.2292683,455.5,213.73529411764707,451.61951219512196
158,414.0339805825243,436.13106796116506,465.57560975609755,241.71844660194174,445.7135922330097,542.3592233009708,459.8398058252427,215.16504854368932,451.70873786407765
159,438.41062801932367,449.18048780487806,466.9170731707317,239.9219512195122,434.7170731707317,546.1170731707317,471.01951219512193,212.9268292682927,454.33170731707315
160,465.59223300970876,456.29611650485435,466.8980582524272,240.84466019417476,422.29126213592235,547.6262135922331,481.18446601941747,208.11165048543688,445.4466019417476
161,506.75728155339806,448.11219512195123,464.9707317073171,242.01951219512196,425.6585365853659,563.4439024390244,500.18048780487806,210.01951219512196,456.7268292682927
162,536.9323671497584,432.04368932038835,457.5242718446602,240.33495145631068,432.3203883495146,562.3640776699029,508.99029126213594,211.78155339805826,475.2524272
163,561.5748792270531,449.8243902439024,456.96585365853656,241.50731707317073,446.3219512195122,576.4634146341464,518.6439024390244,214.37073170731708,482.1463414634146
164,556.1875,477.22222222222223,456.1835748792271,239.04830917874395,450.7487922705314,593.6425120772947,520.9758454,206.03864734299518,468.7391304347826
165,501.3076923076923,465.6376811594203,453.7632850241546,238.2753623188406,451.2657004830918,604.1256038647343,528.4589371980676,202.71497584541063,463.28985507246375
166,479.67788461538464,440.47342995169083,454.3333333333333,237.32367149758454,448.42512077294685,603.0628019323672,532.6038647342995,203.6231884057971,467.3864734299517
167,474.4190476190476,414.3252427184466,471.40776699029124,241.2233009708738,448.88349514563106,605.8009708737864,531.5,207.12135922330097,478.78155339805824
168,469.8086124401914,398.1213592,472.9854368932039,242.48543689320388,446.56310679611653,620.5728155339806,523.6019417475728,207.89805825242718,480.3932038834951
169,444.3636363636364,388.81067961165047,462.5873786407767,239.33009708737865,452.00485436893206,651.6310679611651,522.4660194174758,210.18446601941747,482.49514563106794
170,406.8,396.8543689320388,459.6407766990291,236.97087378640776,462.29611650485435,678.5388349514564,535.2184466019418,214.8106796116505,481.8737864
171,404.2142857142857,414.78155339805824,479.7669902912621,237.2621359223301,463.5533980582524,690.9660194174758,549.2184466019418,216.98058252427185,476.6747572815534
172,432.73933649289097,454.4271844660194,493.97087378640776,237.26699029126215,456.8932038834951,693.6116504854369,559.0922330097087,217.5728155339806,479.63106796116506
173,427.4622641509434,478.18446601941747,493.2390243902439,238.05825242718447,447.9514563106796,697.8495145631068,559.6796116504854,218.50485436893203,493.40291262135923
174,418.66350710900474,485.3252427184466,491.05825242718447,241.20388349514562,440.00485436893206,701.8300970873786,563.5339805825242,213.96116504854368,506.86407766990294
175,434.1132075471698,478.0873786407767,501.06310679611653,243.53398058252426,436.93689320388347,704.1893203883495,578.9466019417475,208.53883495145632,514.1019417475728
176,467.7298578199052,464.3961352657005,509.94202898550725,242.29951690821255,433.6135265700483,691.0966184,592.4879227,208.45410628019323,509.64251207729467
177,482.1698113207547,484.4271844660194,519.5388349514564,244.8495145631068,441.36407766990294,692.7524272,605.7961165048544,210.02912621359224,495.79126213592235
178,495.61682242990656,484.5485436893204,523.8300970873786,247.25728155339806,446.56796116504853,727.4563106796116,609.2961165048544,208.96601941747574,477.56796116504853
179,500.6405529953917,517.4444444444445,543.0048309178744,244.52173913043478,445.8888888888889,764.5507246376811,611.3043478,208.82125603864733,466.0338164251208
180,507.50228310502285,552.4154589371981,578.3816425120773,242.93236714975845,433.20772946859904,767.6908212560387,631.9130434782609,212.7536231884058,464.4009661835749
181,501.7351598173516,514.7451923076923,592.2932692307693,242.65865384615384,420.2644230769231,773.5769230769231,647.1346153846154,212.25,468.90865384615387
182,503.841629,492.3605769230769,589.7246376811594,248.3671497584541,420.625,777.4326923076923,664.9326923076923,210.12980769230768,476.50961538461536
183,514.7104072,500.10096153846155,582.0865384615385,249.96153846153845,425.4807692307692,778.3173076923077,680.7163461538462,211.33173076923077,478.8942307692308
184,516.1076233183857,476.34285714285716,579.3,244.0095238095238,427.84285714285716,765.5857142857143,684.9714285714285,211.91904761904763,462.1380952380952
185,486.6322869955157,480.5119617,578.0095693779904,242.21052631578948,430.02392344497605,766.1722488038278,682.3827751196172,213.60765550239233,453.02392344497605
186,455.49333333333334,504.1291866028708,570.9617224880383,243.20574162679426,421.60765550239233,768.6076555023924,679.9138755980862,211.2200956937799,454.01913875598086
187,428.2920353982301,506.6904761904762,581.6190476190476,244.15714285714284,409.45238095238096,769.3190476190476,696.1238095238095,208.21904761904761,455.4952380952381
188,404.04366812227073,505.17619047619047,586.0904761904762,242.9857142857143,404.6714285714286,758.3761904761905,718.8047619047619,209.26666666666668,449.66190476190474
189,429.6217391304348,477.6556603773585,575.4644549763033,243.02843601895734,392.6367924528302,736.1320754716982,718.2924528301887,212.72511848341233,437.8160377358491
190,458.5991379310345,472.29716981132077,569.8490566037735,240.56132075471697,380.8490566037736,723.5613208,717.0377358490566,218.3254716981132,447.4198113207547
191,463.2145922746781,488.86729857819904,578.6208530805687,239.36966824644549,375.97156398104266,710.3981042654028,718.5734597156398,221.11848341232226,460.09004739336496
192,467.5560344827586,498.4292452830189,584.0188679245283,237.9056603773585,375.91509433962267,684.2452830188679,715.0235849056604,217.06132075471697,459.04245283018867
193,468.58620689655174,530.7298578199052,588.5497630331754,242.35071090047393,385.01421800947867,684.2796208530806,718.0189573459716,214.69668246445497,462.18009478672985
194,448.96153846153845,588.6415094339623,579.5283018867924,242.31132075471697,385.20754716981133,696.0047169811321,726.5990566037735,215.53773584905662,461.85377358490564
195,452.01702127659576,620.2009345794393,579.1635514018692,243.52336448598132,380.8457943925234,696.6869158878504,760.2009345794393,216.00934579439252,459.88317757009344
196,513.5169491525423,569.9953917050691,578.4101382488479,242.84331797235023,373.64516129032256,672.3686636,792.5760368663595,212.38248847926266,451.9815668202765
197,584.5714285714286,520.9726027,571.0365296803653,241.78082191780823,368.87214611872145,650.3515982,794.6255707762557,212.25114155251143,443.9771689497717
198,591.1255230125523,497.17351598173514,556.4155251141552,242.91324200913243,367.2420091324201,655.2237442922375,784.1324200913242,214.4200913242009,446.2009132420091
199,564.0376569037657,486.00452488687785,539.3619909502263,243.49773755656108,362.8914027149321,667.9547511312218,772.4796380090497,212.97285067873304,457.6651583710407
200,557.2583333333333,492.27149321266967,560.7330316742082,246.83257918552036,366.73755656108597,671.1764705882352,793.8054298642534,214.9185520361991,464.1900452488688
201,546.2821576763486,485.86547085201795,596.5605381165919,247.78026905829597,369.78026905829597,664.9910313901345,812.3004484304932,216.3273542600897,461.2421524663677
202,543.0247933884298,493.4843049327354,618.4573991,247.71300448430495,370.7578475336323,671.9372197309417,824.9865470852018,219.80269058295963,464.90582959641256
203,550.2479674796748,486.43555555555554,617.6888888888889,241.7111111111111,368.94666666666666,670.0933333333334,818.4755555555555,223.26222222222222,458.68
204,599.5604838709677,477.1371681415929,617.5265486725664,241.11946902654867,371.1061946902655,665.5442477876106,822.1327433628319,227.24778761061947,457.50442477876106
205,652.1124497991968,473.0218340611354,621.2532751091703,236.48471615720524,364.7772925764192,660.2794759825327,836.8253275109171,225.80786026200875,458
206,676.2151394,492.2956522,617.5478260869565,236.58695652173913,361.1565217391304,668.1347826086957,860.9304347826087,224.3304347826087,457.6695652173913
207,659.9282868525896,519.1293103448276,605.0387931034483,243.92241379310346,354.3663793103448,664.1077586206897,849.7931034482758,226.81034482758622,456.23706896551727
208,584.2,509.7725321888412,598.2231759656653,255.3862660944206,348.59656652360513,660.4721030042919,825.8326180257511,232.98283261802575,469.3605150214592
209,498.0597609561753,500.5301724137931,599.7801724137931,269.53879310344826,350.6163793103448,675.2370689655172,841.9094827586207,238.45258620689654,475.1551724137931
210,446.2828685258964,502.1551724137931,610.3491379310345,272.7586206896552,346.7931034482759,690.9181034482758,856.4827586206897,241.25,466.83620689655174
211,441.72727272727275,490.12393162393164,635.6282051282051,260.28632478632477,338.4957264957265,693.4017094017094,853.7222222222222,245.19230769230768,454.9188034188034
212,485.8503937007874,520.9574468085107,662.7829787234042,257.51063829787233,333.4723404255319,676.9021276595745,865.5446808510638,246.71063829787235,447.72340425531917
213,526.4308300395257,534.7033898305085,676.5296610169491,267.35593220338984,328.6949152542373,647.8177966101695,890.4788136,253.28813559322035,451.02966101694915
214,547.8339920948616,527.7983193277311,682.2773109243698,274.3109243697479,322.57142857142856,632.3445378,903.9663865546219,261.65966386554624,449.73949579831935
215,601.3003953,541.5104603,717.7112970711297,268.89958158995813,316.5857740585774,644.6192468619247,925.8200836820083,261.1882845188284,440.92887029288704
216,616.7480314960629,528.0543933054394,776.9665271966527,261.3849372384937,314.8075313807531,670.8075313807532,945.6945606694561,254.15062761506277,436.5271966527197
217,593.390625,517.6458333333334,800.6541666666667,260.475,312.56666666666666,691.2541666666667,946.1541666666667,252.3625,440.1166666666667
218,607.8326848249027,515.4522821576763,792.4771784232365,269.1410788381743,307.05809128630705,701.0290456431535,941.7261410788382,261.1410788381743,441.31120331950206
219,651.4806201550388,532.9876033057851,783.1818181818181,282.2190082644628,301.2314049586777,708.7644628099174,950.6487603305785,275.74380165289256,439.8512396694215
220,680.1384615384616,556.6341463414634,778.8938775510204,287.5243902439024,293.7073170731707,692.1260162601626,950.3211382113822,284.8617886178862,437.3861788617886
221,656.55,552.7096774193549,791.0887096774194,289.3790322580645,292.7419355,682.766129,959.7459677419355,292.68951612903226,443.8266129032258
222,635.5725190839695,526.2208835341365,819.0602409638554,292.27710843373495,297.4136546184739,687.8835341365461,960.9036144578313,306.44176706827307,450.1285140562249
223,634.2671755725191,501.8406374501992,825.8685258964143,290.30677290836655,302.31474103585657,691.6693227091633,951.2549800796813,318.6772908366534,443.0318725099602
224,669.5763358778626,490.68924302788844,826.5219123505976,291.33067729083666,304.0517928286853,695.8326693227092,951.8844621513945,321.3984064,437.43824701195217
225,705.7575757575758,482.12,844.344,299.892,304.592,698.424,975.352,313.24,438.316
226,741.7840909090909,478.42231075697214,846.2788844621514,308.2749003984064,303.45816733067727,686.4302788844622,990.9521912350598,313.74900398406373,440.52988047808765
227,732.0561798,489.68924302788844,837.5099601593625,310.0119521912351,303.9083665338645,685.4223107569721,993.0876494023904,323.2629482071713,442.0438247011952
228,687.6902985074627,490.0513833992095,823.4545454545455,300.32411067193675,305.4664031620553,692,975.5533596837945,332.3399209486166,437.59288537549406
229,658.4163568773234,500.5748031496063,812.9724409448819,292.5551181102362,307.24015748031496,701.3582677165355,952.3740157480315,340.6771653543307,440.20866141732284
230,640.6505576208178,517.6166007905139,810.5098814229249,296.0158102766798,307.69169960474306,709.3043478,940.1818181818181,346.3675889328063,446.5652173913044
231,681.9701492537314,542.7628458498024,803.9486166007905,303.42687747035575,309.8893280632411,708.0632411067194,934.2569169960474,355.00790513833994,449.20553359683794
232,673.7955390334572,563.8932806324111,796.9960474,307.5098814229249,313.27272727272725,697.2608695652174,935.8972332,366.00395256916994,448.7628458498024
233,640.5407407407407,559.1653543307086,798.3464566929134,315.57086614173227,318.23228346456693,693.6338582677165,950.1141732283464,378.6023622047244,445.54330708661416
234,659.4686346863468,533.7109375,803.4882813,313.3203125,321.9570313,701.7070313,961.5,388.5078125,442.5273438
235,684.3713235294117,523.2879377431907,816.4708171206225,309.21011673151753,330.15953307392994,706.0155642023346,976.1673151750973,401.1400778210117,442.50194552529183
236,683.7875457875458,528.8643410852713,831.6279069767442,314.1666666666667,334.22093023255815,700.4922480620155,984.0658914728682,413.3062015503876,436.48837209302326
237,652.3516483516484,540.3,844.6679536679536,329.0694980694981,334.8961538461538,704.6961538461538,981.0038461538461,417.8192307692308,430.84615384615387
238,614.2763636363636,533.9153846153846,844.3846153846154,335.8538461538462,342.7923076923077,721.3884615384616,968.7,416.56538461538463,432.34615384615387
239,591.2307692307693,565.6450381679389,837.6068702290077,334.58015267175574,348.58396946564886,727.3931297709923,937.3015267175573,413.67557251908397,433.82442748091603
240,552.3113553113553,605.5267175572519,843.6793893129772,335.18702290076334,354.51908396946567,741.3206106870228,923.7442748091603,423.9732824427481,432.5419847328244
241,585.0293040293041,608.9274809160305,850.9732824427481,335.30534351145036,357.20992366412213,743.5496183206106,927.7633588,439.2709923664122,432.17557251908397
242,609.7773722627737,576.3068181818181,855.2575757575758,335.6515151515151,357.79924242424244,723.7348484848485,937.7007575757576,456.02272727272725,438.29545454545456
243,600.2427536231884,533.3636363636364,882.0606061,351.1363636363636,358.31439393939394,708.4280303030303,965.1439393939394,484.530303,446.10227272727275
244,591.1340579710145,503,907.4794007490636,367.88389513108615,353.1835205992509,693.2134831460675,974.5093632958801,510.4831460674157,440.68913857677904
245,582.7608695652174,492.53731343283584,919.9067164179105,388.2164179104478,353.07462686567163,697.0746268656717,987.4440298507462,540.1194029850747,442.3358208955224
246,577.2898550724638,498.6208178438662,891.6542750929368,381.4535316,352.8921933085502,707.0260223048327,991.8513011152417,573.1858736059479,444.58364312267656
247,555.7818181818182,506.30483271375465,868.6431226765799,375.80669144981414,360.20446096654274,718.0297397769517,1000.7100371747212,599.7286245353159,448.8810408921933
248,556.4420289855072,512.7350746268656,900.6417910447761,375.2761194029851,367.92537313432837,727.8880597014926,997.2761194,607.0261194,450.35074626865674
249,548.9277978339351,519.5947955390335,941.4981412639405,375.0817843866171,372.5650557620818,734.9776951672862,983.8178439,608.5315985130112,445.28624535315987
250,535.9530685920578,518.762963,933.1407407407407,371.4037037037037,379.46666666666664,723.9333333333333,971.8555555555556,606.7740740740741,442.45185185185187
251,523.4568345,508.0332103321033,912.8892988929889,371.97416974169744,383.5092250922509,710.4317343173432,954.1586715867159,616.3247232472324,437.8339483394834
252,507.60931899641577,492.6654411764706,905.7794117647059,387.2095588235294,382.3382352941176,707.7720588235294,944.6985294117648,633.0183823529412,433.5404411764706
253,522.2178571428572,479.74725274725273,889.0915750915751,404.90842490842493,384.27838827838826,722.1868131868132,958.974359,638.2490842490843,433.42857142857144
254,574.9107142857143,486.4468864468864,875.0366300366301,424.6080586080586,387.95604395604397,729.9377289377289,984.5311355311355,639.4688644688645,435.3003663003663
255,617.0755395683453,499.42545454545456,877.2618181818182,446.07272727272726,387.3309090909091,714.6981818181819,991.5054545454545,630.4909090909091,437.2909090909091
256,609.9892086330935,503.83882783882785,913.1355311355311,451.64102564102564,389.86446886446885,701.6263736263736,978.4212454212454,646.1025641025641,443.09157509157507
257,628.1612903225806,503.3296703296703,951.6703296703297,439.14285714285717,383,684.4139194139194,962.8864468864468,677.0842490842491,439.5128205128205
258,691.5232974910394,514.0549451,951.2307692307693,436.13186813186815,377.46520146520146,679.7289377289377,958.4652014652015,697.2307692307693,439.27106227106225
259,727.6785714285714,525.2554744525547,945.4598540145986,442.7992700729927,379.2080291970803,681.9014598540145,953.9890510948906,694.8284671532847,446.8759124087591
260,705.6120996441281,526.1521739130435,946.5326086956521,449.1014492753623,377.55434782608694,685.2536231884058,934.1485507246376,702.1666666666666,455.9130434782609
261,670.6832740213523,511.0144927536232,947.3985507246376,448.92028985507244,374.7318841,688.1630434782609,916.2318841,727.1086956521739,467.81159420289856
262,602.5428571428571,486.9021739130435,915.9420289855072,458.8550724637681,373.5036231884058,680.5833333333334,903.3876811594203,744.8949275362319,468.0036231884058
263,571.8602150537635,484.57971014492756,885.5253623188406,468.4347826086956,376.30434782608694,682.2028985507246,905.0507246376811,751.0036231884058,460.54347826086956
264,596.5678571428572,512.9163636363636,885.3381818181819,466.4981818181818,379.6472727272727,686.4436363636364,910.0036363636364,743.0436363636363,456.90909090909093
265,626.3464285714285,542.2028985507246,892.7318841,463.5869565217391,380.32608695652175,681.0507246376811,892,727.7797833935018,457.07608695652175
266,641.2277580071175,525.5487364620939,886.9602888086642,457.75451263537906,382.5198555956679,677.0216606498195,881.1949458483755,725.4079422382672,464.6173285198556
267,619.1316725978647,489.87725631768956,885.4115523465704,446.6245487364621,380.59712230215825,686.2769784172662,871.7230215827338,716.5791366906475,468.37410071942446
268,577.2092198581561,472.22661870503595,881.1762589928057,437.7230215827338,376.38129496402877,707.6151079,872.0931899641577,733.4712230215828,470.3633094
269,571.7375886524823,454.5017921146953,872.8817204301075,436.48028673835125,374.89247311827955,712.2186379928315,867.6200716845879,742.7598566308244,470.9820788530466
270,561.2411347517731,449.4035714285714,856.0071428571429,429.5785714285714,378.58214285714286,706.9464285714286,858.6535714285715,749.8821428571429,471.7142857142857
271,548.5693950177936,455.6607142857143,843.2892857142857,425.4142857142857,385.5464285714286,707.5642857142857,870.7535714285714,763.5821428571429,474.8285714285714
272,574.2846975088968,476.31654676258995,852.3165468,429.71223021582733,393.1151079136691,716.1474820143885,877.3884892086331,790.6079136690647,471.72661870503595
273,599.0782918149466,506.01079136690646,863.5503597122303,430.6474820143885,396.02517985611513,723.5683453,866.3201438848921,824.0035971223022,468.0359712230216
274,616.9679715302491,516.7491039426524,865.3727598566309,431.7132616487455,395.06810035842295,710.4731182795699,862.2078853046595,855.2007168458781,475.85304659498206
275,599.434629,507.76702508960574,873.2473118,431.8351254480287,399.10752688172045,702.9354838709677,856.2150537634409,883.5806451612904,488.7921146953405
276,560.9084507042254,500.2607142857143,879.3607142857143,430.88214285714287,402.175,704.275,840.0178571428571,903.4107142857143,490.5
277,555,493.93950177935943,883.1672597864768,428.5373665480427,406.02491103202846,703.3558719,831.2313167259787,909.4163701067615,494.87188612099646
278,544.443662,495.4021352313167,871.4768683274021,442.7544483985765,410.16725978647685,704.5978647686833,829.2633451957296,933.7259786476868,511.70462633451956
279,524.8978873239437,483.36071428571427,870.1535714285715,455.8,410.675,714.4035714285715,827.8785714285714,973.2178571428572,522.2714285714286
280,546.0666666666667,457.5340501792115,883.7096774193549,454.22222222222223,409.5698924731183,719.0645161290323,834.5448028673835,1002.9247311827957,520.9569892473119
281,558.3531468531469,459.3392857142857,893.0392857142857,452.42857142857144,408.2214285714286,711.0857142857143,853.4821428571429,1011.9428571428572,520.3678571428571
282,529.6236933797909,474.20714285714286,896.0535714285714,473.575,414.02142857142854,703.1607142857143,873.3678571428571,1029.7714285714285,521.1678571428571
283,511.89198606271776,463.33451957295375,888.1892857142857,499.83274021352315,415.5017793594306,704.8718861209965,879.1316725978647,1068.8434163701068,521.2526690391459
284,497.70934256055364,455.6441281,873.5622775800712,503.65124555160145,417.1814946619217,726.9608540925267,876.5587189,1124.7829181494662,527.0925266903914
285,498.0034602076125,462.28723404255317,874.3687943262412,478.63475177304963,417.93617021276594,736.3297872340426,863.2695035460993,1153.0673758865248,525.2517730496454
286,474.6241379310345,462.45390070921985,907.7943262411347,462.7340425531915,422.3333333333333,727.1276595744681,855.4893617021277,1160.22695,540.7907801418439
287,440.33217993079586,474.0496453900709,932.1099290780141,471.16312056737587,426.42907801418437,714.0283687943263,832.9255319148937,1176.276595744681,549.3120567375887
288,414.78350515463916,501.69039145907476,917.2206405693951,490.9252669039146,426.2882562,721.0711743772242,815.1672597864768,1215.1886120996442,556.2989323843416
289,410.9656357388316,500.55516014234877,893.3024911032029,510.06405693950177,424.61921708185054,737.8149466,813.0142348754448,1249.1103202846975,573.7046263345196
290,410.5239726027397,480.69039145907476,895.8256227758008,524.4661921708185,420.6014234875445,741.1530249,821.2953736654804,1259.4483985765125,585.3345195729537
291,425.6996587030717,458.5800711743772,906,542.2846975088968,419.2170818505338,737.797153,839.6761565836299,1259.9893238434163,592.5266904
292,434.9863481228669,431.24381625441697,903.3215548,541.2367491166078,418.74558303886926,743.2014134275619,845.5901060070671,1274.4593639575971,603.6148409893993
293,442.6779661016949,422.9154929577465,879.5211267605633,533.8415492957746,420.19718309859155,752.9577464788732,845.5528169014085,1303.2535211267605,617.2464788732394
294,466.44897959183675,420.306338,871.9823943661971,538.75,418.443662,757.7218309859155,846.8626761,1318.855633802817,635.7183098591549
295,464.65646258503403,407.9823943661972,899.4577464788732,552.3028169014085,419.9330985915493,765.1302816901408,847.4084507042254,1342.6795774647887,657.2816901408451
296,441.9863481228669,409.88028169014086,896.6830985915493,554.7253521126761,415.78521126760563,772.7253521126761,839.8485915492957,1400.3239436619717,672.6338028169014
297,411.7448979591837,425.1333333333333,875.5508771929825,554.7087719298246,407.9263157894737,775.2561403508772,840.8842105263158,1462.778947368421,682.1719298245614
298,395.3898305084746,437.46153846153845,881.1958041958042,541.3111888111888,402.2027972027972,772.5804195804196,860.2202797202797,1509.2447552447552,698.3601398601398
299,398.92542372881354,449.4320557491289,899.3763066202091,526.4878048780488,392.7595818815331,759.1114982578397,879.5365853658536,1537.808362369338,710.2160278745645
300,405.1292517006803,467.5574912891986,906.8745644599303,535.1149825783972,385.8257839721254,749.5993031358885,905.4564459930314,1553.5783972125435,722.1358885017422
301,410.32312925170066,465.92387543252596,866.5397923875432,564.9411764705883,380.5432525951557,743,909.8200692041522,1542.840830449827,727.7508650519031
302,433.08843537414964,444.5605536,827.0311418685121,583.7993079584775,385.3771626297578,755.0761246,898.6885813148789,1570.235294117647,751.3148788927335
303,452.8191126279863,435.04137931034484,822.1344827586207,570.1068965517242,389.6448275862069,769.8586206896551,861.1482759,1587.5758620689655,773.2896551724137
304,463.4914675767918,427.57093425605535,828.5709342560554,554.2006920415225,387.38062283737025,781.5778546712803,846.6470588235294,1589.6193771626297,789.7750865051903
305,432.24232081911265,414.2852233676976,818.3127147766323,545.9793814,379.2852233676976,779.3470790378007,851.5635738831616,1601.319587628866,800.1924399
306,404.57679180887374,413.27147766323026,814.8591065292096,552.5670103092783,376.97250859106526,769.3195876,854.7079037800687,1647.3230240549829,817.1958762886597
307,400.5374149659864,411.3595890410959,803.2397260273973,554.3869863013699,374.97945205479454,752.9041095890411,841.5684932,1688.5205479452054,813.7123287671233
308,391.7040816326531,409.9146757679181,816.9044368600682,538.3583618,375.25255972696243,756.2969283276451,842.9897610921502,1732.051194539249,796.4197952218431
309,380.12286689419795,399.03071672354946,836.2935153583618,517.9385665529011,373.0136518771331,757.0546075085324,845.6587030716723,1757.3310580204777,786.6313993174061
310,394.3835616438356,395.94237288135594,829.3627118644068,497.2949152542373,362.6406779661017,737.3728813559322,840.6949152542373,1754.406779661017,775.3966101694915
311,414.31164383561645,415.17687074829934,824.7823129251701,491.3265306122449,355.0204081632653,731.5646258503401,845.4387755102041,1763.3639455782313,765.3095238095239
312,416.19112627986345,420.88775510204084,816.3741497,485.34013605442175,349.7108843537415,733.8877551020408,837.1972789115646,1754.108843537415,758.9115646258504
313,403.0068259385666,429.98976109215016,814.9829351535836,507.4402730375427,349,742.0443686006826,830.0307167235495,1776.617747440273,783.5494880546075
314,389.11224489795916,435.05442176870747,802.8299319727892,542.8197278911565,345.10884353741494,735.9319727891157,816.9489795918367,1787.8061224489795,800.2006802721088
315,389.4795918367347,419.4237288135593,790.3491525423728,560.4847457627119,338.82372881355934,732.2881355932203,804.5830508474576,1801.206779661017,788.1593220338983
316,378.54761904761904,413.81694915254235,777.7322033898305,561.1966101694916,331.8203389830509,734.9627118644067,802.2305084745763,1797.0101694915254,764.6203389830508
317,354.11224489795916,423.5442176870748,792.7517006802722,562.6870748299319,329.4829931972789,735.1530612244898,804.0340136054422,1794.421768707483,756.8197278911565
318,339.26962457337885,429.9217687,821.1054421768707,571.6088435374149,325.5952380952381,723.6360544217687,795.4047619047619,1749.1360544217687,762.8367346938776
319,338.4863014,441.8775510204082,826.0204081632653,580.3945578231293,320.4387755102041,717.9795918367347,777.3775510204082,1712.5,768.4795918367347
320,336.31849315068496,447.9146757679181,808.5665529010239,584.6791809,315.4129692832764,717.7064846416382,764.8395904,1702.9965870307167,759.1604096
321,325.6232876712329,454.3447098976109,788.5665529010239,598.3515358361775,304.38907849829354,714.3037542662116,757.2662116040956,1700.1160409556314,750.3412969283277
322,334.49484536082474,449.2593857,778.0511945392492,598.7542662116041,290.6928327645051,701.8293515358362,744.4368600682594,1712.4914675767918,757.9692832764505
323,343.18835616438355,417.4197952,757.0580204778157,589.4573378839591,283.7986348122867,676.5597269624574,720.6962457337884,1713.9180887372013,753.5597269624574
324,353.3264604810997,396.3945578231293,747.4727891156463,588.0272108843537,281.65646258503403,662.5578231292517,684.9421768707483,1681.4795918367347,736.7312925170068
325,372.39383561643837,391.8469387755102,739.9761904761905,581.3537414965987,276.02721088435374,666.1292517006802,656.7346939,1636.4455782312925,719.3911564625851
326,378.07560137457045,394.79180887372013,709.1296928327645,574.5153583617747,271.6382252559727,675.7098976109215,646.0750853242321,1607.3686006825938,712.1058020477816
327,374.3024054982818,382.18835616438355,685.9109589041096,570.6643835616438,271.50342465753425,674.8082191780821,631.3493150684932,1583.164383561644,718.3493150684932
328,369.35738831615123,363.5582191780822,673.5,561.5993150684932,271.99657534246575,669.5239726027397,605.3184932,1546.126712328767,722.6506849315068
329,382.6219931271478,348.98976109215016,661.3515358361775,540.4436860068259,270.31058020477815,667.1467576791808,581.1058020477816,1486.9283276450512,719.8293515358362
330,405.98293515358364,340.0068259385666,660.0784982935154,517.0784982935154,267.1672354948806,671.6860068259385,569.0409556313994,1444.013651877133,721.9556313993174
331,415.1870748,336.27891156462584,650.6734693877551,497.8945578231293,263.55442176870747,667.1224489795918,556.2448979591836,1429.2176870748299,721.8707482993198
332,401.6271186440678,330.1292517006803,642.5850340136054,489,259.51020408163265,653.6122448979592,546.4557823129252,1422.187074829932,730.952381
333,383.6531986531987,320.15986394557825,638.0952380952381,484.43197278911566,256.31972789115645,640.3163265306123,534.2380952380952,1400.8741496598639,748.9761904761905
334,385.23489932885906,314.38775510204084,631.3401360544218,474.6666666666667,253.09863945578232,626.7585034013606,528.547619,1388.9421768707482,759.8537414965987
335,396.96644295302013,309.6552901023891,635.3788395904437,463.0887372013652,253.06143344709898,617.8225255972696,543.5767918088737,1402.6484641638226,768.9726962457338
336,418.3265993265993,311.1575342465753,658.0136986,457.4691780821918,253.34931506849315,615.7842465753424,551.9075342465753,1410.6609589041095,766.8458904109589
337,415.0568562,310.67123287671234,668.4657534246576,459.2636986,252.78424657534248,619.7431506849315,544.0410958904109,1390.9383561643835,770.2431506849315
338,407.2615894039735,312.36986301369865,655.8869863013699,444.44520547945206,253.02397260273972,627.4589041095891,528.0171232876712,1355.486301369863,780.7465753424658
339,401.0953947368421,321.7079037800687,643.8041237113403,430.4295532646048,257.5257731958763,643.8865979381443,516.7044673539519,1330.1305841924398,787.2783505154639
340,385.79276315789474,321.03767123287673,633.2534246575342,432.49657534246575,259.36986301369865,653.8767123287671,510.98972602739724,1320.3801369863013,787.7671232876712
341,372.8655737704918,313.9106529209622,631.7010309278351,432.5360824742268,262.5532646,663.2439862542956,514.2130584,1345.2886597938145,811.9243986254296
342,365.54605263157896,312.5342465753425,620.2842465753424,421.6917808219178,262.0513698630137,668.0068493150685,517.9109589041096,1345.5034246575342,838.0787671232877
343,363.3627450980392,319.64261168384877,601.9965635738831,413.7044673539519,260.6632302405498,684.5154639175257,530.0790378006873,1326.1786941580756,858.0790378006873
344,379.7328990228013,320.2371134020619,583.8728522,422.29896907216494,260.4707903780069,696.9312714776632,540.1305841924399,1312.3367697594501,866.9725085910653
345,387.9580645,322.70103092783506,577.7422680412371,444.3470790378007,259.29896907216494,696.8350515463917,547.2508591065292,1316.295532646048,865.6907216494845
346,392.00319488817894,334.5807560137457,585.0481099656357,445.8109965635739,258.88316151202747,697.1649484536083,544.1099656357388,1322.6735395189003,849.9109589041096
347,393.7643312101911,340.9556313993174,581.6518771331058,439.9146757679181,257.19795221843003,701.0955631399318,530.5904436860068,1309.3617747440273,830.7883959044368
348,408.3949044585987,341,578.2176870748299,443.5238095238095,254.42176870748298,713.4387755102041,523.4217687,1300.360544217687,821.3843537414966
349,428.6984126984127,346.08813559322033,588.6135593220339,446.1694915254237,252.24067796610169,727.1864406779661,523.8508474576271,1317.4881355932202,822.9966101694915
350,447.5079365079365,354.003367,602.2693602693603,450.1885521885522,252.3771043771044,749.4343434343434,534.4612794612794,1357.1851851851852,827.6902356902357
351,468.3968253968254,357.66442953020135,617.3825503355705,456.2281879194631,252.58053691275168,786.4161073825503,557.9060402684564,1419.5302013422818,833.3020134228188
352,459.7809523809524,348.31879194630875,628.1577181208054,466.36241610738256,252.6208053691275,817.1979865771812,568.6409395973154,1483.5570469798658,832.1879194630873
353,458.6265823,335.6363636363636,641.8181818181819,472,255.62626262626262,835.8922558922559,557.6801346801346,1540.114478114478,827.6868686868687
354,411.73501577287067,328.9297658862876,632.6923076923077,465.6454849498328,255.16722408026754,841.3244147157191,552.7759197324415,1566.1103678929767,821.8060200668897
355,373.1167192429022,319.6788079470199,627.8211920529801,454.5165562913907,251.44701986754967,835.2847682119206,559.4470198675497,1566.8741721854306,817.8278145695364
356,369.27848101265823,313.56907894736844,638.75,451.45394736842104,249.64473684210526,832.9736842105264,566.5065789473684,1574.625,816.6842105263158
357,372.1898734177215,311.9046052631579,639.0822368421053,466.23355263157896,251.24671052631578,831.2796052631579,571.0361842105264,1596.0592105263158,807.2236842105264
358,373.9367088607595,312.51803278688527,628.9606557377049,473.7311475409836,251.9967213114754,831.9672131147541,576.2852459016393,1607.0590163934426,817.0754098360655
359,385.38607594936707,308.1118421052632,620.0822368421053,477.4506578947368,251.12828947368422,847.3782894736842,580.4802631578947,1635.717105263158,841.2927631578947
360,396.37142857142857,299.4901960784314,628.2163934426229,468.98688524590165,249.3344262295082,850.9673202614379,568.6405228758169,1647.5882352941176,835.6045751633987
361,391.2626582278481,304.9804560260586,637.7882736156351,453.51791530944627,249.56026058631923,848.2442996742672,561.4951140065147,1650.042345276873,838.4397394136807
362,390.6190476190476,302.27096774193546,634.8478964401295,442.6796116504854,248.90291262135923,830.7741935483871,560.9483870967742,1633.5193548387097,826.0193548387097
363,404.25714285714287,297.0670926517572,637.9584664536741,438.7156549520767,248.62300319488818,820.6453674121406,556.9297124600639,1600.849840255591,824.1086262
364,401.75555555555553,297.1496815286624,649.5700636942676,450.2070063694268,250.5859872611465,826.0254777070064,553.0031847133758,1578.3694267515923,830.5063694267516
365,405.9776357827476,295.4458598726115,649.2898089171974,467.5636942675159,250.13375796178343,831.0382165605096,549.9617834394904,1584.0987261146497,828.7547770700637
366,397.20127795527156,295.2031746031746,631.1174603174603,469.0952380952381,249.75238095238095,821.5555555555555,542.0253968253968,1596.695238095238,829.2253968253968
367,394.75,293.5047619047619,620.1238095238095,450.67301587301586,250.98095238095237,808.2,537.2,1587.1587301587301,839.3492063492064
368,404.15384615384613,288.768254,632.0095238095238,436.26666666666665,249.66666666666666,788.0666666666667,534.831746,1556.4190476190477,850.4507936507937
369,424.5209003215434,286.57460317460317,636.7111111111111,436.8253968253968,249.6888888888889,780.6063492063493,529.8698412698412,1531.2031746031746,853.5174603174603
370,436.0064102564103,281.25632911392404,630.0063291,437.71835443037975,248.48101265822785,796.6867088607595,512.0886075949367,1507.4050632911392,838.7246835443038
371,448.69453376205786,285.8012618,632.8391167,426.74763406940065,248.97791798107255,800.1608833,494.57097791798105,1475.949527,825.4637223974763
372,451.7202572347267,284.7160883280757,617.2744479495268,412.2050473,251.82018927444796,798.4826498422713,489.3470031545741,1451.3406940063091,825.3627760252366
373,440.2806451612903,279.2721518987342,610.9145569620254,401.7848101265823,255.22151898734177,808.9462025316456,484.0664556962025,1428.5791139240507,822.0031646
374,417.43225806451613,275.0221518987342,619.4620253164557,401.89240506329116,257.01582278481015,828.1202532,478.5221518987342,1405.2278481012659,816.5189873417721
375,399.5177993527508,275.3481012658228,626.6392405063291,407.7468354,260.0664556962025,857.2120253164557,483.4778481012658,1401.1550632911392,830.0886075949367
376,406.99675324675326,280.9145569620253,619.9335443037975,413.2120253164557,266.1107594936709,873.0221518987341,493.44620253164555,1414.9335443037974,853.1234177
377,450.5779220779221,274.07936507936506,601.2634920634921,427.1301587301587,270.77777777777777,868.0634921,498.7873015873016,1415.7142857142858,851.2761904761904
378,450.0485436893204,273.64126984126983,592.2825396825397,433.9555555555556,274.6857142857143,870.5886075949367,495.4367088607595,1409.012658227848,833.3860759493671
379,441.55016181229774,274.36825396825395,604.9492063492063,422.71746031746034,279.63174603174605,905.5873015873016,493.8222222222222,1433.6857142857143,822.7396825396826
380,413.961039,269.65714285714284,621.2539682539683,411.8825396825397,284.5777777777778,944.7174603174603,500.231746,1479.3428571428572,820.4190476190477
381,392.2077922077922,273.5809523809524,630.1079365079365,394.73015873015873,285.9714285714286,955.2317460317461,510.64761904761906,1518.968253968254,824.5142857142857
382,404,279.39297124600637,648.1948881789137,385.62300319488816,284.53035143769966,966.9233227,517.0543130990416,1544.1433121019109,825.2006369426751
383,404.3029315960912,277.49840255591056,655.5750798722045,388.6549520766773,286.7092651757188,974.629393,521.0670926517572,1573.3418530351437,836.0543130990416
384,399.0980392156863,280.6826923076923,658.8205128205128,392.78205128205127,292.99679487179486,984.0416666666666,532.0801282051282,1603.1153846153845,830.1634615384615
385,403.55555555555554,278.97435897435895,677.6538461538462,396.91987179487177,300.4102564102564,994.6762820512821,537.7564102564103,1621.1410256410256,816.0576923076923
386,422.55374592833874,279.45659163987136,707.0739549839228,407.6881028938907,306.0868167202572,1021.0578778135048,535.8135048231511,1645.1414790996785,810.5498392282958
387,433.19869706840393,281.61538461538464,711.0576923076923,415.6474358974359,305.03205128205127,1033.2820512820513,531.1442307692307,1671.9102564102564,804.5160256410256
388,421.01628664495115,282.45659163987136,712.1189710610932,425.84244372990355,309.86495176848877,1034.2926045016077,533.0096463022508,1704.668810289389,807.3086816720257
389,405.5309446254072,282.2411575562701,723.8520900321544,426.46945337620576,309.4405144694534,1043.3504823151125,523.1221864951768,1702.6237942122186,812.2122186495177
390,429.1307189542484,284.31290322580645,734.7161290322581,419.38709677419354,305.8290322580645,1063.4903225806452,504.15806451612906,1687.6225806451612,827.8129032258065
391,434.33986928104576,283.4967741935484,744.7161290322581,420.0516129032258,298.9741935483871,1068.6451612903227,486.8677419354839,1676.7548387096774,837.4225806451612
392,416.58496732026146,282.9935275080906,744.1359223300971,425.8317152,296.92233009708735,1072.0194174757282,484.0809061488673,1701.022653721683,825.1359223300971
393,376.3583061889251,282.38961038961037,730.038961,411.5974025974026,301.8246753246753,1070.4707792207791,495.2435064935065,1722.0194805194806,797.7857142857143
394,362.2442996742671,281.66343042071196,726.6363636363636,399.211039,310.7142857142857,1063.5469255663431,504.9644012944984,1723.8996763754046,781.1294498381877
395,384.27035830618894,283.3592233009709,739.4401294498382,408.0744336569579,315.9870550161812,1072.8349514563106,509.8317152,1726.9741100323624,774.5275080906149
396,347.742671,279.4854368932039,751.6343042071197,421.7378640776699,313.7055016,1075.8090614886733,508.59223300970876,1720.893203883495,766.4724919093851
397,345.31921824104234,282.461039,761.7564935064935,424.4123376623377,309.10064935064935,1065.9123376623377,516.4123376623377,1722.2597402597403,779.5032467532468
398,361.97394136807816,285.52272727272725,763.5746753246754,424.211039,305.24675324675326,1036.8733766233765,517.9188311688312,1705.7175324675325,789.0746753246754
399,395.6742671009772,282.81107491856676,765.9153094462541,411.91530944625407,306.87296416938113,1039.7394136807818,520.9348534201954,1709.485342019544,787.9022801302932
400,424.64820846905536,281.8143322,759.6384364820847,415.1954397394137,308.8566775,1049.5276872964168,517.8827361563518,1714.9185667752442,770.8664495114007
401,450.6547231270358,275.5261437908497,761.3692810457517,418.87254901960785,310.0424836601307,1052.8235294117646,505.7973856,1702.313725490196,779.4771241830065
402,460.512987,278.08496732026146,759.6045751633987,422.6405229,312.61764705882354,1044.4477124183006,487.77450980392155,1659.0424836601308,791.9673202614379
403,493.07766990291265,274.0488599348534,750.5700326,422.26058631921825,313.742671,1032.8762214983713,471.1726384364821,1601.3550488599349,778.2964169381107
404,500.15857605177996,271.88273615635177,748.3550488599349,418.9283388,311.93485342019545,1018.9185667752442,462.72964169381106,1586.1889250814331,772.2833876221498
405,471.62783171521033,273.8273615635179,749.3127035830619,417.78175895765474,308.6286645,1015.7296416938111,462.0488599348534,1587.2475570032573,789.2996743
406,454.93506493506493,273.8273615635179,758.6905537459284,409.0814332247557,309.39087947882734,1036.7589576547232,458.1628664495114,1558.2899022801303,815.5342019543974
407,446.1302931596091,276.0424836601307,774.2287581699346,398.0326797385621,316.75816993464053,1064.6339869281046,459.8496732026144,1552.8921568627452,843.1797385620915
408,429.30194805194805,274.2908496732026,754.3823529411765,383.52287581699346,323,1085.751633986928,463.76797385620915,1549.3039215686274,849.7483660130719
409,432.0453074433657,274.4117647058824,731.6339869281046,373.8333333333333,326.60130718954247,1107.5555555555557,461.1470588235294,1523.826797385621,846.0294117647059
410,451.4512987012987,268.78175895765474,716.8241042345277,364.11074918566777,326.0944625407166,1111.1335504885994,447.59934853420197,1504.1237785016287,826.4201954397394
411,458.1237785016287,271.41368078175896,709.1889250814332,372.44625407166126,329.08794788273616,1127.8990228013029,439.48208469055373,1488.4951140065148,802.4267100977198
412,446.6514657980456,265.8762214983713,718.2801302931596,389.4527687296417,331.1140065,1161.7687296416939,443.12052117263846,1483.530944625407,792.7654723127035
413,432.9283388,267.3289902,732.5960912052117,396.3029315960912,329.35179153094464,1165.641693811075,449.01628664495115,1485.3908794788274,797.713355
414,444.2065573770492,271.33224755700326,723.4104234527688,395.4201954397394,326.9283388,1135.859935,452.7459283387622,1479.371335504886,804.8371335504886
415,472.5657894736842,271.0293159609121,711.4462540716612,388.87947882736154,325.1302931596091,1114.742671009772,454.4788273615635,1474.5895765472312,800.3583061889251
416,462.73267326732673,276.3355048859935,708.9706840390879,385.3973941368078,326.7133550488599,1125.8762214983713,449.3680781758958,1461.2475570032573,804.5700326
417,428.7821782178218,281.6938110749186,715.5342019543974,388.8371335504886,323.8599348534202,1123.3387622149837,442.7882736156352,1434.6514657980456,816.6188925081433
418,421.1125828,280.99348534201954,726.9511400651465,390.2149837,322.9706840390879,1128.5798045602605,446.95765472312706,1404.8566775244299,822.5048859934853
419,417.2119205298013,283.41883116883116,727.1331168831168,395.90909090909093,322.33116883116884,1144.8181818181818,452.6753246753247,1351.4545454545455,831.3051948051948
420,395.9933554817276,281.2686084142395,724.8025889967638,401.2653721682848,323.05825242718447,1159.3559870550162,459.4336569579288,1346.915857605178,845.2038834951456
421,403.47333333333336,281.43689320388347,741.1359223300971,395.9158576,324.2718446601942,1149.7475728155339,467.7022653721683,1376.8640776699028,852.7637540453075
422,428.1438127090301,284.7831715210356,744.3171521035599,384.8673139158576,325.8122977346278,1142.2362459546925,460.68932038834953,1383.2621359223301,855.9352750809062
423,480.0033557,287.7857142857143,739.6038961038961,382.7597402597403,325.2792207792208,1159.7110389610389,454.8961038961039,1387.6688311688313,857.1493506493506
424,532.722973,289.64820846905536,726.9739413680782,374.4885993485342,326.56677524429966,1180.1596091205213,453.3713355,1384.2540716612377,857.7459283387623
425,535.7263513513514,285.80194805194805,698.3993506493506,369.31493506493507,332.84090909090907,1193.672077922078,449.9642857142857,1392.9610389610389,856.1168831168832
426,509.2567567567568,285.5242718446602,689.711039,370.3766233766234,337.13961038961037,1209.6148867313916,445.59546925566343,1405.4142394822006,843.4660194174758
427,490.0711864,292.7922077922078,718.8013029315961,367.59090909090907,335.3376623376623,1212.3344155844156,441.31493506493507,1408.3961038961038,849.0551948051948
428,443.51535836177476,292.0586319218241,746.8664495114007,363.50488599348535,328.76221498371336,1190.0684039087948,437.54397394136805,1429.0912052117264,860.6091205211726
429,409.61301369863014,288.40390879478826,756.0912052117263,358.79153094462544,325.12052117263846,1186.013029315961,439.6058631921824,1471.0749185667753,871.9837133550488
430,388.0962199312715,289.64820846905536,749.0162866449512,361.4104234527687,329.80781758957653,1199.641693811075,442.15960912052117,1476.1465798045604,888.3387622149837
431,391.05172413793105,287.8098360655738,739.3868852459017,373.5245901639344,336.95081967213116,1220.7409836065574,433.5377049180328,1445.616393442623,904.8754098360656
432,413.95862068965516,291.85855263157896,741.6710526,384.5131578947368,340.3421052631579,1233.7993421052631,415.4769736842105,1415.595394736842,910.6348684210526
433,423.27777777777777,297.65016501650166,754.9768977,389.7029702970297,344.42904290429044,1223.980198019802,403.1980198019802,1402.8118811881188,911.0165017
434,420.65034965034965,297.4026402640264,764.7293729372938,385.46534653465346,351.029703,1223.3564356435643,397.23762376237624,1376.023102310231,890.8613861386139
435,447.96153846153845,295.0331125827815,768.6589404,378.8675496688742,358.3874172,1240.2880794701987,397.94370860927154,1332.4801324503312,867.2615894039735
436,474.76491228070176,297.34437086092714,751.205298,369.15562913907286,361.13576158940396,1247.7350993377484,398.43046357615896,1289.6523178807947,859.4172185430464
437,495.8758865248227,299.7840531561462,734.8903654,355.3853820598007,357.3920265780731,1236.421926910299,398.7840531561462,1269.282392026578,857.1694352159468
438,516.6071428571429,297.8233333333333,738.64,345.15,354.8233333333333,1236.94,409.7966666666667,1268.6833333333334,855.52
439,480.9712230215827,297.39799331103677,724.2040133779265,339.87959866220734,350.18729096989966,1232.675585284281,414.96655518394647,1269.7826086956522,844.8026755852843
440,437.15579710144925,296.0536912751678,713.4932886,338.5,345.9127516778523,1228.1979865771812,403.41946308724835,1271.8557046979865,831.3456375838927
441,431.7282608695652,297.14864864864865,715.2466216216217,336.9662162162162,349.1655405405405,1245.912162162162,390.7804054054054,1271.706081081081,832.652027
442,434.94890510948903,300.4932432432432,717.6047297297297,338,347.5878378378378,1253.8918918918919,384.6655405405405,1257.8243243243244,838.8851351351351
443,433.06934306569343,301.625,714.9932432432432,336.6182432432432,341.52364864864865,1244.1587837837837,386.9256756756757,1255.0641891891892,841.3006756756756
444,445.6199262,300.4406779661017,722.5389830508475,330.56271186440677,340.6542372881356,1243.2372881355932,398.2271186440678,1252.7457627118645,855.1118644067797
445,455.30483271375465,295.4641638225256,711.2047781569966,316.8600682593857,345.10921501706486,1241.0273037542663,399.7986348122867,1232.9590443686006,854.3071672354948
446,452.1604478,295.9760273972603,701.0376712328767,315.42808219178085,348.63013698630135,1244.8219178082193,391.02054794520546,1221.5753424657535,840.8321918
447,451.2218045112782,296.3848797250859,696.7594501718213,317.2474226804124,346.20274914089345,1233.701030927835,395.25429553264604,1208.4810996563574,841.6975945017182
448,422.77566539923953,291.5551724137931,683.5586206896552,317.0551724137931,342.05172413793105,1211.6206896551723,402.4862068965517,1200.8137931034482,851.5551724137931
449,393.32183908045977,289.4172413793103,667.3620689655172,314.2689655172414,341.16896551724136,1188.4758620689656,398.38965517241377,1207.5793103448275,858.5068965517241
450,403.37692307692305,291.78819444444446,660.1944444444445,316.9270833333333,342.71180555555554,1168.1145833333333,387.9895833333333,1218.9965277777778,863.7256944444445
451,399.1361868,293.1888111888112,671.8846153846154,328.07342657342656,341.2237762237762,1137.4755244755245,384.1223776223776,1195.479020979021,863.5
452,388.8622047244094,292.8881118881119,688.8846153846154,335.9195804195804,338.6013986013986,1107.8076923076924,384.97202797202794,1176.2132867132866,860.1293706293707
453,372.96031746031747,286.87368421052633,711.7964912280702,323.42105263157896,332.5649122807018,1095.578947368421,372.2280701754386,1148.9157894736843,858.2561403508772
454,371.208,289.97872340425533,722.7340425531914,316.7411347517731,332.21985815602835,1109.5921985815603,361.677305,1127.4822695035461,873.4680851
455,368.09236947791163,293.2892857142857,715.5607142857143,316.175,336.37857142857143,1139.8607142857143,357.72857142857146,1096.9,875.6357142857142
456,400.1020408163265,299.07553956834533,706.0107913669065,311.6978417266187,342.40287769784175,1173.183453,357.8956834532374,1085.5359712230215,866.7589928057554
457,429.9344262295082,302.7355072463768,692.3913043478261,311.8152173913044,347.7463768115942,1195.7427536231885,363.8550724637681,1114.8333333333333,857.6159420289855
458,420.58196721311475,305.42028985507244,692.5833333333334,316.88,347.0326086956522,1176.213768115942,366.9021739130435,1129.876811594203,833.7717391304348
459,420.6570247933884,304.87226277372264,693.3868613138686,318.05839416058393,348.86131386861314,1160.1897810218977,367.64963503649636,1155.2883211678832,828.5255474452555
460,424.1092437,295.2335766423358,671.6970802919708,311.32481751824815,343.2007299270073,1146.4306569343066,366.8321167883212,1156.492700729927,834.3175182481751
461,424.97872340425533,298.7638376383764,668.7158671586716,303.2952029520295,340.75645756457567,1138.5756457564576,364.1660516605166,1142.0369003690037,851.2767527675277
462,421.10775862068965,300.48698884758363,661,309.5576208178439,342.0557620817844,1125.8029739776953,358.2118959107807,1122.4423791821562,853.8215613382899
463,421.0263157894737,292.4141791044776,649.2723880597015,318.38432835820896,339.0559701492537,1104.9440298507463,353.61567164179104,1088.4664179104477,858.4328358208955
464,443.27555555555557,287.84586466165416,647.7293233082706,314.5,334.5676691729323,1072.6766917293232,344.0187969924812,1045.8007518796992,861.3383458646616
465,467.3783783783784,288.49049429657794,671.4030418250951,306.7680608365019,336.18631178707227,1060.8403041825095,335.0874524714829,1023.0950570342205,840.4562737642585
466,435.7579908675799,286.62068965517244,683.6475096,296.9655172413793,340.55555555555554,1070.992337164751,332.68199233716473,1033.2758620689656,813.9885057471264
467,416.73364485981307,287.46153846153845,671.3115384615385,293.46923076923076,339.20384615384614,1087.3961538461538,338.65384615384613,1069.8,803.25
468,453.9905213270142,291.78988326848247,655.2490272373541,304.58365758754866,335.0856031128405,1110.6108949416343,343.4046692607004,1088.0038910505837,805.5486381322958
469,466.6442307692308,291.8937007874016,652.988189,317.4251968503937,333.9488188976378,1135.9330708661416,344.76377952755905,1091.0984251968505,805.1377952755905
470,422.12254901960785,292.17857142857144,642.0634921,312.57936507936506,339.39285714285717,1159.781746031746,345.51190476190476,1090.126984126984,798.2738095238095
471,381.2636815920398,292.96,643.676,304.604,348.428,1177.664,350.48,1093.664,797.72
472,369.90452261306535,289.46586345381525,653.9076305220883,288.43373493975906,348.7831325301205,1171.3654618473895,353.34939759036143,1108.5100401606426,786.5702811
473,375.7653061,291.1061224489796,639.8,286.8285714285714,344.39591836734695,1158.5428571428572,358.42857142857144,1126.734693877551,790.7510204081633
474,410.6839378238342,294.73770491803276,616.8770491803278,301.4918032786885,336.1557377,1121.5122950819673,355.53688524590166,1101.5819672131147,785.8285714285714
475,447.7552083333333,292.0204918032787,619.6680327868852,313.11475409836066,333.77868852459017,1089.295081967213,346.1639344262295,1075.4344262295083,787.2295081967213
476,482.4578947368421,291.0414937759336,636.9128630705394,310.7095435684647,335,1079.3153526970955,341.74380165289256,1051.4462809917356,791.5826446280992
477,534.8763440860215,293.16386554621846,654.4495798319327,311.23949579831935,333.84453781512605,1067.861344537815,345.20588235294116,1039.7773109243697,789.8151260504202
478,566.1912568306011,293.74893617021274,659.7276595744681,316.68936170212766,328.2808510638298,1061.136170212766,343.8978723404255,1035.468085106383,794.9106382978723
479,519.1043956043956,288.2586206896552,651.9310344827586,313.6034482758621,322.3189655172414,1062.7456896551723,338.4655172413793,1020.7586206896551,808.5560344827586
480,484.5056179775281,286.7236842105263,650.0526315789474,310.17105263157896,324.63157894736844,1070.5131578947369,335.17105263157896,983.8377192982456,809.7061403508771
481,473.8457142857143,290.1822222222222,651.4666666666667,310.2088888888889,332.7911111111111,1087.8977777777777,328.08,942.9466666666667,805.0177777777777
482,528.3542857142858,298.9864864864865,641.6351351351351,307.9189189189189,335.35135135135135,1131.945945945946,318.9594594594595,918.8738738738739,791.8918918918919
483,586.5380116959064,287.92237442922374,639.2739726027397,306.1415525114155,330.9726027,1173.8082191780823,311.7488584474886,903.1826484018264,776.1643835616438
484,599.0783132530121,290.07943925233644,651.7558685,308.05164319248826,332.35046728971963,1180.0794392523364,309.71495327102804,895.7476635514018,768.8317757009346
485,558.7975460122699,291.8767772511848,647.7345971563981,305.8341232227488,334.9952606635071,1153.0426540284361,307.6255924170616,889.3175355450237,766.5497630331754
486,488.65408805031444,292.02884615384613,629.0384615384615,309.28846153846155,330.94711538461536,1121.9278846153845,309.6442307692308,884.7836538461538,779.9567307692307
487,424.1666666666667,291.5147058823529,595.7352941176471,307.61764705882354,327.8921568627451,1090.8186274509803,318.0098039215686,880.4901960784314,794.8529411764706
488,378.82894736842104,290.9502487562189,583.3880597014926,302.03980099502485,327.3731343283582,1049.8457711442786,321.681592,887.7263682,785.4079602
489,395.5704697986577,291.2361809045226,590.8442211055276,301.9748743718593,325.2814070351759,1006.8140703517588,313.39195979899495,896.3869346733668,782.8090452261307
490,410.42857142857144,295.5357142857143,592.6581632653061,308.48979591836735,318.0255102040816,978.8163265306123,304.48979591836735,887.9183673469388,785.3622448979592
491,436.0486111111111,302.7823834196891,586.3711340206186,315.32124352331607,309.8756476683938,977.9587628865979,301.2383419689119,872.8247422680413,770.7680412371134
492,468.09154929577466,298.0208333333333,577.1302083333334,318.0729166666667,306.5885416666667,982.9739583333334,293.296875,867.2864583333334,752.3125
493,520.5827338129496,299.70526315789476,565.1736842105263,318.70526315789476,308.7736842105263,986.5315789473684,292.93684210526317,850.2473684210527,744.2473684210527
494,534.7058823529412,313.68817204301075,565.0107527,322.19354838709677,315.2903225806452,1003.3387096774194,306.09139784946234,817.8978494623656,755.5537634408602
495,505.4848484848485,319.75956284153006,576.4480874,307.2841530054645,325.04371584699453,1006.3989071038251,315.3497267759563,796.9562841530054,759.1147540983607
496,480.6640625,307.44505494505495,582.5439560439561,291.489011,322.2142857142857,972.5714285714286,305.31868131868134,787.2307692307693,745.6868131868132
497,433.1626016260163,307.92134831460675,590.7247191011236,291.0842696629214,309.59550561797755,961.7584269662922,296.7696629213483,774.7247191011236,753.6460674157304
498,342.0416666666667,303.97714285714284,610.5085714285714,292.6457142857143,295.7257142857143,970.7142857142857,297.90285714285716,774.7657142857142,766.8685714285714
499,313.3565217391304,289.56,614.1428571428571,279.37142857142857,284.74285714285713,927.6685714285715,293.1542857142857,793.7657142857142,749.8342857142857
500,,294.5672514619883,606.2631578947369,278.17543859649123,279.9532164,880.2631578947369,299.05263157894734,822.8304093567251,734.1520467836257
501,,305.58787878787876,581.3030303030303,285.46666666666664,277.8242424242424,866.8303030303031,312.8181818181818,849.9939393939394,730.8674698795181
502,,296.52147239263803,558.4049079754601,283.65644171779144,268.2515337423313,843.4662576687117,307.53374233128835,840.3435582822086,734
503,,306.0628931,547.6540880503145,291.0503144654088,267.6352201257862,822.1823899371069,303.2138364779874,832.9559748427673,740.2389937106918
504,,300.56410256410254,546.8269230769231,290.9161290322581,269.9290322580645,804.8717948717949,306.1794871794872,834.0961538461538,721.3589743589744
505,,309.10526315789474,554.2631578947369,291.6842105263158,269.57236842105266,810.0131578947369,311.01973684210526,825.1710526,712.125
506,,322.3288590604027,553.6979865771812,293.5704697986577,271.6577181208054,809.5771812080537,304.18791946308727,790.0805369127517,726.1342281879195
507,,316.86394557823127,542.6462585034013,294.80272108843536,265.2448979591837,804.4761904761905,289.5646258503401,751.6938775510204,732.1972789115646
508,,303.9861111111111,542.7430555555555,293.15972222222223,255.05555555555554,781.8263888888889,286.1111111111111,726.0344827586207,712.8827586206896
509,,305.72535211267603,543.8802816901408,282.4225352112676,247.64788732394365,750.8169014084507,280.15492957746477,704.4154929577464,687.443662
510,,314.0215827,536.7266187,267.61870503597123,249.55395683453239,745.5971223021583,276.8561151079137,691.4748201438849,665.3309352517986
511,,310.56617647058823,510.6029411764706,259.34558823529414,253.0808823529412,763.5735294117648,276.1617647058824,702.0882352941177,645.0882352941177
512,,304.9621212121212,505.969697,266.1212121212121,254.31060606060606,768.0378787878788,285.0681818181818,709.6060606060606,653.0681818181819
513,,300.859375,508.8046875,271.0625,248.3671875,745.9375,287.9609375,696.0703125,662.453125
514,,301.5691056910569,506.2845528455285,276.4796748,244.3089430894309,748.7154471544716,282.8536585365854,672.2926829268292,663.8780487804878
515,,300.81666666666666,487.275,270.5416666666667,240.41666666666666,751.65,276.59166666666664,649.825,666.4416666666667
516,,297.4347826086956,469.5826086956522,258.5739130434783,241.28070175438597,759.0086957,280.6,656.3130434782609,693.8782608695652
517,,298.1559633027523,456.9724770642202,247.09174311926606,241.09174311926606,758.1100917431193,281.45871559633025,675.6146788990826,696.2201834862385
518,,313.4313725490196,472.5686274509804,263.38235294117646,247.41176470588235,780.4901960784314,283.0686274509804,710.4705882352941,696.4215686274509
519,,301.7653061,491.14285714285717,273.1530612244898,247.71428571428572,788.9285714285714,277.14285714285717,724.9591836734694,679.6428571428571
520,,311.4946237,510.9032258064516,276.1505376344086,256.48387096774195,789.0430107526881,276.7204301075269,744.0322580645161,690.0860215053764
521,,297.46153846153845,497.9120879120879,270.5824175824176,249.5054945054945,760.4835164835165,269.2087912087912,727.2087912087912,697.9450549
522,,305.3488372093023,506.54651162790697,276.45348837209303,247.54651162790697,765.6744186046511,279.86046511627904,760.8604651162791,719.3837209302326
523,,307.93975903614455,502.49397590361446,276.04819277108436,242.59036144578315,744.4337349,286.68674698795184,765.5421686746988,702.2530120481928
524,,301.0975609756098,488.4390243902439,270.2317073170732,239.65853658536585,723.1951219512196,286.3658536585366,722.4390244,650.6585365853658
525,,301.8076923076923,514.5,273.4102564102564,255.1153846153846,766.7692307692307,290.44871794871796,729.2564102564103,635.9487179487179
526,,299.62666666666667,539.7866666666666,270.06666666666666,259.7866666666667,780.2933333333333,283.92,726.56,637.5066666666667
527,,296.5416666666667,558.2222222222222,265.7638888888889,252.11111111111111,772.75,281.93055555555554,715.7083333333334,652.0555555555555
528,,290.22857142857146,576.0285714285715,246.61428571428573,255.61428571428573,751.0714285714286,279.77142857142854,707.8857142857142,660.4
529,,281.4776119402985,562.2238806,237.47761194029852,266.0149253731343,732.2835820895523,272.8059701492537,726.1492537313433,644.6567164179105
530,,285.2096774193548,564.8870967741935,252.17741935483872,268.85483870967744,768.5967741935484,277.7096774193548,775.8225806451613,648.6774193548387
531,,291.3442623,546.2131147540983,256.40983606557376,256.55737704918033,758.4426229508197,268.59016393442624,755.4262295081967,641.7213114754098
532,,301.10714285714283,549.4035087719299,272.5263157894737,257.96491228070175,760.8245614035088,271.03508771929825,745.8070175438596,647.7192982
533,,300.4074074074074,545.2037037037037,267.4259259259259,269.14814814814815,760.2777777777778,274.55555555555554,735,622.1851851851852
534,,303.4230769230769,577.6730769230769,257.96153846153845,276.84615384615387,788.9038461538462,278.11538461538464,703.7692307692307,602.9423076923077
535,,315.3061224489796,631.1428571428571,271.1224489795918,280.3265306122449,826.1428571428571,291.14285714285717,672.5510204081633,622.4081632653061
536,,314.6938775510204,611.5102040816327,291.42857142857144,268.8979591836735,765.1020408163265,288.59183673469386,652.0816326530612,613.6326530612245
537,,312.625,598.9791666666666,325.8541666666667,261.375,728.2916666666666,284.7708333333333,666.5833333333334,604.8541666666666
538,,311.0416666666667,595.7916666666666,342.6041666666667,261.3333333333333,724.75,283.3958333333333,655.4791666666666,595.5416666666666
539,,308.5625,543.4375,320.375,260.0625,707.875,275.8125,624.8125,594.0625
540,,296.6458333333333,495.6666666666667,286.375,250.60416666666666,686,261.7083333333333,586.0625,586.2083333333334
541,,308.06666666666666,495.64444444444445,269.44444444444446,260.0444444444444,710.2444444444444,266.53333333333336,585.9111111111112,584.4666666666667
542,,305.8863636363636,515.1136363636364,266.8636363636364,265.47727272727275,713.8409090909091,264.4318181818182,574.2954545454545,545.75
543,,302.1136363636364,540.1590909090909,270.47727272727275,259.90909090909093,698.6136363636364,262.3181818181818,560.5909090909091,501.8181818181818
544,,290.79545454545456,540.3181818181819,267.15909090909093,242.72727272727272,678.6363636363636,258.8636363636364,542.9545454545455,467.8636363636364
545,,269.4761904761905,580.3571428571429,252.4047619047619,241.78571428571428,699.2380952380952,265.8809523809524,557.9761904761905,460.23809523809524
546,,267.0769230769231,580.6666666666666,244.10256410256412,252.74358974358975,711.5128205128206,269.05128205128204,594.1025641025641,465.9230769230769
547,,259.22222222222223,553.6111111111111,218.69444444444446,260.8888888888889,669.3333333333334,269.80555555555554,595.5277777777778,476.5
548,,265.875,541.40625,214.625,266.4375,630.875,284,574.28125,477.40625
,,,,,,,,,
,,,,,,,,,
,,,,,,,,,
,,,,,,,,,
