gene,stage,stage_index,specimen_label,exon,intron,complete_pair
KR,1.1,1,1,7.0,5.0,True
KR,1.1,1,2,7.0,18.0,True
KR,1.1,1,3,9.0,17.0,True
KR,1.1,1,4,7.0,12.0,True
KR,1.1,1,5,12.0,18.0,True
KR,1.2,2,1,45.0,33.0,True
KR,1.2,2,2,12.0,2.0,True
KR,1.2,2,3,79.0,50.0,True
KR,1.2,2,4,72.0,38.0,True
KR,1.2,2,5,74.0,42.0,True
KR,1.3,3,1,131.0,55.0,True
KR,1.3,3,2,56.0,29.0,True
KR,1.3,3,3,25.0,12.0,True
KR,1.3,3,4,84.0,48.0,True
KR,1.3,3,5,79.0,39.0,True
KR,2.1,4,1,183.0,86.0,True
KR,2.1,4,2,93.0,72.0,True
KR,2.1,4,3,51.0,21.0,True
KR,2.1,4,4,69.0,56.0,True
KR,2.1,4,5,28.0,24.0,True
KR,2.2,5,1,83.0,124.0,True
KR,2.2,5,2,803.0,157.0,True
KR,2.2,5,3,971.0,234.0,True
KR,2.2,5,4,208.0,123.0,True
KR,2.2,5,5,262.0,154.0,True
KR,2.3,6,1,1042.0,332.0,True
KR,2.3,6,2,206.0,152.0,True
KR,2.3,6,3,541.0,191.0,True
KR,2.3,6,4,557.0,194.0,True
KR,2.3,6,5,879.0,225.0,True
KR,3.1,7,1,1134.0,421.0,True
KR,3.1,7,2,1318.0,358.0,True
KR,3.1,7,3,1402.0,372.0,True
KR,3.1,7,4,1026.0,350.0,True
KR,3.1,7,5,960.0,369.0,True
KR,3.2,8,1,1609.0,400.0,True
KR,3.2,8,2,1479.0,365.0,True
KR,3.2,8,3,1079.0,659.0,True
KR,3.2,8,4,1400.0,288.0,True
KR,3.2,8,5,,,False
KR,3.3,9,1,683.0,108.0,True
KR,3.3,9,2,617.0,18.0,True
KR,3.3,9,3,408.0,60.0,True
KR,3.3,9,4,414.0,94.0,True
KR,3.3,9,5,399.0,86.0,True
KR,4.1,10,1,425.0,53.0,True
KR,4.1,10,2,222.0,27.0,True
KR,4.1,10,3,159.0,23.0,True
KR,4.1,10,4,185.0,83.0,True
KR,4.1,10,5,,,False
KR,4.2,11,1,83.0,15.0,True
KR,4.2,11,2,228.0,7.0,True
KR,4.2,11,3,1.0,5.0,True
KR,4.2,11,4,48.0,14.0,True
KR,4.2,11,5,128.0,6.0,True
KR,4.3,12,1,4.0,11.0,True
KR,4.3,12,2,19.0,9.0,True
KR,4.3,12,3,13.0,17.0,True
KR,4.3,12,4,34.0,17.0,True
KR,4.3,12,5,32.0,14.0,True
KR,5.1,13,1,10.0,1.0,True
KR,5.1,13,2,9.0,5.0,True
KR,5.1,13,3,1.0,15.0,True
KR,5.1,13,4,20.0,18.0,True
KR,5.1,13,5,34.0,10.0,True
KR,5.2,14,1,20.0,2.0,True
KR,5.2,14,2,7.0,5.0,True
KR,5.2,14,3,6.0,22.0,True
KR,5.2,14,4,25.0,29.0,True
KR,5.2,14,5,6.0,-33.0,True
KR,5.3,15,1,8.0,14.0,True
KR,5.3,15,2,5.0,8.0,True
KR,5.3,15,3,4.0,17.0,True
KR,5.3,15,4,8.0,4.0,True
KR,5.3,15,5,8.0,11.0,True
KR,6.1,16,1,20.0,11.0,True
KR,6.1,16,2,11.0,6.0,True
KR,6.1,16,3,28.0,10.0,True
KR,6.1,16,4,6.0,18.0,True
KR,6.1,16,5,16.0,13.0,True
KR,6.2,17,1,7.0,8.0,True
KR,6.2,17,2,5.0,14.0,True
KR,6.2,17,3,3.0,11.0,True
KR,6.2,17,4,27.0,19.0,True
KR,6.2,17,5,7.0,7.0,True
KR,6.3,18,1,5.0,7.0,True
KR,6.3,18,2,9.0,7.0,True
KR,6.3,18,3,9.0,8.0,True
KR,6.3,18,4,8.0,8.0,True
KR,6.3,18,5,7.0,8.0,True
KR,7.1,19,1,7.0,11.0,True
KR,7.1,19,2,3.0,18.0,True
KR,7.1,19,3,22.0,4.0,True
KR,7.1,19,4,12.0,8.0,True
KR,7.1,19,5,,,False
KR,7.2,20,1,6.0,9.0,True
KR,7.2,20,2,12.0,19.0,True
KR,7.2,20,3,7.0,8.0,True
KR,7.2,20,4,7.0,3.0,True
KR,7.2,20,5,,,False
KR,7.3,21,1,6.0,9.0,True
KR,7.3,21,2,8.0,9.0,True
KR,7.3,21,3,3.0,7.0,True
KR,7.3,21,4,14.0,9.0,True
KR,7.3,21,5,9.0,21.0,True
KR,8.1,22,1,7.0,25.0,True
KR,8.1,22,2,12.0,12.0,True
KR,8.1,22,3,35.0,6.0,True
KR,8.1,22,4,9.0,9.0,True
KR,8.1,22,5,16.0,3.0,True
KR,8.2,23,1,18.0,5.0,True
KR,8.2,23,2,8.0,13.0,True
KR,8.2,23,3,16.0,17.0,True
KR,8.2,23,4,11.0,6.0,True
KR,8.2,23,5,3.0,3.0,True
KR,8.3,24,1,21.0,10.0,True
KR,8.3,24,2,5.0,11.0,True
KR,8.3,24,3,7.0,4.0,True
KR,8.3,24,4,7.0,7.0,True
KR,8.3,24,5,13.0,12.0,True
MLPT,1.1,1,1,6.0,13.0,True
MLPT,1.1,1,2,12.0,14.0,True
MLPT,1.1,1,3,23.0,22.0,True
MLPT,1.1,1,4,20.0,23.0,True
MLPT,1.1,1,5,11.0,15.0,True
MLPT,1.2,2,1,26.0,24.0,True
MLPT,1.2,2,2,23.0,25.0,True
MLPT,1.2,2,3,21.0,33.0,True
MLPT,1.2,2,4,14.0,18.0,True
MLPT,1.2,2,5,9.0,10.0,True
MLPT,1.3,3,1,39.0,38.0,True
MLPT,1.3,3,2,42.0,29.0,True
MLPT,1.3,3,3,32.0,24.0,True
MLPT,1.3,3,4,34.0,23.0,True
MLPT,1.3,3,5,21.0,15.0,True
MLPT,2.1,4,1,77.0,74.0,True
MLPT,2.1,4,2,12.0,16.0,True
MLPT,2.1,4,3,31.0,23.0,True
MLPT,2.1,4,4,51.0,33.0,True
MLPT,2.1,4,5,21.0,16.0,True
MLPT,2.2,5,1,84.0,54.0,True
MLPT,2.2,5,2,104.0,64.0,True
MLPT,2.2,5,3,76.0,117.0,True
MLPT,2.2,5,4,179.0,67.0,True
MLPT,2.2,5,5,347.0,125.0,True
MLPT,2.3,6,1,84.0,51.0,True
MLPT,2.3,6,2,509.0,185.0,True
MLPT,2.3,6,3,266.0,171.0,True
MLPT,2.3,6,4,588.0,228.0,True
MLPT,2.3,6,5,522.0,270.0,True
MLPT,3.1,7,1,662.0,273.0,True
MLPT,3.1,7,2,524.0,313.0,True
MLPT,3.1,7,3,630.0,259.0,True
MLPT,3.1,7,4,449.0,287.0,True
MLPT,3.1,7,5,662.0,255.0,True
MLPT,3.2,8,1,1010.0,397.0,True
MLPT,3.2,8,2,930.0,384.0,True
MLPT,3.2,8,3,940.0,375.0,True
MLPT,3.2,8,4,807.0,442.0,True
MLPT,3.2,8,5,758.0,432.0,True
MLPT,3.3,9,1,1022.0,480.0,True
MLPT,3.3,9,2,999.0,437.0,True
MLPT,3.3,9,3,914.0,401.0,True
MLPT,3.3,9,4,754.0,317.0,True
MLPT,3.3,9,5,804.0,294.0,True
MLPT,4.1,10,1,665.0,232.0,True
MLPT,4.1,10,2,651.0,246.0,True
MLPT,4.1,10,3,551.0,130.0,True
MLPT,4.1,10,4,534.0,90.0,True
MLPT,4.1,10,5,532.0,135.0,True
MLPT,4.2,11,1,222.0,160.0,True
MLPT,4.2,11,2,512.0,47.0,True
MLPT,4.2,11,3,385.0,110.0,True
MLPT,4.2,11,4,371.0,165.0,True
MLPT,4.2,11,5,365.0,103.0,True
MLPT,4.3,12,1,350.0,45.0,True
MLPT,4.3,12,2,211.0,101.0,True
MLPT,4.3,12,3,220.0,63.0,True
MLPT,4.3,12,4,217.0,33.0,True
MLPT,4.3,12,5,205.0,27.0,True
MLPT,5.1,13,1,36.0,30.0,True
MLPT,5.1,13,2,9.0,21.0,True
MLPT,5.1,13,3,45.0,9.0,True
MLPT,5.1,13,4,54.0,59.0,True
MLPT,5.1,13,5,40.0,16.0,True
MLPT,5.2,14,1,90.0,52.0,True
MLPT,5.2,14,2,110.0,38.0,True
MLPT,5.2,14,3,49.0,24.0,True
MLPT,5.2,14,4,76.0,59.0,True
MLPT,5.2,14,5,31.0,65.0,True
MLPT,5.3,15,1,74.0,83.0,True
MLPT,5.3,15,2,106.0,39.0,True
MLPT,5.3,15,3,93.0,89.0,True
MLPT,5.3,15,4,66.0,31.0,True
MLPT,5.3,15,5,108.0,38.0,True
MLPT,6.1,16,1,168.0,94.0,True
MLPT,6.1,16,2,131.0,63.0,True
MLPT,6.1,16,3,133.0,87.0,True
MLPT,6.1,16,4,116.0,71.0,True
MLPT,6.1,16,5,143.0,88.0,True
MLPT,6.2,17,1,157.0,133.0,True
MLPT,6.2,17,2,345.0,199.0,True
MLPT,6.2,17,3,305.0,157.0,True
MLPT,6.2,17,4,296.0,187.0,True
MLPT,6.2,17,5,308.0,192.0,True
MLPT,6.3,18,1,357.0,250.0,True
MLPT,6.3,18,2,370.0,220.0,True
MLPT,6.3,18,3,433.0,268.0,True
MLPT,6.3,18,4,601.0,297.0,True
MLPT,6.3,18,5,375.0,293.0,True
MLPT,7.1,19,1,1258.0,608.0,True
MLPT,7.1,19,2,936.0,455.0,True
MLPT,7.1,19,3,1234.0,482.0,True
MLPT,7.1,19,4,1000.0,489.0,True
MLPT,7.1,19,5,949.0,526.0,True
MLPT,7.2,20,1,1190.0,339.0,True
MLPT,7.2,20,2,1128.0,458.0,True
MLPT,7.2,20,3,1282.0,351.0,True
MLPT,7.2,20,4,1160.0,496.0,True
MLPT,7.2,20,5,1256.0,375.0,True
MLPT,7.3,21,1,246.0,10.0,True
MLPT,7.3,21,2,171.0,17.0,True
MLPT,7.3,21,3,239.0,22.0,True
MLPT,7.3,21,4,266.0,43.0,True
MLPT,7.3,21,5,209.0,54.0,True
MLPT,8.1,22,1,34.0,24.0,True
MLPT,8.1,22,2,21.0,15.0,True
MLPT,8.1,22,3,20.0,23.0,True
MLPT,8.1,22,4,26.0,20.0,True
MLPT,8.1,22,5,,,False
MLPT,8.2,23,1,12.0,13.0,True
MLPT,8.2,23,2,18.0,15.0,True
MLPT,8.2,23,3,22.0,16.0,True
MLPT,8.2,23,4,18.0,6.0,True
MLPT,8.2,23,5,,,False
MLPT,8.3,24,1,8.0,9.0,True
MLPT,8.3,24,2,12.0,11.0,True
MLPT,8.3,24,3,28.0,17.0,True
MLPT,8.3,24,4,22.0,23.0,True
MLPT,8.3,24,5,8.0,7.0,True
SVB,1.1,1,1,21.0,5.0,True
SVB,1.1,1,2,38.0,43.0,True
SVB,1.1,1,3,31.0,34.0,True
SVB,1.1,1,4,75.0,57.0,True
SVB,1.1,1,5,39.0,40.0,True
SVB,1.2,2,1,206.0,125.0,True
SVB,1.2,2,2,181.0,173.0,True
SVB,1.2,2,3,193.0,135.0,True
SVB,1.2,2,4,209.0,54.0,True
SVB,1.2,2,5,218.0,74.0,True
SVB,1.3,3,1,311.0,182.0,True
SVB,1.3,3,2,273.0,153.0,True
SVB,1.3,3,3,233.0,145.0,True
SVB,1.3,3,4,212.0,155.0,True
SVB,1.3,3,5,221.0,138.0,True
SVB,2.1,4,1,274.0,237.0,True
SVB,2.1,4,2,520.0,227.0,True
SVB,2.1,4,3,426.0,224.0,True
SVB,2.1,4,4,396.0,217.0,True
SVB,2.1,4,5,407.0,243.0,True
SVB,2.2,5,1,520.0,378.0,True
SVB,2.2,5,2,836.0,396.0,True
SVB,2.2,5,3,797.0,323.0,True
SVB,2.2,5,4,541.0,317.0,True
SVB,2.2,5,5,547.0,331.0,True
SVB,2.3,6,1,871.0,404.0,True
SVB,2.3,6,2,953.0,420.0,True
SVB,2.3,6,3,707.0,432.0,True
SVB,2.3,6,4,738.0,475.0,True
SVB,2.3,6,5,777.0,442.0,True
SVB,3.1,7,1,967.0,508.0,True
SVB,3.1,7,2,1072.0,493.0,True
SVB,3.1,7,3,1031.0,537.0,True
SVB,3.1,7,4,957.0,522.0,True
SVB,3.1,7,5,,,False
SVB,3.2,8,1,1068.0,520.0,True
SVB,3.2,8,2,1186.0,548.0,True
SVB,3.2,8,3,1157.0,565.0,True
SVB,3.2,8,4,1059.0,594.0,True
SVB,3.2,8,5,1223.0,566.0,True
SVB,3.3,9,1,667.0,207.0,True
SVB,3.3,9,2,663.0,278.0,True
SVB,3.3,9,3,887.0,253.0,True
SVB,3.3,9,4,638.0,231.0,True
SVB,3.3,9,5,925.0,202.0,True
SVB,4.1,10,1,416.0,189.0,True
SVB,4.1,10,2,306.0,175.0,True
SVB,4.1,10,3,273.0,223.0,True
SVB,4.1,10,4,408.0,135.0,True
SVB,4.1,10,5,422.0,126.0,True
SVB,4.2,11,1,235.0,151.0,True
SVB,4.2,11,2,559.0,226.0,True
SVB,4.2,11,3,385.0,180.0,True
SVB,4.2,11,4,351.0,219.0,True
SVB,4.2,11,5,273.0,150.0,True
SVB,4.3,12,1,227.0,148.0,True
SVB,4.3,12,2,464.0,168.0,True
SVB,4.3,12,3,327.0,212.0,True
SVB,4.3,12,4,213.0,150.0,True
SVB,4.3,12,5,,,False
SVB,5.1,13,1,209.0,116.0,True
SVB,5.1,13,2,432.0,235.0,True
SVB,5.1,13,3,421.0,216.0,True
SVB,5.1,13,4,448.0,245.0,True
SVB,5.1,13,5,407.0,246.0,True
SVB,5.2,14,1,526.0,227.0,True
SVB,5.2,14,2,846.0,263.0,True
SVB,5.2,14,3,555.0,502.0,True
SVB,5.2,14,4,522.0,388.0,True
SVB,5.2,14,5,692.0,277.0,True
SVB,5.3,15,1,839.0,636.0,True
SVB,5.3,15,2,1028.0,381.0,True
SVB,5.3,15,3,683.0,401.0,True
SVB,5.3,15,4,804.0,394.0,True
SVB,5.3,15,5,960.0,472.0,True
SVB,6.1,16,1,1357.0,664.0,True
SVB,6.1,16,2,1393.0,561.0,True
SVB,6.1,16,3,1063.0,663.0,True
SVB,6.1,16,4,998.0,425.0,True
SVB,6.1,16,5,1033.0,640.0,True
SVB,6.2,17,1,1338.0,795.0,True
SVB,6.2,17,2,1569.0,716.0,True
SVB,6.2,17,3,1175.0,663.0,True
SVB,6.2,17,4,1239.0,669.0,True
SVB,6.2,17,5,1621.0,644.0,True
SVB,6.3,18,1,1647.0,819.0,True
SVB,6.3,18,2,1653.0,778.0,True
SVB,6.3,18,3,1197.0,676.0,True
SVB,6.3,18,4,1179.0,725.0,True
SVB,6.3,18,5,,,False
SVB,7.1,19,1,1353.0,609.0,True
SVB,7.1,19,2,1370.0,592.0,True
SVB,7.1,19,3,1591.0,650.0,True
SVB,7.1,19,4,1536.0,706.0,True
SVB,7.1,19,5,1063.0,579.0,True
SVB,7.2,20,1,1354.0,593.0,True
SVB,7.2,20,2,1239.0,606.0,True
SVB,7.2,20,3,1345.0,588.0,True
SVB,7.2,20,4,1165.0,564.0,True
SVB,7.2,20,5,1384.0,533.0,True
SVB,7.3,21,1,895.0,268.0,True
SVB,7.3,21,2,730.0,301.0,True
SVB,7.3,21,3,622.0,251.0,True
SVB,7.3,21,4,858.0,319.0,True
SVB,7.3,21,5,657.0,352.0,True
SVB,8.1,22,1,685.0,291.0,True
SVB,8.1,22,2,804.0,256.0,True
SVB,8.1,22,3,634.0,261.0,True
SVB,8.1,22,4,508.0,233.0,True
SVB,8.1,22,5,773.0,225.0,True
SVB,8.2,23,1,522.0,185.0,True
SVB,8.2,23,2,537.0,137.0,True
SVB,8.2,23,3,310.0,98.0,True
SVB,8.2,23,4,440.0,23.0,True
SVB,8.2,23,5,,,False
SVB,8.3,24,1,423.0,105.0,True
SVB,8.3,24,2,297.0,112.0,True
SVB,8.3,24,3,323.0,128.0,True
SVB,8.3,24,4,272.0,99.0,True
SVB,8.3,24,5,240.0,37.0,True
