path,sha256,bytes,source_name,source_url,figures
data/spatial/exonic/Stage3_3/EMB_1.csv,91a2fb517e782a545810e5eb5e96c0c8e11161cab285d1c71f1ab1de69aa840f,56641,mrna/Stage3_3/EMB_1.csv,https://drive.google.com/file/d/1Muj-8lIUyRprsj3dLYaGCWTDYl71eSMc/view?usp=drivesdk,Figure 6
data/spatial/exonic/Stage3_3/EMB_2.csv,cfa922bad8e8448d69f6476650ff6321964d6114da005a726b09698eede886f4,80320,mrna/Stage3_3/EMB_2.csv,https://drive.google.com/file/d/1fklobzW46nJkzIU-hOgT8udBZ-9f3Gt-/view?usp=drivesdk,Figure S4
data/spatial/exonic/Stage3_3/EMB_3.csv,3647cbd61dfc78ee57ea816971cd0c0669fe8bcb493af39dadab66527c8ff10c,73046,mrna/Stage3_3/EMB_3.csv,https://drive.google.com/file/d/1j5ebeMkmbm18TiRjxCUxf2Yo98ZyR5Gy/view?usp=drivesdk,Figure S5
data/spatial/exonic/Stage4_1/EMB_1.csv,34e60a216622e769cae0ef7bdf09c769d8e90ea80fb50f7015991f25066b4e9f,69133,mrna/Stage4_1/EMB_1.csv,https://drive.google.com/file/d/1Rn8iBAXLGMYaKmDwlaoFVPUceowh4oqY/view?usp=drivesdk,Figure 6; Figure 2C
data/spatial/exonic/Stage4_1/EMB_2.csv,6f2bebc41055bc860daba17ec4911450eb16704124c552905f803e48ffdcbfbe,65837,mrna/Stage4_1/EMB_2.csv,https://drive.google.com/file/d/1LmuwZxnv9VhbGrr5lo2UcH4FlVVPTniO/view?usp=drivesdk,Figure S4
data/spatial/exonic/Stage4_1/EMB_3.csv,61783ae367422a5c78ef223be7c8be327e4ccc1a4b13bc8cee9ae98c6c883a18,65676,mrna/Stage4_1/EMB_3.csv,https://drive.google.com/file/d/162ldAAzltdsz80CNfC2q7V-g4S_Qitv3/view?usp=drivesdk,Figure S5
data/spatial/exonic/Stage4_3/EMB_1.csv,47f685a75de57afd7ab1f582344b093272d04ba970d19bd61ae68ba5f16ce153,84034,mrna/Stage4_3/EMB_1.csv,https://drive.google.com/file/d/1dRvqZ_cNjDPr99lAcwA59qT6OmfGFTLy/view?usp=drivesdk,Figure 6
data/spatial/exonic/Stage4_3/EMB_2.csv,6366f5299292f54dd185250f79aa90e03dc4a6776ca07cd69752f05ee11192cf,89789,mrna/Stage4_3/EMB_2.csv,https://drive.google.com/file/d/1cDAUATzCrylq6ayEQqagj1AEeMSjdcY8/view?usp=drivesdk,Figure S4
data/spatial/exonic/Stage4_3/EMB_3.csv,253a8306755ca00ce7c8ccca6b25056fec9a2b3c434f78628df4375cd87c0743,80690,mrna/Stage4_3/EMB_3.csv,https://drive.google.com/file/d/1AtmZKivgJKllln56k3iTktFfxtWB88ap/view?usp=drivesdk,Figure S5
data/spatial/exonic/Stage5_2/EMB_1.csv,90dcb15748e8198051373de75d94eaf7d46261021be4cc6de8ff73a608f156b7,101262,mrna/Stage5_2/EMB_1.csv,https://drive.google.com/file/d/1w4OKOcTSPOE5eDFVLiQaT7xZn_i51Fjf/view?usp=drivesdk,Figure 6
data/spatial/exonic/Stage5_2/EMB_2.csv,5327077c2c942dfe110203b45455a6787ecc0f6cf588778d869c742db86efcb1,103235,mrna/Stage5_2/EMB_2.csv,https://drive.google.com/file/d/1aDxyGY5yQr_NIfylJBMmyQV8BVqt3Oyz/view?usp=drivesdk,Figure S4
data/spatial/exonic/Stage5_2/EMB_3.csv,ff12a52a7c637b3aafd2062b423a9a282d512cefde12020ab2788369e3324652,119897,mrna/Stage5_2/EMB_3.csv,https://drive.google.com/file/d/1eRuVOnzxqyuVeF_3Ik8-0xmEKAwwEbOH/view?usp=drivesdk,Figure S5
data/spatial/intron_exon/Stage3_3/EMB_1.csv,331aeeefbe04e615f5dc2588c4197fd16c7f9d7e79e1b9cb66c308d9b799e391,82537,mran+intron/Stage3_3/EMB_1.csv,https://drive.google.com/file/d/1je4n_mWESOsROdYVKZnZZfowwIKRwCO7/view?usp=drivesdk,Figure 4
data/spatial/intron_exon/Stage4_2/EMB_1.csv,170aa7a74a06e814ac464e147761c32e697dbff783500b044a36d041c5f8af37,69931,mran+intron/Stage4_2/EMB_1.csv,https://drive.google.com/file/d/13A4CCyv5F2uOBtT6hK_xPCCsyc1yoVcy/view?usp=drivesdk,Figure 4; Figure S3; Figure 3F
data/spatial/intron_exon/Stage4_2/EMB_3.csv,0cec5a85a171c20b572cbffaf25f2a8843de8601a93197bb6f9399af51897d08,88650,mran+intron/Stage4_2/EMB_3.csv,https://github.com/Theophilus-Dwamena/gap-gene-visualization-int/blob/7121c65d65b4d8979282d9ebb1edb97a5af5b304/data/Stage4_2/EMB_3.csv,Figure S3
data/spatial/intron_exon/Stage4_3/EMB_1.csv,e68575db9b35fe3fa25aba2e3b631bac65cd1f20c1bc9ec4f0d788a62ccd70a5,76143,mran+intron/Stage4_3/EMB_1.csv,https://drive.google.com/file/d/1KPMnGxdaN6DT8VmKa_QM1bW6EGbk4rhr/view?usp=drivesdk,Figure 4; Figure S3
data/spatial/intron_exon/Stage4_3/EMB_3.csv,a890ff408c3f9c8d99f237bc344f0007f4a3b46b4ab1212d71fec794970a2e57,93296,mran+intron/Stage4_3/EMB_3.csv,https://drive.google.com/file/d/1B8-mmcVKUhb5P4SzYUMRr_UuQ-QJwuCv/view?usp=drivesdk,Figure S3
data/temporal/HB.xlsx,e8734b6635fac65cf8af1b4d41a36f12a4f21a14d0cfc6b380d967518e5f1bba,15625,mrna/Temporal/HB.xlsx,https://docs.google.com/spreadsheets/d/1Gl6nJFw3_6cPXh1d67FtZUF00MujiQMS/edit?usp=drivesdk&ouid=105894578071608958343&rtpof=true&sd=true,Figure 5; Figure 6; Figure S4; Figure S5
data/temporal/KR.xlsx,a43efaea8250b019e11db3526b2b909d0808269dfb9782d37d5545c0b0f0583a,18400,mrna/Temporal/KR.xlsx,https://docs.google.com/spreadsheets/d/1-iMmK3djsLqHqgY-GPY1Q6Y55NJLXyz1/edit?usp=drivesdk&ouid=105894578071608958343&rtpof=true&sd=true,Figure 5; Figure 6; Figure S4; Figure S5; Figure 3; Figure S2
data/temporal/MLPT.xlsx,ffde3aae669d2063f9f4dc5ca2ca5f87af361948d182fa89b6d318091a521621,18545,mrna/Temporal/MLPT.xlsx,https://docs.google.com/spreadsheets/d/16xZ2GTgqtmvKsfhn5aGwf1oGVBvWTUIS/edit?usp=drivesdk&ouid=105894578071608958343&rtpof=true&sd=true,Figure 5; Figure 6; Figure S4; Figure S5; Figure 3; Figure S2
data/temporal/GT.xlsx,cb9833367c151979d4e88d486b3e0e1f1f7fcb9363a7b6c9c896302f69cebbb4,15693,mrna/Temporal/GT.xlsx,https://docs.google.com/spreadsheets/d/15-mdu8aHL7Z6r4PRzegjzd4wupzboulr/edit?usp=drivesdk&ouid=105894578071608958343&rtpof=true&sd=true,Figure 5; Figure 6; Figure S4; Figure S5
data/temporal/SVB.xlsx,3d87f1424b08a8210c6a483f20ec3dca318e22399798234ba6741ce76a370251,18576,mrna/Temporal/SVB.xlsx,https://docs.google.com/spreadsheets/d/1grzrBy6WCWHfhBNCUMTxTb9Jc5cIfQes/edit?usp=drivesdk&ouid=105894578071608958343&rtpof=true&sd=true,Figure 5; Figure 6; Figure S4; Figure S5; Figure 3; Figure S2
data/temporal/run.xlsx,9591c8a30768a68a52b8ee606236cbf68ed27c335b6a86ca1e404220de8931ae,15617,mrna/Temporal/run.xlsx,https://docs.google.com/spreadsheets/d/1nLM1w4QN5o_3joMEUDdCTQbJPN5J1OW6/edit?usp=drivesdk&ouid=105894578071608958343&rtpof=true&sd=true,Figure 5; Figure 6; Figure S4; Figure S5
data/temporal/odd.xlsx,01d0917a9caa563cb11d87d228fd0391510a8c53b78f61a0292c84f5e10421e7,15613,mrna/Temporal/odd.xlsx,https://docs.google.com/spreadsheets/d/1ksNeMypDj33qpNgqTd2UEFaX7hIcbGeE/edit?usp=drivesdk&ouid=105894578071608958343&rtpof=true&sd=true,Figure 5; Figure 6; Figure S4; Figure S5
data/temporal_corrections.csv,77ee6a7fc3fc2c51871a4a73e1a5d5847d7787ef96984d8290777a059c63716e,255,Recovered eve background confirmed by Theophilus Frimpong; reply supplied 2026-09-24,,Figure 5; Figure 6; Figure S4; Figure S5
