gene,shape,mode,stage_index,intron,exon,intron_fit,exon_fit,intron_residual,exon_residual
Kr,cosine,collapsed,1,0.03271028037383177,0.006035566732530986,0.03133406100106255,0.015309439462553611,-0.0013762193727692232,0.009273872730022625
Kr,cosine,collapsed,2,0.07710280373831775,0.040524519489850905,0.03133406100106258,0.015309439462553566,-0.045768742737255175,-0.02521508002729734
Kr,cosine,collapsed,3,0.08551401869158878,0.05388898868331238,0.035974553547757276,0.017982541132763857,-0.04953946514383151,-0.03590644755054852
Kr,cosine,collapsed,4,0.12102803738317756,0.060930483204598526,0.12311787143651945,0.08200052794435388,0.002089834053341885,0.02107004473975535
Kr,cosine,collapsed,5,0.37009345794392523,0.3343991377761811,0.3303019076086303,0.2635149476952327,-0.03979155033529491,-0.07088419008094837
Kr,cosine,collapsed,6,0.5112149532710281,0.4634453026764864,0.6012205042749021,0.5322346986647868,0.09000555100387408,0.06878939598830036
Kr,cosine,collapsed,7,0.8738317757009346,0.8392311837614514,0.8484700296367698,0.8082932042076858,-0.02536174606416486,-0.03093797955376565
Kr,cosine,collapsed,8,1.0,1.0,0.9772280210123169,0.9962475619783546,-0.022771978987683128,-0.0037524380216453768
Kr,cosine,collapsed,9,0.17102803738317757,0.36227770792168135,0.1963826862085848,0.4013409465204854,0.025354648825407222,0.03906323859880406
Kr,cosine,collapsed,10,0.10864485981308411,0.17801329261720855,0.0574515327126819,0.13024930996122916,-0.05119332710040221,-0.04776398265597939
Kr,cosine,collapsed,11,0.021962616822429906,0.07012753727321717,0.03546691777432788,0.04644098785135568,0.013504300951897974,-0.02368654942186149
Kr,cosine,collapsed,12,0.03177570093457944,0.014657804921860966,0.031988048695464455,0.023346557915854285,0.00021234776088501633,0.00868875299399332
Kr,cosine,collapsed,13,0.022897196261682243,0.010634093766840309,0.03143754871619549,0.01732890468273524,0.008540352454513244,0.00669481091589493
Kr,cosine,collapsed,14,0.011682242990654205,0.009197054068618647,0.03135043700824748,0.015808696655777672,0.019668194017593274,0.006611642587159025
Kr,cosine,collapsed,15,0.025233644859813085,0.004742231004131489,0.03133665235802808,0.015431630684727889,0.006103007498214994,0.010689399680596401
Kr,cosine,collapsed,16,0.027102803738317756,0.011640021555595473,0.0313344710601688,0.01533915507986996,0.004231667321851047,0.003699133524274487
Kr,cosine,collapsed,17,0.027570093457943926,0.007041494521286151,0.0313341258892566,0.015316636431485857,0.003764032431312677,0.008275141910199707
Kr,cosine,collapsed,18,0.01775700934579439,0.005460750853242321,0.03133407126904217,0.015311177909029805,0.013577061923247778,0.009850427055787484
Kr,cosine,collapsed,19,0.02394859813084112,0.007903718340219149,0.03133406262597478,0.015309858662965336,0.007385464495133661,0.007406140322746188
Kr,cosine,collapsed,20,0.0227803738317757,0.005748158792886654,0.03133406125862225,0.01530954043218528,0.008553687426846552,0.009561381639298627
Kr,cosine,collapsed,21,0.02570093457943925,0.005748158792886654,0.031334061042917666,0.015309463764320241,0.005633126463478414,0.009561304971433588
Kr,cosine,collapsed,22,0.02570093457943925,0.011352613615951142,0.031334061009779236,0.015309445308815553,0.005633126430339985,0.003956831692864411
Kr,cosine,collapsed,23,0.020560747663551402,0.008047422310041314,0.031334061005556316,0.015309440869004428,0.010773313342004914,0.007262018558963114
Kr,cosine,collapsed,24,0.020560747663551402,0.007616310400574816,0.031334061005009926,0.015309439802527964,0.010773313341458524,0.007693129401953148
Kr,cosine,mapped,1,0.03271028037383177,0.006035566732530986,0.031311477545531555,0.015347831591868505,-0.0013988028283002177,0.009312264859337518
Kr,cosine,mapped,2,0.07710280373831775,0.040524519489850905,0.03131147754553162,0.015347831591868517,-0.045791326192786135,-0.025176687897982386
Kr,cosine,mapped,3,0.08551401869158878,0.05388898868331238,0.03598360337739148,0.01801185725157445,-0.0495304153141973,-0.03587713143173793
Kr,cosine,mapped,4,0.12102803738317756,0.060930483204598526,0.12322624460625005,0.08199483571499558,0.0021982072230724847,0.021064352510397052
Kr,cosine,mapped,5,0.37009345794392523,0.3343991377761811,0.33042945431465265,0.2634697334122878,-0.03966400362927258,-0.07092940436389328
Kr,cosine,mapped,6,0.5112149532710281,0.4634453026764864,0.6012901095313739,0.5321291875540237,0.09007515626034579,0.0686838848775373
Kr,cosine,mapped,7,0.8738317757009346,0.8392311837614514,0.8484611738906225,0.8081232894507865,-0.025370601810312143,-0.031107894310664963
Kr,cosine,mapped,8,1.0,1.0,0.9771151886764451,0.9964540553892065,-0.02288481132355491,-0.0035459446107934944
Kr,cosine,mapped,9,0.17102803738317757,0.36227770792168135,0.1965019748791691,0.4013823520673616,0.025473937495991528,0.03910464414568027
Kr,cosine,mapped,10,0.10864485981308411,0.17801329261720855,0.0574833286539717,0.12998347360322512,-0.05116153115911241,-0.04802981901398343
Kr,cosine,mapped,11,0.021962616822429906,0.07012753727321717,0.035457998086957765,0.04629633987167186,0.013495381264527859,-0.023831197401545316
Kr,cosine,mapped,12,0.03177570093457944,0.014657804921860966,0.0319684288834119,0.02330846547080686,0.0001927279488324607,0.008650660548945893
Kr,cosine,mapped,13,0.022897196261682243,0.010634093766840309,0.031415561211831464,0.01734010656715828,0.00851836495014922,0.006706012800317971
Kr,cosine,mapped,14,0.011682242990654205,0.009197054068618647,0.03132796797482689,0.01583827458234114,0.019645724984172684,0.006641220513722493
Kr,cosine,mapped,15,0.025233644859813085,0.004742231004131489,0.031314090196178465,0.01546733058510859,0.00608044533636538,0.010725099580977102
Kr,cosine,mapped,16,0.027102803738317756,0.011640021555595473,0.031311891479170954,0.015376758168235045,0.0042090877408531985,0.003736736612639572
Kr,cosine,mapped,17,0.027570093457943926,0.007041494521286151,0.03131154312684605,0.015354804178949527,0.0037414496689021255,0.008313309657663377
Kr,cosine,mapped,18,0.01775700934579439,0.005460750853242321,0.03131148793588223,0.01534950767182824,0.013554478590087841,0.00988875681858592
Kr,cosine,mapped,19,0.02394859813084112,0.007903718340219149,0.03131147919187345,0.015348233763745472,0.00736288106103233,0.007444515423526324
Kr,cosine,mapped,20,0.0227803738317757,0.005748158792886654,0.03131147780697275,0.015347927977663114,0.00853110397519705,0.00959976918477646
Kr,cosine,mapped,21,0.02570093457943925,0.005748158792886654,0.0313114775883705,0.015347854673921937,0.005610543008931251,0.009599695881035283
Kr,cosine,mapped,22,0.02570093457943925,0.011352613615951142,0.0313114775549276,0.01534783711668625,0.005610542975488349,0.003995223500735109
Kr,cosine,mapped,23,0.020560747663551402,0.008047422310041314,0.031311477550617396,0.015347832914528403,0.010750729887065994,0.007300410604487089
Kr,cosine,mapped,24,0.020560747663551402,0.007616310400574816,0.031311477550071694,0.01534783191081198,0.010750729886520292,0.007731521510237165
Kr,gaussian,collapsed,1,0.03271028037383177,0.006035566732530986,0.030692558800811568,0.014661343930006638,-0.0020177215730202043,0.008625777197475652
Kr,gaussian,collapsed,2,0.07710280373831775,0.040524519489850905,0.03823201830407759,0.0204902008091055,-0.03887078543424016,-0.020034318680745403
Kr,gaussian,collapsed,3,0.08551401869158878,0.05388898868331238,0.06629515995219103,0.04298382024653577,-0.019218858739397757,-0.010905168436776608
Kr,gaussian,collapsed,4,0.12102803738317756,0.060930483204598526,0.14598667777901392,0.10966023219967862,0.024958640395836354,0.04872974899508009
Kr,gaussian,collapsed,5,0.37009345794392523,0.3343991377761811,0.316248857783602,0.2598626281831054,-0.05384460016032322,-0.07453650959307567
Kr,gaussian,collapsed,6,0.5112149532710281,0.4634453026764864,0.5824448164775579,0.5117106885995337,0.0712298632065298,0.0482653859230473
Kr,gaussian,collapsed,7,0.8738317757009346,0.8392311837614514,0.8670528408263967,0.8113971194324514,-0.006778934874537956,-0.02783406432900004
Kr,gaussian,collapsed,8,1.0,1.0,0.975730531703224,1.0020642000377682,-0.02426946829677601,0.0020642000377681935
Kr,gaussian,collapsed,9,0.17102803738317757,0.36227770792168135,0.19565313362418282,0.40613136773483577,0.024625096241005257,0.04385365981315442
Kr,gaussian,collapsed,10,0.10864485981308411,0.17801329261720855,0.05080430580318507,0.11976475674127439,-0.05784055400989904,-0.05824853587593416
Kr,gaussian,collapsed,11,0.021962616822429906,0.07012753727321717,0.03174141272374568,0.03933584530060649,0.009778795901315772,-0.030791691972610682
Kr,gaussian,collapsed,12,0.03177570093457944,0.014657804921860966,0.02923264368126636,0.019360555649965056,-0.00254305725331308,0.0047027507281040895
Kr,gaussian,collapsed,13,0.022897196261682243,0.010634093766840309,0.02890247752640865,0.014668602154593785,0.006005281264726405,0.004034508387753476
Kr,gaussian,collapsed,14,0.011682242990654205,0.009197054068618647,0.02885902606157955,0.013597847762007816,0.017176783070925343,0.004400793693389169
Kr,gaussian,collapsed,15,0.025233644859813085,0.004742231004131489,0.028853307638393732,0.013357346514612713,0.003619662778580647,0.008615115510481223
Kr,gaussian,collapsed,16,0.027102803738317756,0.011640021555595473,0.028852555066217925,0.013303816337368716,0.0017497513279001696,0.001663794781773243
Kr,gaussian,collapsed,17,0.027570093457943926,0.007041494521286151,0.028852456024105435,0.013291964620256029,0.0012823625661615087,0.006250470098969878
Kr,gaussian,collapsed,18,0.01775700934579439,0.005460750853242321,0.028852442989773314,0.013289348790817494,0.011095433643978924,0.007828597937575173
Kr,gaussian,collapsed,19,0.02394859813084112,0.007903718340219149,0.028852441274610625,0.0132887725100104,0.004903843143769505,0.005385054169791251
Kr,gaussian,collapsed,20,0.0227803738317757,0.005748158792886654,0.028852441049292247,0.013288645692184596,0.006072067217516547,0.007540486899297942
Kr,gaussian,collapsed,21,0.02570093457943925,0.005748158792886654,0.028852441020224905,0.013288617802822648,0.003151506440785653,0.007540459009935994
Kr,gaussian,collapsed,22,0.02570093457943925,0.011352613615951142,0.028852441016922647,0.013288611672345185,0.003151506437483395,0.0019359980563940435
Kr,gaussian,collapsed,23,0.020560747663551402,0.008047422310041314,0.028852441016317055,0.013288610326163578,0.008291693352765653,0.005241188016122264
Kr,gaussian,collapsed,24,0.020560747663551402,0.007616310400574816,0.0288524410157771,0.013288610032602975,0.0082916933522257,0.005672299632028159
Kr,gaussian,mapped,1,0.03271028037383177,0.006035566732530986,0.030668708983408826,0.014701682801381375,-0.0020415713904229464,0.008666116068850389
Kr,gaussian,mapped,2,0.07710280373831775,0.040524519489850905,0.03822092812784293,0.020529961225336648,-0.03888187561047482,-0.019994558264514257
Kr,gaussian,mapped,3,0.08551401869158878,0.05388898868331238,0.06631564045175532,0.04301741459959364,-0.01919837823983346,-0.010871574083718735
Kr,gaussian,mapped,4,0.12102803738317756,0.060930483204598526,0.14605886773331855,0.10966876931837476,0.02503083035014099,0.04873828611377623
Kr,gaussian,mapped,5,0.37009345794392523,0.3343991377761811,0.31636623047547746,0.25981015774952837,-0.05372722746844777,-0.07458898002665271
Kr,gaussian,mapped,6,0.5112149532710281,0.4634453026764864,0.5825561546616205,0.511566201933981,0.07134120139059241,0.04812089925749452
Kr,gaussian,mapped,7,0.8738317757009346,0.8392311837614514,0.8671051652237451,0.8111792402826256,-0.006726610477189476,-0.02805194347882589
Kr,gaussian,mapped,8,1.0,1.0,0.9755334658708898,1.0023323712788148,-0.02446653412911015,0.0023323712788148043
Kr,gaussian,mapped,9,0.17102803738317757,0.36227770792168135,0.19583400641641224,0.4061267354757925,0.024805969033234676,0.04384902755411113
Kr,gaussian,mapped,10,0.10864485981308411,0.17801329261720855,0.050857689993586024,0.11949442692439372,-0.05778716981949809,-0.058518865692814837
Kr,gaussian,mapped,11,0.021962616822429906,0.07012753727321717,0.031730918823422306,0.03920761020699227,0.0097683020009924,-0.030919927066224907
Kr,gaussian,mapped,12,0.03177570093457944,0.014657804921860966,0.029207529109436078,0.01933665584534828,-0.002568171825143361,0.004678850923487313
Kr,gaussian,mapped,13,0.022897196261682243,0.010634093766840309,0.028874618991361276,0.014687961288964234,0.005977422729679032,0.004053867522123925
Kr,gaussian,mapped,14,0.011682242990654205,0.009197054068618647,0.028830698250104758,0.013631794424219298,0.01714845525945055,0.004434740355600651
Kr,gaussian,mapped,15,0.025233644859813085,0.004742231004131489,0.02882490379866927,0.013395701742215218,0.0035912589388561837,0.00865347073808373
Kr,gaussian,mapped,16,0.027102803738317756,0.011640021555595473,0.028824139338278758,0.013343416504631719,0.001721335599961002,0.0017033949490362459
Kr,gaussian,mapped,17,0.027570093457943926,0.007041494521286151,0.02882403848326752,0.013331900598615838,0.0012539450253235933,0.006290406077329687
Kr,gaussian,mapped,18,0.01775700934579439,0.005460750853242321,0.028824025177611633,0.013329372429656879,0.011067015831817243,0.007868621576414558
Kr,gaussian,mapped,19,0.02394859813084112,0.007903718340219149,0.028824023422477196,0.013328818479383572,0.004875425291636076,0.0054251001391644234
Kr,gaussian,mapped,20,0.0227803738317757,0.005748158792886654,0.028824023191434404,0.013328697244055896,0.006043649359658704,0.007580538451169242
Kr,gaussian,mapped,21,0.02570093457943925,0.005748158792886654,0.02882402316167757,0.013328670729769116,0.0031230885822383196,0.007580511936882462
Kr,gaussian,mapped,22,0.02570093457943925,0.011352613615951142,0.028824023158316794,0.013328664934047831,0.0031230885788775427,0.001976051318096689
Kr,gaussian,mapped,23,0.020560747663551402,0.008047422310041314,0.02882402315779315,0.013328663668625729,0.008263275494241749,0.005281241358584415
Kr,gaussian,mapped,24,0.020560747663551402,0.007616310400574816,0.02882402315697125,0.013328663394306087,0.008263275493419847,0.005712352993731271
mlpt,cosine,collapsed,1,0.033984375,0.011968085106382979,0.06487242790514464,0.04518295886538833,0.03088805290514464,0.03321487375900535
mlpt,cosine,collapsed,2,0.04296875,0.015458776595744681,0.06487242790514465,0.04518295886538833,0.02190367790514465,0.02972418226964365
mlpt,cosine,collapsed,3,0.050390625,0.027925531914893616,0.06487242790514465,0.04518295886538834,0.014481802905144649,0.017257426950494724
mlpt,cosine,collapsed,4,0.06328125,0.031914893617021274,0.06560100684202426,0.04539857065631624,0.002319756842024262,0.013483677039294963
mlpt,cosine,collapsed,5,0.166796875,0.13131648936170212,0.15766643140388079,0.10012095441891583,-0.009130443596119225,-0.03119553494278629
mlpt,cosine,collapsed,6,0.353515625,0.3272938829787234,0.37730752239439885,0.284216302882695,0.023791897394398853,-0.04307758009602841
mlpt,cosine,collapsed,7,0.541796875,0.4865359042553191,0.6117376255139796,0.5286459602812279,0.06994075051397963,0.04211005602590878
mlpt,cosine,collapsed,8,0.79296875,0.7388630319148936,0.7391075196286013,0.7106024108869943,-0.05386123037139867,-0.02826062102789928
mlpt,cosine,collapsed,9,0.753515625,0.746841755319149,0.6793597469561522,0.7287839263829545,-0.07415587804384782,-0.018057828936194453
mlpt,cosine,collapsed,10,0.325390625,0.4875332446808511,0.4433005709721226,0.550776038956057,0.11790994597212262,0.0632427942752059
mlpt,cosine,collapsed,11,0.228515625,0.308344414893617,0.18278034376759628,0.2828784130499766,-0.045735281232403724,-0.02546600184364045
mlpt,cosine,collapsed,12,0.105078125,0.19996675531914893,0.0671527704378745,0.0979962042178644,-0.03792535456212549,-0.10197055110128453
mlpt,cosine,collapsed,13,0.052734375,0.03058510638297872,0.06487538109786087,0.053581369808768146,0.012141006097860868,0.022996263425789427
mlpt,cosine,collapsed,14,0.09296875,0.059175531914893616,0.06487243172994459,0.04651345185613989,-0.028096318270055418,-0.012662080058753723
mlpt,cosine,collapsed,15,0.109375,0.07430186170212766,0.06487242791022876,0.04539373172572552,-0.044502572089771236,-0.028908129976402137
mlpt,cosine,collapsed,16,0.157421875,0.11486037234042552,0.0722572378467171,0.04784615603865282,-0.08516463715328289,-0.0670142163017727
mlpt,cosine,collapsed,17,0.3390625,0.2345412234042553,0.2578072082465194,0.16627729345072143,-0.08125529175348056,-0.06826392995353386
mlpt,cosine,collapsed,18,0.51875,0.35505319148936165,0.6158347570663628,0.47990369392781873,0.09708475706636277,0.12485050243845708
mlpt,cosine,collapsed,19,1.0,0.8937832446808511,0.951894192375309,0.84863286504445,-0.048105807624690966,-0.04515037963640112
mlpt,cosine,collapsed,20,0.788671875,1.0,0.7933141516904829,0.987405334580324,0.004642276690482894,-0.012594665419676021
mlpt,cosine,collapsed,21,0.05703125,0.18799867021276595,0.06586656754315216,0.2064373646507143,0.008835317543152164,0.01843869443794835
mlpt,cosine,collapsed,22,0.0400390625,0.020985704787234043,0.06487371538097264,0.07074231331538339,0.02483465288097264,0.049756608528149344
mlpt,cosine,collapsed,23,0.0244140625,0.014544547872340425,0.06487242957273616,0.04923201502510416,0.04045836707273616,0.03468746715276373
mlpt,cosine,collapsed,24,0.026171875,0.012965425531914893,0.06487242790765013,0.04582439852362701,0.038700552907650135,0.032858972991712115
mlpt,cosine,mapped,1,0.033984375,0.011968085106382979,0.06487455770162051,0.04518283351390796,0.030890182701620514,0.03321474840752499
mlpt,cosine,mapped,2,0.04296875,0.015458776595744681,0.06487455770162043,0.04518283351390792,0.021905807701620428,0.02972405691816324
mlpt,cosine,mapped,3,0.050390625,0.027925531914893616,0.06487455770162044,0.04518283351390788,0.01448393270162044,0.017257301599014264
mlpt,cosine,mapped,4,0.06328125,0.031914893617021274,0.06560268368494478,0.045398705579915655,0.002321433684944779,0.01348381196289438
mlpt,cosine,mapped,5,0.166796875,0.13131648936170212,0.1576688978818272,0.10011810974611927,-0.009127977118172814,-0.031198379615582847
mlpt,cosine,mapped,6,0.353515625,0.3272938829787234,0.3773097917856765,0.284214606867692,0.023794166785676474,-0.043079276111031406
mlpt,cosine,mapped,7,0.541796875,0.4865359042553191,0.611734001356433,0.5286499638885332,0.06993712635643301,0.04211405963321413
mlpt,cosine,mapped,8,0.79296875,0.7388630319148936,0.7390924695757203,0.7106100039148799,-0.05387628042427972,-0.028253028000013614
mlpt,cosine,mapped,9,0.753515625,0.746841755319149,0.679337921185782,0.7287919809732855,-0.07417770381421807,-0.018049774345863523
mlpt,cosine,mapped,10,0.325390625,0.4875332446808511,0.4432928641183784,0.5507926869467697,0.11790223911837844,0.06325944226591868
mlpt,cosine,mapped,11,0.228515625,0.308344414893617,0.1827877559095245,0.28290061552598506,-0.04572786909047549,-0.02544379936763197
mlpt,cosine,mapped,12,0.105078125,0.19996675531914893,0.0671534447967735,0.09800344931090396,-0.03792468020322649,-0.10196330600824496
mlpt,cosine,mapped,13,0.052734375,0.03058510638297872,0.06487749579970961,0.053580024045454075,0.012143120799709611,0.022994917662475356
mlpt,cosine,mapped,14,0.09296875,0.059175531914893616,0.0648745614899313,0.04651273028913211,-0.0280941885100687,-0.012662801625761506
mlpt,cosine,mapped,15,0.109375,0.07430186170212766,0.06487455770669122,0.04539344811675426,-0.04450044229330878,-0.028908413585373396
mlpt,cosine,mapped,16,0.157421875,0.11486037234042552,0.07225233997372643,0.047844130630167604,-0.08516953502627356,-0.06701624171025791
mlpt,cosine,mapped,17,0.3390625,0.2345412234042553,0.25779525018796146,0.1662588310629631,-0.08126724981203853,-0.06828239234129219
mlpt,cosine,mapped,18,0.51875,0.35505319148936165,0.6158390048577829,0.4798978912811357,0.09708900485778282,0.12484469979177404
mlpt,cosine,mapped,19,1.0,0.8937832446808511,0.9519137959294453,0.8486609415642771,-0.04808620407055475,-0.04512230311657406
mlpt,cosine,mapped,20,0.788671875,1.0,0.7933239260466602,0.9873608892529572,0.004652051046660222,-0.012639110747042825
mlpt,cosine,mapped,21,0.05703125,0.18799867021276595,0.06586436372910999,0.2064332842063835,0.008833113729109991,0.018434613993617538
mlpt,cosine,mapped,22,0.0400390625,0.020985704787234043,0.06487583382764232,0.07073383659677486,0.024836771327642324,0.04974813180954082
mlpt,cosine,mapped,23,0.0244140625,0.014544547872340425,0.06487455934719911,0.04922934070837376,0.040460496847199115,0.03468479283603333
mlpt,cosine,mapped,24,0.026171875,0.012965425531914893,0.06487455770421902,0.045823675226414874,0.03870268270421902,0.03285824969449998
mlpt,gaussian,collapsed,1,0.033984375,0.011968085106382979,0.0542726299841265,0.03677242667923246,0.0202882549841265,0.02480434157284948
mlpt,gaussian,collapsed,2,0.04296875,0.015458776595744681,0.054951381438588694,0.03717092818383332,0.011982631438588694,0.02171215158808864
mlpt,gaussian,collapsed,3,0.050390625,0.027925531914893616,0.059883217176824904,0.04026155131595852,0.009492592176824903,0.012336019401064907
mlpt,gaussian,collapsed,4,0.06328125,0.031914893617021274,0.08448264388711643,0.056871608285017805,0.021201393887116435,0.02495671466799653
mlpt,gaussian,collapsed,5,0.166796875,0.13131648936170212,0.16752079545154766,0.1180946984011196,0.0007239204515476494,-0.013221790960582527
mlpt,gaussian,collapsed,6,0.353515625,0.3272938829787234,0.351917864106288,0.269767521281207,-0.001597760893711997,-0.057526361697516404
mlpt,gaussian,collapsed,7,0.541796875,0.4865359042553191,0.6033282392483493,0.5109631131378165,0.061531364248349374,0.024427208882497387
mlpt,gaussian,collapsed,8,0.79296875,0.7388630319148936,0.7652990146967693,0.7244669751954409,-0.02766973530323069,-0.014396056719452655
mlpt,gaussian,collapsed,9,0.753515625,0.746841755319149,0.6873524971797975,0.7435730794417119,-0.0661631278202025,-0.003268675877437066
mlpt,gaussian,collapsed,10,0.325390625,0.4875332446808511,0.42410360395437924,0.5356137529291038,0.09871297895437925,0.048080508248252773
mlpt,gaussian,collapsed,11,0.228515625,0.308344414893617,0.1957160025400262,0.27902387356960967,-0.03279962245997381,-0.029320541324007354
mlpt,gaussian,collapsed,12,0.105078125,0.19996675531914893,0.08966313312408393,0.1193293195269158,-0.015414991875916065,-0.08063743579223312
mlpt,gaussian,collapsed,13,0.052734375,0.03058510638297872,0.060106435021955264,0.05719235652510698,0.007372060021955264,0.02660725014212826
mlpt,gaussian,collapsed,14,0.09296875,0.059175531914893616,0.055931340368311114,0.041202684868841113,-0.03703740963168889,-0.017972847046052502
mlpt,gaussian,collapsed,15,0.109375,0.07430186170212766,0.06380072592717993,0.043132204323018626,-0.04557427407282007,-0.031169657379109032
mlpt,gaussian,collapsed,16,0.157421875,0.11486037234042552,0.1092849717624802,0.07296513195289576,-0.04813690323751979,-0.04189524038752976
mlpt,gaussian,collapsed,17,0.3390625,0.2345412234042553,0.26549340713943526,0.1879957758100592,-0.07356909286056473,-0.0465454475941961
mlpt,gaussian,collapsed,18,0.51875,0.35505319148936165,0.5935134123450809,0.46318159114246826,0.07476341234508088,0.10812839965310661
mlpt,gaussian,collapsed,19,1.0,0.8937832446808511,0.9702012632814314,0.8497010439667846,-0.029798736718568586,-0.044082200714066544
mlpt,gaussian,collapsed,20,0.788671875,1.0,0.791072159386055,1.0009881171499062,0.002400284386054996,0.0009881171499062091
mlpt,gaussian,collapsed,21,0.05703125,0.18799867021276595,0.054338499941754596,0.19217641868311208,-0.0026927500582454023,0.004177748470346132
mlpt,gaussian,collapsed,22,0.0400390625,0.020985704787234043,0.05420350447546574,0.05612452137265765,0.014164441975465743,0.03513881658542361
mlpt,gaussian,collapsed,23,0.0244140625,0.014544547872340425,0.054203503781495785,0.03915298247166431,0.029789441281495785,0.02460843459932388
mlpt,gaussian,collapsed,24,0.026171875,0.012965425531914893,0.054203503781457975,0.03703597006311445,0.028031628781457974,0.02407054453119956
mlpt,gaussian,mapped,1,0.033984375,0.011968085106382979,0.05440550365645302,0.03726611217923328,0.02042112865645302,0.0252980270728503
mlpt,gaussian,mapped,2,0.04296875,0.015458776595744681,0.05508631898160931,0.03766205723997119,0.01211756898160931,0.022203280644226504
mlpt,gaussian,mapped,3,0.050390625,0.027925531914893616,0.06003443547781636,0.04073004308346692,0.009643810477816359,0.012804511168573306
mlpt,gaussian,mapped,4,0.06328125,0.031914893617021274,0.08471101662241054,0.05722084287942438,0.021429766622410543,0.025305949262403107
mlpt,gaussian,mapped,5,0.166796875,0.13131648936170212,0.1679532619690859,0.11807500509580286,0.0011563869690858763,-0.013241484265899259
mlpt,gaussian,mapped,6,0.353515625,0.3272938829787234,0.35255082804498494,0.2691575764185047,-0.000964796955015057,-0.05813630656021873
mlpt,gaussian,mapped,7,0.541796875,0.4865359042553191,0.6035851906726873,0.5101855099022784,0.06178831567268739,0.023649605646959282
mlpt,gaussian,mapped,8,0.79296875,0.7388630319148936,0.7641820370254379,0.7246340238378879,-0.028786712974562145,-0.014229008077005667
mlpt,gaussian,mapped,9,0.753515625,0.746841755319149,0.6849292903569614,0.7453780165943118,-0.06858633464303865,-0.0014637387248371825
mlpt,gaussian,mapped,10,0.325390625,0.4875332446808511,0.42208256950595235,0.5382611372567566,0.09669194450595237,0.05072789257590554
mlpt,gaussian,mapped,11,0.228515625,0.308344414893617,0.19487439503306903,0.28065314393253626,-0.033641229966930974,-0.02769127096108076
mlpt,gaussian,mapped,12,0.105078125,0.19996675531914893,0.08953571537955314,0.11981004445850482,-0.015542409620446854,-0.0801567108606441
mlpt,gaussian,mapped,13,0.052734375,0.03058510638297872,0.06019484795961467,0.05737845564236384,0.007460472959614668,0.02679334925938512
mlpt,gaussian,mapped,14,0.09296875,0.059175531914893616,0.05604417474502901,0.041504905054593894,-0.03692457525497099,-0.017670626860299722
mlpt,gaussian,mapped,15,0.109375,0.07430186170212766,0.06386277138542831,0.04345906588889189,-0.04551222861457169,-0.03084279581323577
mlpt,gaussian,mapped,16,0.157421875,0.11486037234042552,0.10928827953079626,0.07294082728919668,-0.04813359546920373,-0.04191954505122884
mlpt,gaussian,mapped,17,0.3390625,0.2345412234042553,0.2658057150387791,0.18709915016387607,-0.0732567849612209,-0.04744207324037922
mlpt,gaussian,mapped,18,0.51875,0.35505319148936165,0.5948089338836391,0.4616913543548857,0.07605893388363905,0.10663816286552402
mlpt,gaussian,mapped,19,1.0,0.8937832446808511,0.9717089110895768,0.8496155106303979,-0.0282910889104232,-0.04416773405045327
mlpt,gaussian,mapped,20,0.788671875,1.0,0.7918434828618578,0.9996290436618236,0.0031716078618577725,-0.00037095633817640916
mlpt,gaussian,mapped,21,0.05703125,0.18799867021276595,0.05434742477572844,0.18975497022555404,-0.0026838252242715605,0.0017563000127880923
mlpt,gaussian,mapped,22,0.0400390625,0.020985704787234043,0.05433621533450981,0.054117435746156496,0.014297152834509809,0.03313173095892245
mlpt,gaussian,mapped,23,0.0244140625,0.014544547872340425,0.05433621533450979,0.03909823199689215,0.029922152834509788,0.024553684124551722
mlpt,gaussian,mapped,24,0.026171875,0.012965425531914893,0.05433621533450979,0.03743518274328445,0.028164340334509787,0.02446975721136956
svb,cosine,collapsed,1,0.04776517678452301,0.028752642706131076,0.08781821861810586,0.08455012796633016,0.04005304183358285,0.05579748526019908
svb,cosine,collapsed,2,0.14969979986657772,0.1419309372797745,0.12699933769048888,0.1164884260373383,-0.022700462176088843,-0.025442511242436183
svb,cosine,collapsed,3,0.20627084723148764,0.17618040873854826,0.2058544273252231,0.18716170082526595,-0.00041641990626453684,0.010981292086717692
svb,cosine,collapsed,4,0.30633755837224813,0.28513037350246656,0.31889251541446106,0.29623891152569093,0.012554957042212933,0.011108538023224368
svb,cosine,collapsed,5,0.4656437625083389,0.456800563777308,0.4515820240687744,0.43265707600386616,-0.014061738439564486,-0.02414348777344183
svb,cosine,collapsed,6,0.579853235490327,0.5702607470049331,0.5845782197152016,0.5782439750196664,0.004724984224874662,0.007983228014733279
svb,cosine,collapsed,7,0.6871247498332221,0.7094785059901338,0.6976787432676186,0.7118168687476522,0.010553993434396447,0.0023383627575183086
svb,cosine,collapsed,8,0.7452968645763843,0.8023960535588442,0.7213731563840761,0.7798033133771403,-0.02392370819230827,-0.022592740181703985
svb,cosine,collapsed,9,0.3124749833222148,0.53276955602537,0.3814708693331806,0.5211899811876958,0.06899588601096579,-0.011579574837674245
svb,cosine,collapsed,10,0.22628418945963974,0.2572233967582805,0.22166591568795632,0.3331606029592209,-0.004618273771683418,0.07593720620094041
svb,cosine,collapsed,11,0.24709806537691792,0.25412262156448207,0.1625181273920236,0.22917220007378425,-0.08457993798489433,-0.024950421490697816
svb,cosine,collapsed,12,0.22615076717811874,0.21687808315715293,0.19253874620196873,0.21751783414427378,-0.033612020976150014,0.0006397509871208518
svb,cosine,collapsed,13,0.2823215476984656,0.2701902748414376,0.29850011831319,0.29327582001310065,0.016178570614724386,0.023085545171663058
svb,cosine,collapsed,14,0.4421614409606404,0.44270613107822415,0.4566291154787431,0.43722834484485007,0.014467674518102658,-0.005477786233374082
svb,cosine,collapsed,15,0.609472981987992,0.6080338266384777,0.6350473155288393,0.6190678363286417,0.02557433354084726,0.011034009690163993
svb,cosine,collapsed,16,0.7879919946631088,0.8236786469344608,0.7988752687630729,0.8024927517786139,0.010883274099964146,-0.0211858951558469
svb,cosine,collapsed,17,0.9304869913275516,0.9784355179704017,0.9164300375304189,0.9516193165086654,-0.014056953797132787,-0.026816201461736355
svb,cosine,collapsed,18,1.0,1.0,0.9551591348365783,1.0303528750250188,-0.04484086516342167,0.03035287502501882
svb,cosine,collapsed,19,0.8368245496997999,0.9743481324876673,0.8804364991016896,0.9993410662677547,0.04361194940188973,0.02499293378008738
svb,cosine,collapsed,20,0.7695797198132087,0.9143058491895701,0.7042107755464101,0.8554729498510711,-0.06536894426679862,-0.058832899338499
svb,cosine,collapsed,21,0.39786524349566377,0.5302325581395348,0.4816120330616163,0.6400519283982147,0.08374678956595255,0.10981937025867983
svb,cosine,collapsed,22,0.3378252168112075,0.47977448907681464,0.2875978878046155,0.4232844457390041,-0.05022732900659199,-0.05649004333781055
svb,cosine,collapsed,23,0.14776517678452303,0.3187103594080338,0.1774848044144564,0.2703412060322481,0.02971962762993338,-0.048369153375785734
svb,cosine,collapsed,24,0.12835223482321548,0.21916842847075405,0.1256938065866669,0.18097854564369387,-0.0026584282365485767,-0.03818988282706018
svb,cosine,mapped,1,0.04776517678452301,0.028752642706131076,0.08770592091936405,0.08459841823590446,0.03994074413484104,0.05584577552977338
svb,cosine,mapped,2,0.14969979986657772,0.1419309372797745,0.12693641019964086,0.11654060701190463,-0.022763389666936862,-0.025390330267869854
svb,cosine,mapped,3,0.20627084723148764,0.17618040873854826,0.20582572989754258,0.18721127033718651,-0.0004451173339450609,0.011030861598638253
svb,cosine,mapped,4,0.30633755837224813,0.28513037350246656,0.31887656330060754,0.29627205236655435,0.01253900492835941,0.01114167886408779
svb,cosine,mapped,5,0.4656437625083389,0.456800563777308,0.4515619836962453,0.4326591295654749,-0.014081778812093604,-0.024141434211833068
svb,cosine,mapped,6,0.579853235490327,0.5702607470049331,0.584546965043968,0.5782064124074717,0.004693729553641002,0.007945665402538604
svb,cosine,mapped,7,0.6871247498332221,0.7094785059901338,0.6976399297242468,0.7117417575631135,0.010515179891024684,0.0022632515729796854
svb,cosine,mapped,8,0.7452968645763843,0.8023960535588442,0.7210745875740336,0.7801689993634755,-0.02422227700235069,-0.022227054195368745
svb,cosine,mapped,9,0.3124749833222148,0.53276955602537,0.3814871347067507,0.5213081028490842,0.06901215138453592,-0.011461453176285774
svb,cosine,mapped,10,0.22628418945963974,0.2572233967582805,0.22171139992651348,0.3331460386775407,-0.004572789533126259,0.07592264191926024
svb,cosine,mapped,11,0.24709806537691792,0.25412262156448207,0.16256183284382442,0.229123505047719,-0.0845362325330935,-0.024999116516763065
svb,cosine,mapped,12,0.22615076717811874,0.21687808315715293,0.19259018861511734,0.21747664630110802,-0.0335605785630014,0.0005985631439550942
svb,cosine,mapped,13,0.2823215476984656,0.2701902748414376,0.29855836245506584,0.2932495927071286,0.016236814756600215,0.023059317865690987
svb,cosine,mapped,14,0.4421614409606404,0.44270613107822415,0.4566879289650009,0.4372077604255564,0.01452648800436046,-0.005498370652667728
svb,cosine,mapped,15,0.609472981987992,0.6080338266384777,0.6351007479981575,0.6190398049764216,0.025627766010165476,0.011005978337943922
svb,cosine,mapped,16,0.7879919946631088,0.8236786469344608,0.7989214172094692,0.8024485023066195,0.010929422546360423,-0.02123014462784134
svb,cosine,mapped,17,0.9304869913275516,0.9784355179704017,0.9164720157273204,0.9515581417322274,-0.014014975600231239,-0.026877376238174322
svb,cosine,mapped,18,1.0,1.0,0.9551860016575442,1.0302981649551228,-0.04481399834245581,0.03029816495512283
svb,cosine,mapped,19,0.8368245496997999,0.9743481324876673,0.8804561453999402,0.9993117109434182,0.0436315957001403,0.024963578455750923
svb,cosine,mapped,20,0.7695797198132087,0.9143058491895701,0.7042430289287953,0.8554637781249486,-0.0653366908844134,-0.05884207106462158
svb,cosine,mapped,21,0.39786524349566377,0.5302325581395348,0.48166470281967144,0.6400403717360037,0.08379945932400767,0.10980781359646885
svb,cosine,mapped,22,0.3378252168112075,0.47977448907681464,0.2876589531889777,0.42323956157743386,-0.050166263622229756,-0.05653492749938077
svb,cosine,mapped,23,0.14776517678452303,0.3187103594080338,0.17751332959495777,0.2702704128052936,0.029748152810434747,-0.0484399466027402
svb,cosine,mapped,24,0.12835223482321548,0.21916842847075405,0.12566581767262278,0.18092736228209236,-0.0026864171505927015,-0.03824106618866169
svb,gaussian,collapsed,1,0.04776517678452301,0.028752642706131076,0.08919473479214779,0.08076406633706149,0.04142955800762478,0.052011423630930406
svb,gaussian,collapsed,2,0.14969979986657772,0.1419309372797745,0.1335385743856592,0.12133056327178299,-0.01616122548091853,-0.0206003740079915
svb,gaussian,collapsed,3,0.20627084723148764,0.17618040873854826,0.20605678155374452,0.1895099123654862,-0.0002140656777431249,0.013329503626937939
svb,gaussian,collapsed,4,0.30633755837224813,0.28513037350246656,0.31066678174152534,0.2911061834508976,0.004329223369277213,0.0059758099484310545
svb,gaussian,collapsed,5,0.4656437625083389,0.456800563777308,0.4423567398869237,0.4242387858306218,-0.023287022621415188,-0.03256177794668619
svb,gaussian,collapsed,6,0.579853235490327,0.5702607470049331,0.5842286196094778,0.575468604738469,0.004375384119150838,0.005207857733535826
svb,gaussian,collapsed,7,0.6871247498332221,0.7094785059901338,0.7097664706030931,0.7202568662620277,0.02264172076987092,0.010778360271893828
svb,gaussian,collapsed,8,0.7452968645763843,0.8023960535588442,0.7284121856324796,0.7892921036497166,-0.016884678943904774,-0.013103949909127666
svb,gaussian,collapsed,9,0.3124749833222148,0.53276955602537,0.36033001647443313,0.5114075452772023,0.04785503315221834,-0.02136201074816768
svb,gaussian,collapsed,10,0.22628418945963974,0.2572233967582805,0.20452885618504807,0.31651145483080334,-0.02175533327459167,0.05928805807252285
svb,gaussian,collapsed,11,0.24709806537691792,0.25412262156448207,0.16824865909608716,0.22831729610724769,-0.07884940628083076,-0.02580532545723438
svb,gaussian,collapsed,12,0.22615076717811874,0.21687808315715293,0.205809466430863,0.22710921451181965,-0.020341300747255736,0.010231131354666717
svb,gaussian,collapsed,13,0.2823215476984656,0.2701902748414376,0.3027758738422676,0.29904880103263776,0.020454326143801993,0.028858526191200162
svb,gaussian,collapsed,14,0.4421614409606404,0.44270613107822415,0.44973532360018775,0.433247069608279,0.007573882639547336,-0.00945906146994513
svb,gaussian,collapsed,15,0.609472981987992,0.6080338266384777,0.6270664203152346,0.6112774114269971,0.017593438327242583,0.0032435847885193825
svb,gaussian,collapsed,16,0.7879919946631088,0.8236786469344608,0.8001231623537843,0.8006732173915699,0.01213116769067557,-0.023005429542890865
svb,gaussian,collapsed,17,0.9304869913275516,0.9784355179704017,0.9263013827675973,0.9583478205200209,-0.0041856085599543125,-0.02008769745038086
svb,gaussian,collapsed,18,1.0,1.0,0.9612711205580532,1.036992541857263,-0.038728879441946806,0.03699254185726297
svb,gaussian,collapsed,19,0.8368245496997999,0.9743481324876673,0.8728197814838159,0.9955108689426919,0.03599523178401598,0.021162736455024644
svb,gaussian,collapsed,20,0.7695797198132087,0.9143058491895701,0.6917363732399503,0.8445810791860611,-0.07784334657325842,-0.06972477000350907
svb,gaussian,collapsed,21,0.39786524349566377,0.5302325581395348,0.4848312344937196,0.638982623952622,0.08696599099805585,0.1087500658130871
svb,gaussian,collapsed,22,0.3378252168112075,0.47977448907681464,0.30874351184362003,0.439188102311985,-0.02908170496758744,-0.04058638676482962
svb,gaussian,collapsed,23,0.14776517678452303,0.3187103594080338,0.18696050878207557,0.28211120459930644,0.03919533199755254,-0.036599154808727385
svb,gaussian,collapsed,24,0.12835223482321548,0.21916842847075405,0.11514451839358877,0.17623476683623265,-0.013207716429626704,-0.04293366163452139
svb,gaussian,mapped,1,0.04776517678452301,0.028752642706131076,0.08836325619659854,0.08129220436654834,0.040598079412075536,0.05253956166041726
svb,gaussian,mapped,2,0.14969979986657772,0.1419309372797745,0.13296595713615547,0.121846886653803,-0.01673384273042225,-0.02008405062597149
svb,gaussian,mapped,3,0.20627084723148764,0.17618040873854826,0.20575249278951743,0.18994981188498922,-0.0005183544419702091,0.013769403146440956
svb,gaussian,mapped,4,0.30633755837224813,0.28513037350246656,0.31056324104407673,0.2913749864561641,0.004225682671828601,0.006244612953697548
svb,gaussian,mapped,5,0.4656437625083389,0.456800563777308,0.44232086972432105,0.4242440689843138,-0.023322892784017835,-0.03255649479299416
svb,gaussian,mapped,6,0.579853235490327,0.5702607470049331,0.5841264633555361,0.5751725635097443,0.004273227865209117,0.004911816504811206
svb,gaussian,mapped,7,0.6871247498332221,0.7094785059901338,0.7095538077985007,0.7197192480118961,0.02242905796527861,0.010240742021762284
svb,gaussian,mapped,8,0.7452968645763843,0.8023960535588442,0.7262425876297159,0.7917786422623982,-0.01905427694666839,-0.010617411296446
svb,gaussian,mapped,9,0.3124749833222148,0.53276955602537,0.3603441596751711,0.5126058579438273,0.04786917635295629,-0.020163698081542725
svb,gaussian,mapped,10,0.22628418945963974,0.2572233967582805,0.20501284649138854,0.3161288737945677,-0.0212713429682512,0.058905477036287235
svb,gaussian,mapped,11,0.24709806537691792,0.25412262156448207,0.16857389035495102,0.22767360847442006,-0.0785241750219669,-0.026449013090062007
svb,gaussian,mapped,12,0.22615076717811874,0.21687808315715293,0.2060731404134139,0.22665035489779167,-0.020077626764704842,0.009772271740638744
svb,gaussian,mapped,13,0.2823215476984656,0.2701902748414376,0.30314624948602953,0.2987790384086206,0.020824701787563904,0.028588763567182984
svb,gaussian,mapped,14,0.4421614409606404,0.44270613107822415,0.4502545577439045,0.4330370449248102,0.008093116783264076,-0.009669086153413942
svb,gaussian,mapped,15,0.609472981987992,0.6080338266384777,0.6276363917310798,0.6110114579729425,0.01816340974308772,0.0029776313344648253
svb,gaussian,mapped,16,0.7879919946631088,0.8236786469344608,0.8005904037030086,0.8003039432426766,0.012598409039899838,-0.023374703691784182
svb,gaussian,mapped,17,0.9304869913275516,0.9784355179704017,0.9265722218349345,0.957894453554286,-0.003914769492617154,-0.020541064416115695
svb,gaussian,mapped,18,1.0,1.0,0.9612552747190413,1.0366590762121892,-0.038744725280958736,0.03665907621218922
svb,gaussian,mapped,19,0.8368245496997999,0.9743481324876673,0.872778628514801,0.9954079945745129,0.03595407881500112,0.021059862086845627
svb,gaussian,mapped,20,0.7695797198132087,0.9143058491895701,0.6919693941132492,0.8445644336373502,-0.07761032569995951,-0.06974141555221991
svb,gaussian,mapped,21,0.39786524349566377,0.5302325581395348,0.4853173655710589,0.6388579185897679,0.08745212207539516,0.10862536045023308
svb,gaussian,mapped,22,0.3378252168112075,0.47977448907681464,0.30920753892292485,0.4388931852659356,-0.028617677888282622,-0.04088130381087901
svb,gaussian,mapped,23,0.14776517678452303,0.3187103594080338,0.18712768772993515,0.28173728413463583,0.03936251094541213,-0.03697307527339799
svb,gaussian,mapped,24,0.12835223482321548,0.21916842847075405,0.11489867138606279,0.17592516654060902,-0.01345356343715269,-0.04324326193014502
